HIERARCHY
ROOT Hips
{
  OFFSET 0.0 0.0 0.0
  CHANNELS 6 Xposition Yposition Zposition Zrotation Xrotation Yrotation
  JOINT Joint_01
  {
    OFFSET 0.0 0.0 0.0
    CHANNELS 3 Zrotation Xrotation Yrotation
    End Site
    {
      OFFSET 0.0 0.0 0.0
    }
  }
  JOINT Joint_02
  {
    OFFSET 0.0 0.0 0.0
    CHANNELS 3 Zrotation Xrotation Yrotation
    End Site
    {
      OFFSET 0.0 0.0 0.0
    }
  }
  JOINT Joint_03
  {
    OFFSET 0.0 0.0 0.0
    CHANNELS 3 Zrotation Xrotation Yrotation
    End Site
    {
      OFFSET 0.0 0.0 0.0
    }
  }
  JOINT Joint_04
  {
    OFFSET 0.0 0.0 0.0
    CHANNELS 3 Zrotation Xrotation Yrotation
    End Site
    {
      OFFSET 0.0 0.0 0.0
    }
  }
  JOINT Joint_05
  {
    OFFSET 0.0 0.0 0.0
    CHANNELS 3 Zrotation Xrotation Yrotation
    End Site
    {
      OFFSET 0.0 0.0 0.0
    }
  }
  JOINT Joint_06
  {
    OFFSET 0.0 0.0 0.0
    CHANNELS 3 Zrotation Xrotation Yrotation
    End Site
    {
      OFFSET 0.0 0.0 0.0
    }
  }
  JOINT Joint_07
  {
    OFFSET 0.0 0.0 0.0
    CHANNELS 3 Zrotation Xrotation Yrotation
    End Site
    {
      OFFSET 0.0 0.0 0.0
    }
  }
  JOINT Joint_08
  {
    OFFSET 0.0 0.0 0.0
    CHANNELS 3 Zrotation Xrotation Yrotation
    End Site
    {
      OFFSET 0.0 0.0 0.0
    }
  }
  JOINT Joint_09
  {
    OFFSET 0.0 0.0 0.0
    CHANNELS 3 Zrotation Xrotation Yrotation
    End Site
    {
      OFFSET 0.0 0.0 0.0
    }
  }
  JOINT Joint_10
  {
    OFFSET 0.0 0.0 0.0
    CHANNELS 3 Zrotation Xrotation Yrotation
    End Site
    {
      OFFSET 0.0 0.0 0.0
    }
  }
  JOINT Joint_11
  {
    OFFSET 0.0 0.0 0.0
    CHANNELS 3 Zrotation Xrotation Yrotation
    End Site
    {
      OFFSET 0.0 0.0 0.0
    }
  }
  JOINT Joint_12
  {
    OFFSET 0.0 0.0 0.0
    CHANNELS 3 Zrotation Xrotation Yrotation
    End Site
    {
      OFFSET 0.0 0.0 0.0
    }
  }
  JOINT Joint_13
  {
    OFFSET 0.0 0.0 0.0
    CHANNELS 3 Zrotation Xrotation Yrotation
    End Site
    {
      OFFSET 0.0 0.0 0.0
    }
  }
  JOINT Joint_14
  {
    OFFSET 0.0 0.0 0.0
    CHANNELS 3 Zrotation Xrotation Yrotation
    End Site
    {
      OFFSET 0.0 0.0 0.0
    }
  }
  JOINT Joint_15
  {
    OFFSET 0.0 0.0 0.0
    CHANNELS 3 Zrotation Xrotation Yrotation
    End Site
    {
      OFFSET 0.0 0.0 0.0
    }
  }
  JOINT Joint_16
  {
    OFFSET 0.0 0.0 0.0
    CHANNELS 3 Zrotation Xrotation Yrotation
    End Site
    {
      OFFSET 0.0 0.0 0.0
    }
  }
  JOINT Joint_17
  {
    OFFSET 0.0 0.0 0.0
    CHANNELS 3 Zrotation Xrotation Yrotation
    End Site
    {
      OFFSET 0.0 0.0 0.0
    }
  }
  JOINT Joint_18
  {
    OFFSET 0.0 0.0 0.0
    CHANNELS 3 Zrotation Xrotation Yrotation
    End Site
    {
      OFFSET 0.0 0.0 0.0
    }
  }
  JOINT Joint_19
  {
    OFFSET 0.0 0.0 0.0
    CHANNELS 3 Zrotation Xrotation Yrotation
    End Site
    {
      OFFSET 0.0 0.0 0.0
    }
  }
  JOINT Joint_20
  {
    OFFSET 0.0 0.0 0.0
    CHANNELS 3 Zrotation Xrotation Yrotation
    End Site
    {
      OFFSET 0.0 0.0 0.0
    }
  }
}
MOTION
Frames: 900
Frame Time: 0.033333
0.000000 0.000000 0.000000 0.000000 0.000000 0.000000 -0.533248 -0.024035 0.004411 -0.164985 0.255777 0.150432 -0.302922 -0.406597 0.224229 -0.495981 -0.035838 0.462863 -0.495981 -0.035838 0.462863 -0.206918 0.064445 0.060178 -0.376403 -0.157331 0.177273 -0.512020 -0.005000 0.214902 -0.512020 -0.005000 0.214902 -0.374333 -0.033278 -0.347876 -0.352691 0.089516 -0.000028 -0.557573 -0.080717 0.091960 0.798652 0.096975 -0.245293 0.721376 2.144924 0.749908 1.308785 1.866374 1.054636 -0.046393 -0.033701 -0.522113 0.526749 2.052019 -0.350968 0.407966 2.460011 -0.343153 -0.622860 0.122234 0.462942 -0.505412 -0.305634 0.592486
0.000000 0.000000 0.000000 0.000000 0.000000 0.000000 -0.469542 -0.044873 0.088590 -0.207427 0.241713 0.158744 -0.464388 -0.357585 0.205228 -0.695902 -0.020108 0.368009 -0.695902 -0.020108 0.368009 -0.224824 0.054912 0.090631 -0.471018 -0.145845 0.176674 -0.652770 0.017416 0.189265 -0.652770 0.017416 0.189265 -0.456136 -0.054269 -0.285794 -0.490523 0.071713 0.054741 -0.774900 -0.136701 0.057928 0.093673 -0.323507 -0.377592 0.460274 2.030406 -0.061849 1.302619 1.925033 0.635816 0.022651 0.033838 -0.474911 0.502338 2.037980 -0.273375 0.480266 2.389281 -0.222564 -0.601346 0.219152 0.355012 -0.429800 -0.513141 0.558782
0.000000 0.000000 0.000000 0.000000 0.000000 0.000000 -0.549908 -0.089728 0.079717 -0.304615 0.178608 0.125389 -0.541247 -0.389696 0.223536 -0.713534 -0.054115 0.219985 -0.713534 -0.054115 0.219985 -0.324010 0.002200 0.038574 -0.551672 -0.129473 0.192381 -0.735592 0.020349 0.197303 -0.735592 0.020349 0.197303 -0.490530 0.091510 -0.233732 -0.469348 0.260024 0.091413 -0.741538 -0.088332 0.138390 -0.909838 -0.010791 0.292193 -0.854775 1.850745 -0.735681 0.351050 2.159063 -0.148535 0.069277 0.150037 -0.429179 0.486499 2.117391 -0.210387 0.420605 2.394292 -0.057553 -0.330298 0.114897 0.428546 -0.177189 -0.522689 0.517667
0.000000 0.000000 0.000000 0.000000 0.000000 0.000000 -0.581215 -0.127072 0.081536 -0.353236 0.174128 0.121368 -0.561502 -0.400904 0.226920 -0.695623 -0.080394 0.144396 -0.695623 -0.080394 0.144396 -0.353913 -0.005104 0.029733 -0.549854 -0.121936 0.186580 -0.722045 0.017895 0.178503 -0.722045 0.017895 0.178503 -0.485247 0.125826 -0.177674 -0.478576 0.310277 0.142713 -0.713225 -0.068525 0.133454 -0.998139 0.084470 0.381104 -1.023743 1.851139 -0.747586 0.304276 2.136286 -0.159627 0.110608 0.170697 -0.380604 0.463407 2.130510 -0.139508 0.558050 2.404289 -0.199732 -0.288078 0.054825 0.388511 -0.150715 -0.583992 0.466995
0.000000 0.000000 0.000000 0.000000 0.000000 0.000000 -0.577342 -0.126818 0.084719 -0.357929 0.180062 0.120039 -0.566863 -0.399675 0.230932 -0.698000 -0.086381 0.133058 -0.698000 -0.086381 0.133058 -0.358305 0.001209 0.029316 -0.554567 -0.123256 0.191813 -0.731622 0.014887 0.184033 -0.731622 0.014887 0.184033 -0.491982 0.124566 -0.173549 -0.489253 0.309070 0.145223 -0.717782 -0.068376 0.133082 -1.008924 0.080569 0.379082 -1.027338 1.844908 -0.759978 0.320878 2.113648 -0.159984 0.117197 0.167626 -0.364962 0.450604 2.123137 -0.123623 0.556125 2.385186 -0.172989 -0.280569 0.051670 0.382945 -0.145549 -0.586659 0.459196
0.000000 0.000000 0.000000 0.000000 0.000000 0.000000 -0.574377 -0.132869 0.095050 -0.368689 0.173572 0.113116 -0.574854 -0.395721 0.230868 -0.695219 -0.093032 0.111856 -0.695219 -0.093032 0.111856 -0.358627 -0.004295 0.024470 -0.543685 -0.123097 0.190170 -0.720490 0.017681 0.179850 -0.720490 0.017681 0.179850 -0.494569 0.128455 -0.155153 -0.498335 0.317611 0.164020 -0.720992 -0.057741 0.130728 -1.016811 0.073419 0.372289 -1.024408 1.835115 -0.770445 0.351923 2.074781 -0.147994 0.115490 0.169581 -0.358420 0.443197 2.127588 -0.120754 0.573812 2.375339 -0.167774 -0.284293 0.036314 0.361986 -0.155993 -0.603068 0.440664
0.000000 0.000000 0.000000 0.000000 0.000000 0.000000 -0.581805 -0.139095 0.092489 -0.383000 0.172518 0.113633 -0.584924 -0.399662 0.231842 -0.698964 -0.097654 0.094425 -0.698964 -0.097654 0.094425 -0.369181 -0.005933 0.024960 -0.550568 -0.118406 0.191583 -0.727946 0.020801 0.179194 -0.727946 0.020801 0.179194 -0.487470 0.136656 -0.139977 -0.492129 0.324389 0.179402 -0.712058 -0.050905 0.129299 -1.008945 0.084019 0.377173 -1.028350 1.839194 -0.754739 0.352263 2.059489 -0.121393 0.115262 0.164753 -0.343923 0.425713 2.109191 -0.114298 0.547667 2.327315 -0.157727 -0.275606 0.017926 0.351000 -0.151454 -0.621681 0.427662
0.000000 0.000000 0.000000 0.000000 0.000000 0.000000 -0.581938 -0.159830 0.098841 -0.415808 0.175735 0.118947 -0.590143 -0.402193 0.233707 -0.687960 -0.101466 0.060292 -0.687960 -0.101466 0.060292 -0.384671 -0.005837 0.026869 -0.541335 -0.114731 0.187376 -0.727328 0.015086 0.183898 -0.727328 0.015086 0.183898 -0.499961 0.126463 -0.120009 -0.530188 0.328668 0.192359 -0.733719 -0.040839 0.128707 -1.023545 0.062639 0.380266 -1.031049 1.834152 -0.780308 0.401317 1.990020 -0.086938 0.119306 0.168084 -0.333909 0.419552 2.120984 -0.102129 0.517214 2.289307 -0.041511 -0.268123 0.013600 0.330897 -0.150879 -0.626665 0.405938
0.000000 0.000000 0.000000 0.000000 0.000000 0.000000 -0.569522 -0.162278 0.093680 -0.415706 0.182568 0.115191 -0.589787 -0.406454 0.239388 -0.684245 -0.103070 0.056018 -0.684245 -0.103070 0.056018 -0.382002 -0.001185 0.027673 -0.540898 -0.120412 0.193750 -0.734602 0.009329 0.184307 -0.734602 0.009329 0.184307 -0.508865 0.126991 -0.117543 -0.539869 0.326885 0.196013 -0.735597 -0.040245 0.130466 -1.031286 0.055695 0.384017 -1.036034 1.831940 -0.790681 0.392679 1.981462 -0.096807 0.126947 0.169319 -0.336406 0.429466 2.138007 -0.092755 0.562760 2.330394 -0.058896 -0.247378 0.013829 0.328833 -0.131698 -0.626393 0.397150
0.000000 0.000000 0.000000 0.000000 0.000000 0.000000 -0.584653 -0.176653 0.087399 -0.462983 0.186159 0.111284 -0.615056 -0.412692 0.238574 -0.689635 -0.123135 0.038567 -0.689635 -0.123135 0.038567 -0.411716 -0.003121 0.019203 -0.543659 -0.111145 0.192279 -0.739474 0.009614 0.193308 -0.739474 0.009614 0.193308 -0.507045 0.131357 -0.096563 -0.547552 0.339323 0.212332 -0.732163 -0.026290 0.139340 -1.023171 0.056903 0.370960 -1.021259 1.827625 -0.783130 0.428616 1.953300 -0.039974 0.123772 0.173676 -0.339819 0.427610 2.115632 -0.103600 0.569711 2.323339 -0.054303 -0.253949 -0.013549 0.309674 -0.144585 -0.653597 0.381331
0.000000 0.000000 0.000000 0.000000 0.000000 0.000000 -0.568955 -0.173332 0.094586 -0.456849 0.190090 0.117849 -0.609585 -0.415509 0.238481 -0.685705 -0.122448 0.033498 -0.685705 -0.122448 0.033498 -0.404096 -0.007090 0.026536 -0.535996 -0.114395 0.194176 -0.734836 0.010977 0.194455 -0.734836 0.010977 0.194455 -0.509597 0.128444 -0.096832 -0.553801 0.339038 0.210538 -0.734911 -0.026187 0.139210 -1.022763 0.052280 0.376359 -1.024526 1.826301 -0.781392 0.421630 1.941971 -0.031157 0.118900 0.173731 -0.337022 0.421112 2.113340 -0.107225 0.568386 2.316030 -0.074011 -0.242211 -0.011414 0.303274 -0.135428 -0.651400 0.371251
0.000000 0.000000 0.000000 0.000000 0.000000 0.000000 -0.571860 -0.184291 0.086930 -0.469192 0.192351 0.107504 -0.616793 -0.421170 0.241654 -0.686205 -0.128671 0.022723 -0.686205 -0.128671 0.022723 -0.410557 -0.013402 0.019153 -0.528808 -0.107870 0.192613 -0.726830 0.018951 0.193387 -0.726830 0.018951 0.193387 -0.517948 0.131374 -0.082960 -0.562606 0.341312 0.225013 -0.741630 -0.023954 0.144333 -1.029163 0.047921 0.374445 -1.023916 1.826587 -0.793358 0.412363 1.910002 -0.033424 0.117163 0.169139 -0.334146 0.416966 2.111194 -0.106581 0.558573 2.295584 -0.068775 -0.229418 -0.002441 0.309688 -0.120917 -0.642679 0.373122
0.000000 0.000000 0.000000 0.000000 0.000000 0.000000 -0.561540 -0.191379 0.093912 -0.480043 0.201698 0.111123 -0.621965 -0.422440 0.240255 -0.689272 -0.133410 0.015795 -0.689272 -0.133410 0.015795 -0.403900 -0.005900 0.024927 -0.490043 -0.129202 0.183088 -0.679801 0.002616 0.164924 -0.679801 0.002616 0.164924 -0.533077 0.130239 -0.063474 -0.570497 0.347411 0.239417 -0.715406 -0.009446 0.139830 -1.012812 0.083501 0.382165 -1.033825 1.843551 -0.760550 0.420680 1.921757 0.001646 0.119794 0.164905 -0.312512 0.397523 2.117008 -0.087928 0.525759 2.285581 -0.073022 -0.209457 -0.016459 0.288412 -0.108893 -0.656404 0.346291
0.000000 0.000000 0.000000 0.000000 0.000000 0.000000 -0.579491 -0.196063 0.090408 -0.495703 0.201246 0.110913 -0.619228 -0.423708 0.245345 -0.678842 -0.143041 0.024287 -0.678842 -0.143041 0.024287 -0.442847 -0.000936 0.021779 -0.532312 -0.115165 0.196140 -0.729256 0.006278 0.180280 -0.729256 0.006278 0.180280 -0.546757 0.123966 -0.067003 -0.595166 0.339100 0.237685 -0.736890 -0.020637 0.148222 -1.027516 0.057059 0.385075 -1.036465 1.829228 -0.782373 0.404099 1.885947 0.006316 0.133109 0.154378 -0.321178 0.416383 2.121096 -0.076869 0.593685 2.287688 -0.023127 -0.225594 -0.018336 0.276115 -0.128281 -0.659418 0.339771
0.000000 0.000000 0.000000 0.000000 0.000000 0.000000 -0.562704 -0.204922 0.095279 -0.499420 0.208438 0.109790 -0.619789 -0.429400 0.245689 -0.679711 -0.150999 0.021003 -0.679711 -0.150999 0.021003 -0.436558 -0.002741 0.023337 -0.497717 -0.125466 0.187846 -0.687709 0.002157 0.157018 -0.687709 0.002157 0.157018 -0.565297 0.118678 -0.059205 -0.630247 0.340542 0.239942 -0.730291 -0.021129 0.154877 -1.032530 0.063090 0.383127 -1.040724 1.825388 -0.783385 0.380049 1.853392 0.017983 0.115969 0.154381 -0.319251 0.401422 2.109032 -0.095558 0.551192 2.268302 -0.045975 -0.221167 -0.015653 0.273117 -0.125023 -0.656551 0.335361
0.000000 0.000000 0.000000 0.000000 0.000000 0.000000 -0.578864 -0.209796 0.088578 -0.517989 0.210714 0.106379 -0.616152 -0.435274 0.247478 -0.673886 -0.151570 0.024706 -0.673886 -0.151570 0.024706 -0.461638 -0.007735 0.017253 -0.499916 -0.118313 0.185524 -0.685558 -0.008426 0.152154 -0.685558 -0.008426 0.152154 -0.578999 0.121538 -0.049705 -0.643044 0.340879 0.251732 -0.740137 -0.022799 0.167576 -1.031746 0.037797 0.384430 -1.032789 1.816948 -0.789965 0.383236 1.812211 0.031163 0.122896 0.145060 -0.319526 0.406261 2.104453 -0.087606 0.581387 2.270299 0.035126 -0.205440 -0.016318 0.272391 -0.110129 -0.657298 0.329556
0.000000 0.000000 0.000000 0.000000 0.000000 0.000000 -0.570264 -0.200155 0.092046 -0.523354 0.214564 0.112137 -0.615335 -0.437241 0.249662 -0.673394 -0.156062 0.021283 -0.673394 -0.156062 0.021283 -0.471713 -0.003722 0.021732 -0.501810 -0.121919 0.195396 -0.691592 -0.007319 0.140085 -0.691592 -0.007319 0.140085 -0.581762 0.123233 -0.057952 -0.647782 0.338234 0.243671 -0.743036 -0.024486 0.165304 -1.032135 0.046161 0.383525 -1.033465 1.825690 -0.792786 0.399919 1.774955 0.040576 0.128491 0.152020 -0.326292 0.417724 2.113267 -0.085931 0.636437 2.277018 0.053604 -0.200827 -0.016133 0.268547 -0.107021 -0.656685 0.324301
0.000000 0.000000 0.000000 0.000000 0.000000 0.000000 -0.585438 -0.193266 0.078661 -0.542266 0.210344 0.108400 -0.622868 -0.434644 0.254043 -0.672633 -0.151969 0.014464 -0.672633 -0.151969 0.014464 -0.502662 0.001509 0.017876 -0.509730 -0.126138 0.195741 -0.699508 -0.018154 0.143013 -0.699508 -0.018154 0.143013 -0.579445 0.141387 -0.047328 -0.642401 0.341705 0.262362 -0.721683 -0.019826 0.173863 -1.024441 0.083645 0.388622 -1.048444 1.833628 -0.764282 0.399110 1.758710 0.079586 0.116015 0.151192 -0.302248 0.383887 2.106711 -0.084336 0.558436 2.269005 0.090038 -0.195465 -0.030027 0.261193 -0.104301 -0.670913 0.315706
0.000000 0.000000 0.000000 0.000000 0.000000 0.000000 -0.569778 -0.211709 0.089175 -0.539271 0.224424 0.115059 -0.613029 -0.438059 0.248528 -0.671569 -0.154359 0.019352 -0.671569 -0.154359 0.019352 -0.519341 -0.003976 0.021267 -0.525924 -0.103655 0.199371 -0.728283 0.006658 0.155279 -0.728283 0.006658 0.155279 -0.591388 0.116438 -0.052126 -0.660889 0.334837 0.246602 -0.745070 -0.032271 0.182058 -1.032378 0.052238 0.390706 -1.044086 1.821687 -0.782723 0.375266 1.727384 0.084673 0.101340 0.157935 -0.313708 0.385231 2.105576 -0.108230 0.585820 2.287978 -0.070916 -0.201361 -0.018673 0.253841 -0.112143 -0.660758 0.310403
0.000000 0.000000 0.000000 0.000000 0.000000 0.000000 -0.587253 -0.212800 0.084408 -0.553697 0.224844 0.112448 -0.625313 -0.440334 0.249175 -0.681329 -0.160078 0.016703 -0.681329 -0.160078 0.016703 -0.532846 0.006193 0.017064 -0.528703 -0.109309 0.198219 -0.728911 0.002935 0.159757 -0.728911 0.002935 0.159757 -0.586217 0.116711 -0.048915 -0.655317 0.328183 0.254378 -0.744795 -0.037874 0.184291 -1.028990 0.051103 0.392561 -1.043410 1.822681 -0.778812 0.381551 1.729051 0.089783 0.114574 0.143984 -0.301764 0.380888 2.090649 -0.086956 0.557785 2.269560 0.001276 -0.198603 -0.021639 0.251346 -0.110297 -0.663922 0.307155
0.000000 0.000000 0.000000 0.000000 0.000000 0.000000 -0.577095 -0.216812 0.076715 -0.557180 0.219028 0.103347 -0.622571 -0.441885 0.252920 -0.682315 -0.162078 0.019656 -0.682315 -0.162078 0.019656 -0.537521 -0.007717 0.012777 -0.524241 -0.105784 0.192133 -0.730410 0.002788 0.179701 -0.730410 0.002788 0.179701 -0.569208 0.123121 -0.037923 -0.639811 0.343760 0.262032 -0.752632 -0.023968 0.192995 -1.033157 0.050728 0.388625 -1.042580 1.818870 -0.783532 0.383363 1.697689 0.099999 0.113740 0.145768 -0.312733 0.392004 2.095456 -0.094398 0.662016 2.289507 0.029529 -0.189107 -0.021871 0.260384 -0.098354 -0.663056 0.312737
0.000000 0.000000 0.000000 0.000000 0.000000 0.000000 -0.570407 -0.213366 0.087393 -0.557406 0.222484 0.108697 -0.621041 -0.439732 0.255698 -0.685609 -0.168470 0.024758 -0.685609 -0.168470 0.024758 -0.539608 -0.004447 0.016122 -0.521407 -0.108076 0.196669 -0.731847 0.010828 0.178781 -0.731847 0.010828 0.178781 -0.576662 0.117200 -0.043716 -0.654917 0.341841 0.252315 -0.757189 -0.025620 0.195090 -1.031541 0.040458 0.387721 -1.036846 1.817412 -0.786799 0.395464 1.642644 0.093532 0.087867 0.162478 -0.304904 0.366003 2.099260 -0.118071 0.621287 2.282151 -0.076912 -0.189300 -0.015752 0.248387 -0.102379 -0.657361 0.301119
0.000000 0.000000 0.000000 0.000000 0.000000 0.000000 -0.565359 -0.221571 0.078722 -0.553194 0.230944 0.111774 -0.615478 -0.446531 0.253120 -0.685765 -0.162746 0.026885 -0.685765 -0.162746 0.026885 -0.540339 -0.005661 0.018447 -0.516154 -0.108620 0.196537 -0.737795 0.017715 0.184804 -0.737795 0.017715 0.184804 -0.573443 0.116796 -0.033354 -0.658576 0.340585 0.261630 -0.753435 -0.027984 0.199238 -1.018857 0.028017 0.384251 -1.022861 1.813843 -0.776747 0.434538 1.587555 0.127751 0.091933 0.160498 -0.297634 0.360790 2.093618 -0.109737 0.595503 2.262659 -0.081158 -0.171165 -0.018102 0.243923 -0.086305 -0.660329 0.290988
0.000000 0.000000 0.000000 0.000000 0.000000 0.000000 -0.580535 -0.224766 0.081418 -0.570058 0.228192 0.109359 -0.629017 -0.447670 0.254930 -0.695035 -0.171442 0.027391 -0.695035 -0.171442 0.027391 -0.551167 0.001343 0.016645 -0.512646 -0.111377 0.195151 -0.732403 0.016760 0.186277 -0.732403 0.016760 0.186277 -0.564523 0.113685 -0.033118 -0.649328 0.336833 0.263712 -0.754009 -0.031880 0.200191 -1.025094 0.034754 0.387872 -1.031459 1.816970 -0.781376 0.431669 1.571807 0.126495 0.113675 0.140482 -0.299469 0.377321 2.083827 -0.086908 0.636076 2.260385 0.003068 -0.167856 -0.010269 0.243594 -0.083165 -0.652679 0.289481
0.000000 0.000000 0.000000 0.000000 0.000000 0.000000 -0.580254 -0.227858 0.076615 -0.568936 0.234084 0.110332 -0.625668 -0.451423 0.255679 -0.688183 -0.173482 0.026890 -0.688183 -0.173482 0.026890 -0.553330 -0.005923 0.018268 -0.512596 -0.103405 0.194173 -0.732690 0.019433 0.187508 -0.732690 0.019433 0.187508 -0.565953 0.112211 -0.031487 -0.646750 0.336669 0.264125 -0.749160 -0.031929 0.203027 -1.022372 0.038525 0.390707 -1.033730 1.819686 -0.776285 0.427420 1.567113 0.126891 0.115332 0.144342 -0.296161 0.375095 2.085516 -0.083508 0.639170 2.271029 0.035517 -0.166531 -0.012194 0.242730 -0.082132 -0.654954 0.288266
0.000000 0.000000 0.000000 0.000000 0.000000 0.000000 -0.576549 -0.222636 0.077675 -0.574485 0.234363 0.110503 -0.630885 -0.453525 0.254641 -0.690673 -0.178536 0.021084 -0.690673 -0.178536 0.021084 -0.553559 -0.013668 0.018219 -0.509704 -0.097614 0.191491 -0.734277 0.017149 0.188722 -0.734277 0.017149 0.188722 -0.555611 0.116314 -0.034890 -0.636746 0.341736 0.261243 -0.748084 -0.028741 0.202824 -1.024907 0.040478 0.386624 -1.031933 1.819760 -0.780597 0.436640 1.557176 0.136774 0.095588 0.144665 -0.293542 0.359017 2.085256 -0.101863 0.614612 2.253901 0.049357 -0.169349 -0.018326 0.241259 -0.085340 -0.661199 0.287863
0.000000 0.000000 0.000000 0.000000 0.000000 0.000000 -0.578016 -0.216684 0.085618 -0.581183 0.236229 0.111522 -0.633670 -0.457782 0.257242 -0.691082 -0.180710 0.016860 -0.691082 -0.180710 0.016860 -0.557049 -0.006597 0.016386 -0.503752 -0.105887 0.195801 -0.732633 0.029685 0.188378 -0.732633 0.029685 0.188378 -0.544545 0.113684 -0.045903 -0.625517 0.332367 0.254516 -0.750424 -0.040886 0.208218 -1.023769 0.040050 0.389187 -1.032931 1.822422 -0.780075 0.378255 1.528654 0.083059 0.087414 0.139606 -0.292380 0.353089 2.089262 -0.107829 0.614648 2.242851 0.063399 -0.177781 0.003246 0.235387 -0.095280 -0.639576 0.284588
0.000000 0.000000 0.000000 0.000000 0.000000 0.000000 -0.578990 -0.207110 0.072541 -0.577749 0.243020 0.112018 -0.633329 -0.451056 0.256144 -0.686351 -0.175150 0.016979 -0.686351 -0.175150 0.016979 -0.572317 -0.001547 0.018085 -0.501737 -0.097362 0.194606 -0.735212 0.019568 0.194470 -0.735212 0.019568 0.194470 -0.540849 0.123025 -0.056580 -0.596796 0.316725 0.257229 -0.738777 -0.061276 0.219056 -1.027362 0.053419 0.389791 -1.040867 1.823082 -0.777110 0.355894 1.532749 0.102469 0.096770 0.126909 -0.303342 0.370579 2.083551 -0.104068 0.670289 2.253894 0.056229 -0.160200 -0.009782 0.249900 -0.073649 -0.652733 0.293113
0.000000 0.000000 0.000000 0.000000 0.000000 0.000000 -0.577812 -0.197827 0.078340 -0.585822 0.231367 0.110221 -0.637797 -0.452213 0.257771 -0.687842 -0.170133 0.013711 -0.687842 -0.170133 0.013711 -0.557999 -0.004954 0.018703 -0.460741 -0.117490 0.185868 -0.687226 0.002308 0.169887 -0.687226 0.002308 0.169887 -0.546381 0.133240 -0.054844 -0.584574 0.322658 0.261435 -0.741182 -0.056688 0.225147 -1.026655 0.040344 0.383864 -1.030431 1.818571 -0.783461 0.359052 1.491508 0.085487 0.107114 0.215123 -0.302310 0.385405 2.194935 -0.090221 0.603568 2.509169 -0.181323 -0.165088 0.000214 0.229218 -0.085059 -0.642925 0.274572
0.000000 0.000000 0.000000 0.000000 0.000000 0.000000 -0.597170 -0.199893 0.067226 -0.605595 0.236733 0.100109 -0.647775 -0.460165 0.267163 -0.692000 -0.171280 0.010645 -0.692000 -0.171280 0.010645 -0.599462 -0.001018 0.008229 -0.506343 -0.104464 0.196087 -0.740350 0.009917 0.183107 -0.740350 0.009917 0.183107 -0.545011 0.137909 -0.050551 -0.582209 0.309250 0.273070 -0.750375 -0.071281 0.228341 -1.027799 0.038829 0.388611 -1.034305 1.820621 -0.784910 0.381247 1.483105 0.121271 0.113416 0.130671 -0.300614 0.377434 2.072207 -0.088086 0.652429 2.279226 -0.002034 -0.157885 0.009527 0.239846 -0.074601 -0.633689 0.282360
0.000000 0.000000 0.000000 0.000000 0.000000 0.000000 -0.598110 -0.192374 0.066914 -0.603185 0.246269 0.105584 -0.649980 -0.463972 0.264962 -0.692855 -0.188835 -0.002307 -0.692855 -0.188835 -0.002307 -0.615312 0.003723 0.013449 -0.505904 -0.100826 0.194982 -0.736224 0.012026 0.186581 -0.736224 0.012026 0.186581 -0.549411 0.134538 -0.070772 -0.581644 0.300835 0.254720 -0.758461 -0.082813 0.239464 -1.038882 0.045116 0.391558 -1.046023 1.817776 -0.791869 0.372898 1.473437 0.132001 0.060449 0.199487 -0.338665 0.375969 2.084104 -0.177301 0.916780 2.446182 -0.631529 -0.160061 0.005235 0.249377 -0.073625 -0.637732 0.292324
0.000000 0.000000 0.000000 0.000000 0.000000 0.000000 -0.599003 -0.155638 0.060600 -0.669990 0.303850 0.101639 -0.751024 -0.496708 0.297995 -0.788012 -0.291335 0.019333 -0.788012 -0.291335 0.019333 -0.613596 0.025340 0.014071 -0.524541 -0.095455 0.209825 -0.768058 0.014151 0.183002 -0.768058 0.014151 0.183002 -0.518902 0.170710 -0.087424 -0.539227 0.261292 0.265474 -0.760909 -0.130014 0.241418 -1.137284 0.047206 0.444701 -1.153747 1.780022 -0.864526 0.243673 1.509710 0.174398 -0.034249 -0.075065 -0.300910 0.285605 1.974225 -0.217303 1.008164 1.480316 -0.277750 -0.163397 0.021180 0.251087 -0.075809 -0.624547 0.294950
0.000000 0.000000 0.000000 0.000000 0.000000 0.000000 -0.583236 -0.155300 0.051614 -0.669319 0.296904 0.098732 -0.744622 -0.502762 0.296821 -0.770744 -0.286521 0.008464 -0.770744 -0.286521 0.008464 -0.602414 0.010421 0.011385 -0.518605 -0.095072 0.209260 -0.764877 0.013879 0.186131 -0.764877 0.013879 0.186131 -0.521728 0.180625 -0.078587 -0.534893 0.269816 0.272444 -0.752248 -0.122599 0.245002 -1.164910 0.051542 0.456696 -1.182446 1.769555 -0.885029 0.194254 1.539595 0.189415 0.004976 -0.021494 -0.299538 0.309391 2.016628 -0.179703 0.993702 1.370341 -0.271011 -0.175752 0.037537 0.248532 -0.088461 -0.608035 0.296237
0.000000 0.000000 0.000000 0.000000 0.000000 0.000000 -0.580258 -0.149537 0.038407 -0.675771 0.307578 0.113769 -0.748685 -0.502264 0.292560 -0.767039 -0.283294 -0.004508 -0.767039 -0.283294 -0.004508 -0.596354 0.019156 0.025401 -0.508959 -0.087815 0.202337 -0.758037 0.009245 0.178953 -0.758037 0.009245 0.178953 -0.520862 0.188488 -0.082001 -0.524482 0.253710 0.273364 -0.720957 -0.134031 0.246638 -1.148415 0.077584 0.461947 -1.190273 1.777851 -0.849072 0.190928 1.570417 0.234247 0.029196 -0.005695 -0.281793 0.307542 2.037510 -0.144007 0.951276 1.537594 -0.253309 -0.166922 0.018818 0.228396 -0.086752 -0.626224 0.274206
0.000000 0.000000 0.000000 0.000000 0.000000 0.000000 -0.572578 -0.129805 0.061958 -0.692847 0.304958 0.113838 -0.776274 -0.503650 0.290034 -0.792947 -0.309137 0.008297 -0.792947 -0.309137 0.008297 -0.594006 0.008503 0.016878 -0.507615 -0.088276 0.207782 -0.756114 0.008548 0.180653 -0.756114 0.008548 0.180653 -0.523972 0.200754 -0.086247 -0.536376 0.248903 0.275330 -0.738611 -0.145718 0.252927 -1.142663 0.061295 0.459384 -1.178511 1.773945 -0.850028 0.201459 1.578634 0.239006 -0.030368 -0.053002 -0.266377 0.256306 2.016906 -0.191683 0.825061 1.460687 -0.257767 -0.179626 0.025615 0.226485 -0.099452 -0.620148 0.276441
0.000000 0.000000 0.000000 0.000000 0.000000 0.000000 -0.569422 -0.093619 0.051605 -0.700265 0.302265 0.108722 -0.772750 -0.504525 0.298562 -0.779140 -0.301564 -0.009631 -0.779140 -0.301564 -0.009631 -0.586625 0.005431 0.017934 -0.503628 -0.092474 0.210751 -0.755091 0.035756 0.190729 -0.755091 0.035756 0.190729 -0.538910 0.239381 -0.092609 -0.561786 0.216825 0.281536 -0.732846 -0.175573 0.259349 -1.156329 0.035353 0.458963 -1.172698 1.769486 -0.882955 0.152282 1.585357 0.269574 -0.021837 -0.088801 -0.263159 0.261338 2.017663 -0.176210 0.882125 1.422081 -0.012202 -0.173666 0.040354 0.220449 -0.095454 -0.606772 0.268546
0.000000 0.000000 0.000000 0.000000 0.000000 0.000000 -0.564358 -0.095538 0.030241 -0.701592 0.313519 0.107632 -0.776280 -0.513135 0.298252 -0.781210 -0.314404 -0.010912 -0.781210 -0.314404 -0.010912 -0.580846 0.005101 0.022229 -0.497015 -0.093834 0.205553 -0.748272 0.029004 0.189992 -0.748272 0.029004 0.189992 -0.535528 0.243264 -0.088246 -0.557088 0.211423 0.284015 -0.720139 -0.176435 0.259560 -1.144230 0.043794 0.454756 -1.166104 1.774816 -0.867075 0.164075 1.589798 0.282746 0.023345 -0.035820 -0.266287 0.289790 2.036634 -0.136393 0.914582 1.474671 0.015385 -0.168220 0.043632 0.220680 -0.090269 -0.602466 0.266885
0.000000 0.000000 0.000000 0.000000 0.000000 0.000000 -0.579469 -0.094799 0.040130 -0.807088 0.310472 0.110014 -0.978605 -0.499156 0.330025 -1.077167 -0.317755 0.064032 -1.077167 -0.317755 0.064032 -0.593712 0.014262 0.015185 -0.511216 -0.092820 0.206160 -0.763967 0.012193 0.191242 -0.763967 0.012193 0.191242 -0.545207 0.243780 -0.084115 -0.572043 0.201866 0.290308 -0.730217 -0.187954 0.266329 -1.165758 0.039753 0.457217 -1.179343 1.763097 -0.888169 0.144571 1.587386 0.267290 0.009220 -0.029785 -0.270293 0.283293 2.023589 -0.155758 0.901994 1.460972 0.003428 -0.177534 0.041704 0.215206 -0.100905 -0.605213 0.264722
0.000000 0.000000 0.000000 0.000000 0.000000 0.000000 -0.555916 -0.083508 0.047168 -0.717515 0.314851 0.110816 -0.788816 -0.502976 0.296717 -0.813822 -0.299276 0.041772 -0.813822 -0.299276 0.041772 -0.550442 0.008104 0.026419 -0.456790 -0.095803 0.198113 -0.703428 0.013357 0.167076 -0.703428 0.013357 0.167076 -0.547117 0.247282 -0.089111 -0.592431 0.190309 0.285770 -0.733205 -0.199777 0.276719 -1.071856 0.051341 0.442270 -1.120581 1.787069 -0.780716 0.211142 1.571183 0.360441 -0.028186 -0.095130 -0.272305 0.266665 2.009220 -0.188024 0.950739 1.374642 0.025174 -0.166218 0.037130 0.201462 -0.094552 -0.609937 0.247865
0.000000 0.000000 0.000000 0.000000 0.000000 0.000000 -0.589307 -0.084087 0.016458 -0.743945 0.305735 0.107714 -0.811965 -0.526444 0.301024 -0.827066 -0.314893 0.025470 -0.827066 -0.314893 0.025470 -0.593359 0.005456 0.015329 -0.512566 -0.091891 0.206550 -0.767891 0.015631 0.168957 -0.767891 0.015631 0.168957 -0.538809 0.261002 -0.080115 -0.591306 0.193553 0.291947 -0.731189 -0.196239 0.280138 -1.133902 0.033199 0.441524 -1.146324 1.767024 -0.859218 0.156210 1.552301 0.302841 -0.023248 -0.042750 -0.271615 0.266162 2.024330 -0.188079 0.890016 1.415094 -0.002029 -0.172255 0.053374 0.202795 -0.099935 -0.592776 0.250837
0.000000 0.000000 0.000000 0.000000 0.000000 0.000000 -0.538471 -0.053646 0.032883 -0.824214 0.306706 0.103612 -1.017406 -0.497966 0.338012 -1.216717 -0.224792 0.273335 -1.216717 -0.224792 0.273335 -0.567231 0.001659 0.026596 -0.494338 -0.089572 0.200791 -0.756456 0.012353 0.185254 -0.756456 0.012353 0.185254 -0.520388 0.288194 -0.085441 -0.615120 0.168205 0.282886 -0.735348 -0.222898 0.288736 -1.202656 0.026920 0.472359 -1.206221 1.749672 -0.930470 0.080748 1.609756 0.277454 0.011865 -0.040578 -0.278805 0.292580 2.008376 -0.158335 0.922588 1.339631 0.016111 -0.170271 0.051938 0.202852 -0.097822 -0.595853 0.250367
0.000000 0.000000 0.000000 0.000000 0.000000 0.000000 -0.559550 -0.041507 0.027391 -0.860631 0.309867 0.098399 -1.018123 -0.515508 0.330681 -1.287830 -0.132126 0.420666 -1.287830 -0.132126 0.420666 -0.585848 -0.004854 0.003609 -0.513965 -0.085888 0.217744 -0.780589 0.012387 0.187610 -0.780589 0.012387 0.187610 -0.528110 0.307866 -0.062235 -0.642963 0.140789 0.285992 -0.731574 -0.242673 0.299461 -1.191967 0.034458 0.479325 -1.213341 1.746815 -0.903930 0.078521 1.595599 0.293551 0.013443 -0.044329 -0.281415 0.296236 2.006074 -0.157994 0.883903 1.367494 0.000100 -0.163903 0.072853 0.187202 -0.096750 -0.574719 0.232946
0.000000 0.000000 0.000000 0.000000 0.000000 0.000000 -0.556500 -0.012127 0.012329 -0.869606 0.293351 0.090006 -1.033661 -0.513125 0.340177 -1.293304 -0.114185 0.415454 -1.293304 -0.114185 0.415454 -0.596012 0.002623 0.015575 -0.530576 -0.100960 0.212108 -0.811440 0.015358 0.179086 -0.811440 0.015358 0.179086 -0.520356 0.343054 -0.057633 -0.650269 0.142444 0.288004 -0.735219 -0.250669 0.329818 -1.228943 0.045644 0.496864 -1.270800 1.684705 -0.880403 0.037170 1.634954 0.323961 -0.036114 -0.049764 -0.270918 0.245099 1.934633 -0.208130 0.817771 1.319892 -0.000728 -0.119772 0.106708 0.255100 -0.031840 -0.543103 0.283421
0.000000 0.000000 0.000000 0.000000 0.000000 0.000000 -0.557337 0.002560 0.012509 -0.873092 0.300811 0.087845 -1.030725 -0.516881 0.348460 -1.283171 -0.118500 0.413090 -1.283171 -0.118500 0.413090 -0.600268 0.006617 0.018827 -0.527475 -0.102267 0.213409 -0.814149 0.011091 0.169399 -0.814149 0.011091 0.169399 -0.512989 0.357489 -0.058788 -0.663942 0.126818 0.267933 -0.744973 -0.260769 0.330721 -1.242179 0.062680 0.499573 -1.287268 1.686787 -0.887124 0.029177 1.622757 0.301364 -0.075570 -0.038212 -0.273830 0.219153 1.919776 -0.251237 0.779355 1.298070 -0.017634 -0.123758 0.109740 0.279837 -0.027636 -0.539127 0.308363
0.000000 0.000000 0.000000 0.000000 0.000000 0.000000 -0.561567 0.032863 -0.014687 -0.878705 0.297501 0.088501 -1.029299 -0.502511 0.351084 -1.282989 -0.102477 0.410495 -1.282989 -0.102477 0.410495 -0.599681 0.009923 0.013840 -0.510370 -0.099009 0.210615 -0.818765 0.012155 0.185584 -0.818765 0.012155 0.185584 -0.505594 0.392611 -0.032768 -0.673811 0.097292 0.243339 -0.728094 -0.283218 0.333611 -1.344356 0.073442 0.519880 -1.362849 1.659430 -0.992693 -0.056670 1.634931 0.208695 0.014992 -0.056038 -0.276990 0.280975 1.910126 -0.163277 0.854874 1.291664 0.056175 -0.124646 0.123127 0.298274 -0.022281 -0.526347 0.326104
0.000000 0.000000 0.000000 0.000000 0.000000 0.000000 -0.548750 0.058134 0.001097 -0.884923 0.290334 0.085855 -1.041424 -0.510427 0.366245 -1.292717 -0.138472 0.406281 -1.292717 -0.138472 0.406281 -0.579561 0.004454 0.018752 -0.479375 -0.101399 0.218587 -0.807289 0.017079 0.182582 -0.807289 0.017079 0.182582 -0.503988 0.415498 -0.035421 -0.710903 0.090782 0.208137 -0.717046 -0.274452 0.325547 -1.296530 0.076342 0.522098 -1.342620 1.673112 -0.931530 -0.006126 1.687441 0.258997 0.008151 -0.036720 -0.270345 0.270429 1.925715 -0.166754 0.853201 1.321583 0.087312 -0.106915 0.096509 0.315700 0.000128 -0.551205 0.337486
0.000000 0.000000 0.000000 0.000000 0.000000 0.000000 -0.625896 0.004171 0.030227 -0.916300 0.404507 0.041307 -0.915907 -0.580170 0.383701 -1.072533 -0.369236 0.368808 -1.072533 -0.369236 0.368808 -0.638085 0.045057 0.005629 -0.497002 -0.098779 0.229162 -0.843022 0.054677 0.211342 -0.843022 0.054677 0.211342 -0.484515 0.361254 -0.005024 -0.748816 0.009197 0.181537 -0.766701 -0.340779 0.330608 -1.240995 -0.136066 0.540644 -1.274453 1.514421 -0.847783 -0.063884 1.611827 0.401134 -0.068552 -0.121187 -0.233020 0.173833 1.787911 -0.217763 0.724196 1.221630 0.079403 -0.343858 0.054209 0.244215 -0.251375 -0.586759 0.346315
0.000000 0.000000 0.000000 0.000000 0.000000 0.000000 -0.602317 0.008932 -0.014476 -0.920904 0.413264 0.039714 -0.915455 -0.577465 0.389489 -1.011328 -0.424359 0.287319 -1.011328 -0.424359 0.287319 -0.603653 0.030933 0.024230 -0.461643 -0.081808 0.200210 -0.809264 -0.002651 0.177888 -0.809264 -0.002651 0.177888 -0.473031 0.366056 0.004801 -0.760884 0.014134 0.214052 -0.764230 -0.355657 0.323147 -1.337973 -0.187752 0.578461 -1.343485 1.433505 -0.927729 -0.168439 1.673856 0.370652 -0.087807 -0.110608 -0.207284 0.136153 1.791750 -0.219608 0.689620 1.283188 0.063473 -0.342382 0.054306 0.222186 -0.256906 -0.588585 0.324851
0.000000 0.000000 0.000000 0.000000 0.000000 0.000000 -0.604173 0.016406 0.054611 -0.966971 0.384402 0.051546 -0.963510 -0.553036 0.399453 -1.065922 -0.387828 0.297085 -1.065922 -0.387828 0.297085 -0.580913 0.055765 0.013617 -0.414271 -0.102177 0.228143 -0.774396 -0.005858 0.203078 -0.774396 -0.005858 0.203078 -0.493575 0.370010 -0.014858 -0.786267 0.008359 0.186778 -0.753503 -0.357886 0.316883 -1.193385 -0.161960 0.588173 -1.286050 1.500918 -0.769351 -0.110380 1.671971 0.529849 -0.005474 -0.125828 -0.205992 0.192263 1.810301 -0.138850 0.634059 1.532617 -0.184190 -0.347894 0.034480 0.229343 -0.259916 -0.609562 0.334113
0.000000 0.000000 0.000000 0.000000 0.000000 0.000000 -0.641047 0.012854 0.057855 -0.997595 0.381214 0.059846 -0.979152 -0.563056 0.396778 -1.065577 -0.388680 0.277519 -1.065577 -0.388680 0.277519 -0.621841 0.060881 0.023503 -0.457379 -0.102717 0.212508 -0.844176 0.064105 0.195889 -0.844176 0.064105 0.195889 -0.484036 0.368241 -0.011126 -0.791828 0.004171 0.179838 -0.760185 -0.358209 0.309198 -1.309013 -0.231231 0.609275 -1.339866 1.418582 -0.893255 -0.253679 1.732381 0.440032 0.005228 -0.120853 -0.210288 0.203947 1.819887 -0.131172 0.628333 1.581846 -0.196081 -0.358704 0.012324 0.218899 -0.274365 -0.629498 0.327668
0.000000 0.000000 0.000000 0.000000 0.000000 0.000000 -0.612169 0.010937 0.019293 -1.008314 0.374582 0.069928 -1.048638 -0.548961 0.394979 -1.155227 -0.376518 0.277176 -1.155227 -0.376518 0.277176 -0.577371 0.050069 0.032442 -0.396937 -0.100346 0.210560 -0.785962 -0.013611 0.197544 -0.785962 -0.013611 0.197544 -0.507800 0.372182 -0.015328 -0.833475 0.012936 0.190632 -0.767345 -0.347780 0.315634 -1.266491 -0.147910 0.585452 -1.333300 1.463537 -0.823241 -0.138707 1.757046 0.533954 0.010005 -0.132437 -0.199548 0.195976 1.804290 -0.119813 0.468202 1.431563 -0.394448 -0.353771 -0.002479 0.231925 -0.265551 -0.644391 0.338923
0.000000 0.000000 0.000000 0.000000 0.000000 0.000000 -0.620036 0.008292 0.021806 -0.987642 0.393028 0.057694 -0.973378 -0.576033 0.394842 -1.051485 -0.394115 0.275051 -1.051485 -0.394115 0.275051 -0.597548 0.035422 0.028626 -0.427356 -0.078883 0.208322 -0.823246 0.025275 0.195048 -0.823246 0.025275 0.195048 -0.507703 0.367710 0.002955 -0.826034 0.011841 0.207104 -0.754590 -0.344651 0.319935 -1.215059 -0.170755 0.585966 -1.295342 1.479648 -0.785881 -0.118054 1.724636 0.573382 -0.023223 -0.130593 -0.203272 0.177041 1.796424 -0.154429 0.464199 1.430080 -0.404738 -0.361591 0.013389 0.236010 -0.271704 -0.626980 0.344928
0.000000 0.000000 0.000000 0.000000 0.000000 0.000000 -0.601341 0.017450 0.047032 -1.000701 0.404689 0.043990 -0.994052 -0.580202 0.405386 -1.068138 -0.401029 0.262211 -1.068138 -0.401029 0.262211 -0.589354 0.024576 0.019328 -0.420809 -0.069463 0.217431 -0.821167 0.044177 0.191207 -0.821167 0.044177 0.191207 -0.508208 0.374922 0.009941 -0.830479 0.007787 0.196346 -0.762534 -0.348423 0.319320 -1.311287 -0.229488 0.553507 -1.297953 1.409558 -0.907160 -0.155905 1.702254 0.466526 0.017078 -0.131911 -0.206453 0.208002 1.813760 -0.116767 0.507100 1.478387 -0.366491 -0.344044 0.031508 0.235943 -0.254533 -0.609788 0.338863
0.000000 0.000000 0.000000 0.000000 0.000000 0.000000 -0.624965 0.014530 0.020116 -1.025175 0.393254 0.049418 -1.008575 -0.584308 0.420630 -1.081926 -0.399625 0.277577 -1.081926 -0.399625 0.277577 -0.588836 0.036733 0.002284 -0.396002 -0.085847 0.228894 -0.786571 -0.020430 0.210405 -0.786571 -0.020430 0.210405 -0.506909 0.373693 0.002819 -0.829230 0.007004 0.196295 -0.767403 -0.352958 0.318850 -1.308915 -0.235179 0.576466 -1.321005 1.387874 -0.877485 -0.200670 1.745086 0.481102 0.010789 -0.142957 -0.189968 0.187919 1.804424 -0.111903 0.517651 1.475090 -0.333755 -0.361605 0.035698 0.231016 -0.273013 -0.604786 0.339702
0.000000 0.000000 0.000000 0.000000 0.000000 0.000000 -0.613856 0.019027 0.036688 -1.028281 0.386534 0.046264 -1.008963 -0.581672 0.424510 -1.078384 -0.392963 0.276428 -1.078384 -0.392963 0.276428 -0.567341 0.050485 0.013909 -0.372212 -0.102057 0.221000 -0.766520 -0.018634 0.189933 -0.766520 -0.018634 0.189933 -0.497118 0.376924 0.007472 -0.820812 0.006561 0.191284 -0.754201 -0.352671 0.318177 -1.200360 -0.217774 0.584651 -1.276641 1.437811 -0.762254 -0.175033 1.737639 0.570792 -0.046153 -0.138111 -0.197859 0.156590 1.787311 -0.172448 0.519428 1.492987 -0.340277 -0.318082 0.029695 0.239883 -0.228166 -0.613232 0.334368
0.000000 0.000000 0.000000 0.000000 0.000000 0.000000 -0.624263 0.020758 0.042445 -1.040932 0.375366 0.047876 -1.007695 -0.578166 0.425390 -1.064183 -0.403423 0.266630 -1.064183 -0.403423 0.266630 -0.592651 0.040161 0.017780 -0.394544 -0.084217 0.210017 -0.798261 -0.018152 0.156721 -0.798261 -0.018152 0.156721 -0.501407 0.380433 -0.009320 -0.821679 0.016198 0.197230 -0.763272 -0.351952 0.316715 -1.182783 -0.207258 0.594170 -1.279167 1.447402 -0.736338 -0.178262 1.710561 0.551694 -0.013080 -0.138857 -0.191494 0.171907 1.785140 -0.137234 0.777853 1.785194 -0.272955 -0.338281 0.018766 0.258013 -0.241862 -0.622863 0.358585
0.000000 0.000000 0.000000 0.000000 0.000000 0.000000 -0.642257 0.028749 0.007866 -1.056095 0.364454 0.033014 -1.025769 -0.583469 0.434289 -1.079891 -0.380607 0.253263 -1.079891 -0.380607 0.253263 -0.593061 0.026907 0.018496 -0.382425 -0.082750 0.194223 -0.785274 -0.036140 0.182959 -0.785274 -0.036140 0.182959 -0.511817 0.391985 0.013533 -0.823438 0.032528 0.229891 -0.782390 -0.342089 0.317317 -1.273586 -0.251853 0.601445 -1.321333 1.381536 -0.825399 -0.257804 1.714005 0.488627 -0.103060 -0.150858 -0.179438 0.098688 1.748104 -0.214113 0.711856 1.748929 -0.332603 -0.366793 -0.004699 0.229631 -0.278995 -0.645457 0.340881
0.000000 0.000000 0.000000 0.000000 0.000000 0.000000 -0.628786 0.016354 0.037278 -1.055037 0.376498 0.038239 -1.012982 -0.576339 0.450305 -1.057814 -0.380177 0.271980 -1.057814 -0.380177 0.271980 -0.554288 0.060690 0.006647 -0.328385 -0.105912 0.220851 -0.721708 -0.035005 0.158969 -0.721708 -0.035005 0.158969 -0.506690 0.375615 -0.000571 -0.824178 0.020136 0.208701 -0.773220 -0.340730 0.320695 -1.295134 -0.210761 0.634020 -1.374710 1.394355 -0.823454 -0.302445 1.720088 0.521670 0.002964 -0.154208 -0.179750 0.170336 1.764256 -0.114595 0.719847 1.771661 -0.302604 -0.356725 0.011815 0.232426 -0.268315 -0.628150 0.339818
0.000000 0.000000 0.000000 0.000000 0.000000 0.000000 -0.837128 -0.033541 0.060236 -1.148966 0.366327 0.091014 -1.022390 -0.568195 0.429148 -1.007320 -0.426359 0.189430 -1.007320 -0.426359 0.189430 -0.704231 0.130348 -0.003241 -0.403854 -0.110027 0.220210 -0.787280 -0.028682 0.190612 -0.787280 -0.028682 0.190612 -0.537972 0.332969 -0.008018 -0.857849 -0.012910 0.201705 -0.784933 -0.362373 0.331746 -1.232683 -0.195161 0.587995 -1.309180 1.421740 -0.771830 -0.312423 1.727698 0.557996 -0.054474 -0.132193 -0.191968 0.141521 1.755535 -0.178320 0.662519 1.591860 -0.289509 -0.350784 0.021014 0.233279 -0.262241 -0.618788 0.338485
0.000000 0.000000 0.000000 0.000000 0.000000 0.000000 -0.759182 -0.025722 0.055630 -1.145093 0.370999 0.065584 -1.076376 -0.572993 0.442931 -1.088992 -0.439812 0.196860 -1.088992 -0.439812 0.196860 -0.656407 0.100819 -0.012484 -0.382100 -0.100878 0.230956 -0.775893 -0.011586 0.187143 -0.775893 -0.011586 0.187143 -0.535585 0.343339 0.000029 -0.850887 -0.004112 0.219929 -0.779859 -0.364850 0.333602 -1.230255 -0.226826 0.596192 -1.302945 1.410013 -0.777713 -0.332722 1.716302 0.557176 -0.091465 -0.160117 -0.184021 0.109751 1.733375 -0.206180 0.644457 1.585955 -0.281692 -0.350545 0.038007 0.228489 -0.263126 -0.603184 0.333673
0.000000 0.000000 0.000000 0.000000 0.000000 0.000000 -0.606721 -0.004545 0.069564 -1.049562 0.390218 0.049725 -0.988966 -0.556027 0.463194 -0.985671 -0.412940 0.243758 -0.985671 -0.412940 0.243758 -0.545758 0.057242 0.012572 -0.318176 -0.091934 0.225524 -0.719527 -0.031870 0.160515 -0.719527 -0.031870 0.160515 -0.527387 0.347243 -0.022225 -0.850267 -0.006394 0.188233 -0.780144 -0.360867 0.330751 -1.254942 -0.252586 0.613017 -1.325221 1.374190 -0.788984 -0.401021 1.711006 0.573541 0.019875 -0.156544 -0.176707 0.178415 1.761471 -0.096771 0.673276 1.633400 -0.236911 -0.409066 0.017514 0.217937 -0.323080 -0.622298 0.343039
0.000000 0.000000 0.000000 0.000000 0.000000 0.000000 -0.665177 -0.013901 0.033635 -1.084324 0.390048 0.067528 -1.038040 -0.580576 0.455407 -1.069314 -0.411206 0.235937 -1.069314 -0.411206 0.235937 -0.576218 0.089234 0.005640 -0.326048 -0.113408 0.234969 -0.713782 -0.069381 0.120070 -0.713782 -0.069381 0.120070 -0.523626 0.344635 -0.019466 -0.843275 -0.004630 0.194807 -0.771486 -0.356817 0.330650 -1.234063 -0.237408 0.597909 -1.304952 1.395622 -0.776326 -0.398900 1.700498 0.597142 0.021591 -0.156615 -0.167922 0.170886 1.755942 -0.089860 0.653412 1.637013 -0.239241 -0.392100 0.029688 0.224807 -0.304525 -0.609328 0.343669
0.000000 0.000000 0.000000 0.000000 0.000000 0.000000 -0.672450 -0.006449 0.043620 -1.093006 0.389548 0.054566 -1.027140 -0.580450 0.461908 -1.050479 -0.418569 0.259020 -1.050479 -0.418569 0.259020 -0.564826 0.075105 0.006211 -0.304437 -0.097372 0.213488 -0.675461 -0.063301 0.097792 -0.675461 -0.063301 0.097792 -0.537231 0.353235 -0.014642 -0.854693 0.002754 0.207002 -0.792263 -0.355171 0.340960 -1.272308 -0.256489 0.575228 -1.305801 1.352299 -0.809706 -0.418526 1.665819 0.602251 -0.031773 -0.134659 -0.188366 0.151621 1.737616 -0.155681 0.648585 1.623270 -0.261153 -0.367811 0.017157 0.239926 -0.276443 -0.622392 0.350573
0.000000 0.000000 0.000000 0.000000 0.000000 0.000000 -0.667578 0.000393 0.053463 -1.086410 0.368435 0.060184 -1.018380 -0.545571 0.466978 -1.038860 -0.376379 0.255191 -1.038860 -0.376379 0.255191 -0.572629 0.072997 -0.001534 -0.332015 -0.093990 0.241647 -0.704502 -0.075279 0.097114 -0.704502 -0.075279 0.097114 -0.531978 0.356275 -0.023041 -0.852624 0.003280 0.198626 -0.781969 -0.355678 0.335818 -1.187368 -0.227169 0.570522 -1.263491 1.402703 -0.726563 -0.356149 1.684307 0.698168 -0.005918 -0.136102 -0.172765 0.154581 1.736683 -0.121481 0.655289 1.611732 -0.228273 -0.370002 0.013664 0.242379 -0.277527 -0.627430 0.353987
0.000000 0.000000 0.000000 0.000000 0.000000 0.000000 -0.679759 -0.000342 0.039557 -1.090124 0.378913 0.046005 -0.996533 -0.565243 0.481001 -0.993909 -0.406515 0.254603 -0.993909 -0.406515 0.254603 -0.564163 0.075757 -0.004223 -0.310857 -0.096930 0.235162 -0.672923 -0.073353 0.090266 -0.672923 -0.073353 0.090266 -0.536988 0.357828 -0.017330 -0.854230 0.006825 0.207939 -0.795322 -0.355175 0.338438 -1.298685 -0.293093 0.566809 -1.301447 1.318377 -0.843200 -0.426627 1.672177 0.615695 -0.069163 -0.141718 -0.180529 0.118605 1.725276 -0.184695 0.640024 1.597171 -0.248937 -0.377175 0.010397 0.243415 -0.284355 -0.629135 0.357179
0.000000 0.000000 0.000000 0.000000 0.000000 0.000000 -0.657860 -0.002364 0.037448 -1.124935 0.366726 0.032686 -1.094312 -0.572264 0.484068 -1.112217 -0.428932 0.245652 -1.112217 -0.428932 0.245652 -0.543302 0.026127 0.021908 -0.296642 -0.061065 0.183498 -0.652662 -0.060852 0.050596 -0.652662 -0.060852 0.050596 -0.543613 0.358798 -0.015415 -0.852870 0.018677 0.225128 -0.788071 -0.343018 0.345065 -1.263327 -0.247086 0.585409 -1.317345 1.344685 -0.779153 -0.411776 1.705459 0.699177 -0.076543 -0.131387 -0.181759 0.115268 1.738039 -0.192519 0.644098 1.645214 -0.248566 -0.333477 0.041701 0.289759 -0.226684 -0.598790 0.387055
0.000000 0.000000 0.000000 0.000000 0.000000 0.000000 -0.696042 -0.000068 0.066148 -1.148191 0.362430 0.061301 -1.089558 -0.572086 0.496122 -1.131186 -0.407034 0.299531 -1.131186 -0.407034 0.299531 -0.568958 0.072554 0.010539 -0.334223 -0.086068 0.226157 -0.702807 -0.082309 0.035628 -0.702807 -0.082309 0.035628 -0.528623 0.348636 -0.035946 -0.848606 0.001759 0.186751 -0.792436 -0.351504 0.335120 -1.393018 -0.283465 0.613193 -1.397845 1.268529 -0.896356 -0.518607 1.721716 0.644062 -0.021696 -0.157760 -0.165620 0.139233 1.741967 -0.129385 0.625219 1.656846 -0.232669 -0.361829 0.023432 0.248029 -0.267970 -0.616065 0.356303
0.000000 0.000000 0.000000 0.000000 0.000000 0.000000 -0.676933 -0.006681 0.049995 -1.132774 0.370155 0.046644 -1.075944 -0.584222 0.490780 -1.111111 -0.408356 0.284211 -1.111111 -0.408356 0.284211 -0.574242 0.044595 0.005824 -0.367971 -0.062019 0.221592 -0.752397 -0.056929 0.054349 -0.752397 -0.056929 0.054349 -0.531077 0.350910 -0.030214 -0.848950 0.012298 0.198775 -0.800307 -0.338315 0.342681 -1.313997 -0.233002 0.609259 -1.368354 1.336972 -0.818380 -0.449298 1.708062 0.716130 -0.007440 -0.152845 -0.175198 0.156074 1.728095 -0.123677 0.636582 1.660082 -0.231646 -0.362585 0.029506 0.259838 -0.264729 -0.609899 0.367837
0.000000 0.000000 0.000000 0.000000 0.000000 0.000000 -0.828618 -0.027674 0.127251 -1.216006 0.357060 0.082801 -1.099491 -0.572167 0.478106 -1.096533 -0.421011 0.250155 -1.096533 -0.421011 0.250155 -0.643410 0.139041 -0.024479 -0.368197 -0.095012 0.257845 -0.728693 -0.099044 0.028748 -0.728693 -0.099044 0.028748 -0.544897 0.307758 -0.041646 -0.861410 -0.033795 0.173815 -0.788818 -0.370757 0.343204 -1.304437 -0.248693 0.602257 -1.357290 1.314980 -0.798706 -0.450585 1.715097 0.770227 -0.040066 -0.160914 -0.169304 0.130112 1.734755 -0.148919 0.580745 1.685945 -0.278028 -0.316750 0.087784 0.299129 -0.206908 -0.553672 0.389734
0.000000 0.000000 0.000000 0.000000 0.000000 0.000000 -0.828324 -0.054145 0.118692 -1.227720 0.366249 0.075983 -1.104989 -0.575661 0.490590 -1.113344 -0.427708 0.260208 -1.113344 -0.427708 0.260208 -0.619984 0.147118 -0.020978 -0.330591 -0.115886 0.239059 -0.682278 -0.100519 0.002289 -0.682278 -0.100519 0.002289 -0.525957 0.289265 -0.043759 -0.844554 -0.035013 0.188824 -0.778611 -0.374945 0.344554 -1.315853 -0.255284 0.598030 -1.358707 1.304245 -0.810279 -0.500808 1.726449 0.761864 -0.038430 -0.188275 -0.142045 0.106458 1.720682 -0.128424 0.549055 1.690770 -0.263740 -0.317099 0.104798 0.302208 -0.206038 -0.536631 0.392444
0.000000 0.000000 0.000000 0.000000 0.000000 0.000000 -0.722416 -0.019928 0.075250 -1.190179 0.346773 0.048137 -1.128723 -0.565577 0.504190 -1.155978 -0.432243 0.287633 -1.155978 -0.432243 0.287633 -0.582067 0.072490 -0.018802 -0.345517 -0.086888 0.244048 -0.713845 -0.095322 0.045005 -0.713845 -0.095322 0.045005 -0.542227 0.339996 -0.041820 -0.853322 0.004016 0.207699 -0.805150 -0.366362 0.341346 -1.328158 -0.267785 0.594520 -1.358045 1.293057 -0.826959 -0.518136 1.702880 0.762198 -0.119778 -0.168396 -0.151381 0.056479 1.688438 -0.210437 0.518410 1.667997 -0.303211 -0.372687 0.059707 0.305131 -0.258288 -0.583069 0.414808
0.000000 0.000000 0.000000 0.000000 0.000000 0.000000 -0.657363 0.005590 0.050378 -1.155446 0.348072 0.046238 -1.122999 -0.555240 0.499090 -1.139568 -0.450562 0.274218 -1.139568 -0.450562 0.274218 -0.544159 0.046435 0.021831 -0.343942 -0.080832 0.205289 -0.736784 -0.070327 0.045054 -0.736784 -0.070327 0.045054 -0.559179 0.360238 -0.044198 -0.869868 0.023846 0.206833 -0.817849 -0.340018 0.346272 -1.347278 -0.214623 0.551261 -1.354729 1.308347 -0.844943 -0.452528 1.708374 0.759580 -0.074720 -0.129153 -0.160866 0.094117 1.710137 -0.177531 0.555909 1.710952 -0.278088 -0.308817 0.050125 0.323649 -0.191676 -0.591039 0.411566
0.000000 0.000000 0.000000 0.000000 0.000000 0.000000 -0.672591 0.011795 0.070877 -1.167074 0.341969 0.071461 -1.113297 -0.550415 0.504333 -1.132458 -0.430603 0.282541 -1.132458 -0.430603 0.282541 -0.547826 0.043387 0.028327 -0.360830 -0.055102 0.209005 -0.766544 -0.033688 0.084481 -0.766544 -0.033688 0.084481 -0.578512 0.350436 -0.065820 -0.897152 0.019582 0.179753 -0.836861 -0.329328 0.337246 -1.340724 -0.220789 0.571868 -1.365987 1.305839 -0.829227 -0.459169 1.664784 0.783558 -0.151562 -0.108991 -0.168049 0.043227 1.689962 -0.252035 0.546307 1.740121 -0.293842 -0.359139 -0.002929 0.296814 -0.249786 -0.641629 0.403070
0.000000 0.000000 0.000000 0.000000 0.000000 0.000000 -0.701101 -0.008235 0.069051 -1.187347 0.345798 0.062654 -1.115646 -0.551657 0.509294 -1.142797 -0.411863 0.292707 -1.142797 -0.411863 0.292707 -0.553111 0.056895 0.015206 -0.326735 -0.059947 0.209412 -0.716200 -0.047546 0.076188 -0.716200 -0.047546 0.076188 -0.585847 0.338971 -0.054334 -0.903957 0.006955 0.189188 -0.832974 -0.344702 0.337835 -1.365968 -0.242255 0.582343 -1.379676 1.287198 -0.857102 -0.470062 1.682706 0.767533 -0.049308 -0.133264 -0.168418 0.118852 1.712342 -0.159430 0.569283 1.752214 -0.244462 -0.331225 0.043297 0.320047 -0.214770 -0.595690 0.415341
0.000000 0.000000 0.000000 0.000000 0.000000 0.000000 -0.783054 -0.014819 0.095568 -1.238485 0.339344 0.085804 -1.144477 -0.561516 0.504022 -1.170190 -0.436185 0.284694 -1.170190 -0.436185 0.284694 -0.611831 0.085738 0.004575 -0.363116 -0.056652 0.214302 -0.745806 -0.034200 0.082907 -0.745806 -0.034200 0.082907 -0.586793 0.320625 -0.056225 -0.909510 -0.014461 0.176708 -0.836977 -0.355178 0.343423 -1.339601 -0.228777 0.592440 -1.379614 1.300255 -0.819426 -0.454732 1.702958 0.791340 -0.096492 -0.150684 -0.172679 0.088564 1.678677 -0.204668 0.545484 1.717190 -0.270951 -0.352659 0.014182 0.302792 -0.241602 -0.623372 0.406169
0.000000 0.000000 0.000000 0.000000 0.000000 0.000000 -0.658836 -0.000336 0.084882 -1.203202 0.332024 0.065006 -1.187179 -0.552716 0.522033 -1.206600 -0.499560 0.263580 -1.206600 -0.499560 0.263580 -0.524596 0.053388 -0.003242 -0.334701 -0.073503 0.243604 -0.744588 -0.053965 0.100144 -0.744588 -0.053965 0.100144 -0.610633 0.336127 -0.059644 -0.929178 0.008926 0.186695 -0.844063 -0.334466 0.346644 -1.325014 -0.259468 0.622611 -1.390512 1.271207 -0.782211 -0.479940 1.724803 0.809177 -0.095072 -0.151130 -0.172906 0.089583 1.676961 -0.203558 0.453367 1.519331 -0.292348 -0.417585 0.011928 0.275419 -0.312947 -0.624391 0.401006
0.000000 0.000000 0.000000 0.000000 0.000000 0.000000 -0.872682 -0.034186 0.157017 -1.319932 0.322768 0.075662 -1.174437 -0.561785 0.520475 -1.158231 -0.469261 0.219097 -1.158231 -0.469261 0.219097 -0.645919 0.125128 -0.032210 -0.370565 -0.091716 0.233197 -0.753709 -0.039685 0.039095 -0.753709 -0.039685 0.039095 -0.612194 0.302295 -0.030711 -0.929222 -0.027980 0.192594 -0.827665 -0.357434 0.359271 -1.292366 -0.218618 0.581224 -1.350788 1.311785 -0.765294 -0.439780 1.709824 0.846404 -0.050772 -0.148518 -0.160522 0.110557 1.698791 -0.154954 0.482814 1.557895 -0.243000 -0.384987 0.041997 0.256811 -0.287302 -0.595289 0.371719
0.000000 0.000000 0.000000 0.000000 0.000000 0.000000 -0.746963 -0.022296 0.091269 -1.248747 0.330220 0.068197 -1.158499 -0.554085 0.525110 -1.152463 -0.477732 0.239851 -1.152463 -0.477732 0.239851 -0.566474 0.080060 -0.012873 -0.347205 -0.083062 0.238244 -0.751637 -0.059773 0.075357 -0.751637 -0.059773 0.075357 -0.620524 0.329647 -0.042174 -0.938593 -0.003964 0.201806 -0.836504 -0.351317 0.362990 -1.233284 -0.221561 0.573571 -1.310872 1.324005 -0.707499 -0.404383 1.663968 0.918661 -0.107261 -0.149662 -0.165901 0.072534 1.657370 -0.209846 0.451378 1.418749 -0.209686 -0.392418 0.023805 0.246951 -0.297511 -0.615935 0.365429
0.000000 0.000000 0.000000 0.000000 0.000000 0.000000 -0.651152 0.008137 0.065651 -1.218744 0.336084 0.056141 -1.155995 -0.556039 0.530479 -1.148832 -0.495126 0.215607 -1.148832 -0.495126 0.215607 -0.505069 0.038476 0.002958 -0.342470 -0.074826 0.224985 -0.778080 -0.046043 0.088721 -0.778080 -0.046043 0.088721 -0.587140 0.355186 -0.040244 -0.900004 0.022546 0.211499 -0.831935 -0.326226 0.366325 -1.288845 -0.229374 0.559219 -1.333922 1.284758 -0.753469 -0.454961 1.657213 0.881561 -0.077628 -0.158852 -0.129952 0.065542 1.700209 -0.158097 0.028278 1.580279 -0.376011 -0.375200 0.001446 0.260029 -0.277299 -0.637046 0.372622
0.000000 0.000000 0.000000 0.000000 0.000000 0.000000 -0.653670 0.002562 0.061402 -1.217471 0.330861 0.058388 -1.147639 -0.542449 0.542519 -1.152671 -0.477039 0.213002 -1.152671 -0.477039 0.213002 -0.486208 0.058665 -0.004894 -0.308534 -0.085911 0.234941 -0.739458 -0.044718 0.117897 -0.739458 -0.044718 0.117897 -0.587948 0.346908 -0.053583 -0.901741 0.019079 0.200868 -0.845056 -0.329382 0.361313 -1.383776 -0.210499 0.594443 -1.422403 1.263220 -0.824636 -0.501498 1.727050 0.770045 -0.060422 -0.138713 -0.164873 0.107073 1.697895 -0.167187 0.033589 1.653224 -0.403486 -0.377636 0.007501 0.272779 -0.275615 -0.629394 0.385394
0.000000 0.000000 0.000000 0.000000 0.000000 0.000000 -0.662158 0.001643 0.063527 -1.230209 0.334198 0.056401 -1.168134 -0.548535 0.538180 -1.175010 -0.501585 0.211588 -1.175010 -0.501585 0.211588 -0.519199 0.046933 0.002399 -0.367679 -0.069993 0.223604 -0.815588 -0.016991 0.126980 -0.815588 -0.016991 0.126980 -0.591670 0.347387 -0.042733 -0.903814 0.018512 0.208220 -0.845676 -0.328252 0.366022 -1.336964 -0.217125 0.585832 -1.390439 1.263727 -0.772252 -0.502275 1.690791 0.832573 -0.090696 -0.145433 -0.150515 0.068551 1.644512 -0.184815 0.011119 1.635574 -0.419668 -0.381605 0.010539 0.271886 -0.279549 -0.626963 0.385876
0.000000 0.000000 0.000000 0.000000 0.000000 0.000000 -0.862949 -0.034071 0.123996 -1.343443 0.317285 0.081807 -1.204967 -0.554513 0.540515 -1.195648 -0.520904 0.216289 -1.195648 -0.520904 0.216289 -0.598776 0.139178 -0.041022 -0.350148 -0.107077 0.244630 -0.768985 -0.039370 0.128947 -0.768985 -0.039370 0.128947 -0.588584 0.310320 -0.034993 -0.905500 -0.026135 0.183536 -0.826815 -0.349278 0.369631 -1.268484 -0.242678 0.569178 -1.332095 1.259879 -0.709827 -0.494857 1.642418 0.913502 -0.058273 -0.135238 -0.141388 0.084516 1.669075 -0.149985 0.011639 1.696009 -0.375560 -0.366073 0.021614 0.265191 -0.266856 -0.615262 0.373935
0.000000 0.000000 0.000000 0.000000 0.000000 0.000000 -0.879841 -0.048831 0.160281 -1.359234 0.322883 0.097172 -1.216271 -0.548765 0.533014 -1.200546 -0.539587 0.188925 -1.200546 -0.539587 0.188925 -0.629274 0.145947 -0.037940 -0.372154 -0.081079 0.244616 -0.800691 0.006291 0.137879 -0.800691 0.006291 0.137879 -0.589487 0.283212 -0.041055 -0.916048 -0.048753 0.180115 -0.830298 -0.374547 0.365769 -1.280512 -0.250174 0.565481 -1.332768 1.256365 -0.729031 -0.463900 1.630829 0.904394 -0.162136 -0.181425 -0.141511 0.012238 1.619266 -0.240149 -0.001998 1.684339 -0.412442 -0.366735 0.057146 0.257573 -0.268825 -0.583487 0.366652
0.000000 0.000000 0.000000 0.000000 0.000000 0.000000 -0.879088 -0.065679 0.147304 -1.351785 0.337346 0.086679 -1.189312 -0.549142 0.547163 -1.182089 -0.502166 0.188428 -1.182089 -0.502166 0.188428 -0.602407 0.164805 -0.046629 -0.329404 -0.111398 0.238816 -0.747661 -0.023974 0.118027 -0.747661 -0.023974 0.118027 -0.607557 0.274077 -0.031370 -0.930957 -0.061496 0.188852 -0.831161 -0.384018 0.380481 -1.284779 -0.247770 0.558421 -1.326064 1.272068 -0.750793 -0.450975 1.615934 0.888085 -0.083899 -0.197758 -0.114474 0.046125 1.651605 -0.152396 -0.097347 1.581836 -0.382281 -0.390517 0.059581 0.247426 -0.295315 -0.578109 0.364191
0.000000 0.000000 0.000000 0.000000 0.000000 0.000000 -0.683290 0.003450 0.084394 -1.279870 0.307402 0.071206 -1.248181 -0.545273 0.547228 -1.319809 -0.504617 0.228349 -1.319809 -0.504617 0.228349 -0.499751 0.051079 -0.008883 -0.332134 -0.075195 0.226900 -0.787593 -0.022915 0.138653 -0.787593 -0.022915 0.138653 -0.619752 0.348097 -0.048607 -0.938417 0.007118 0.197979 -0.847370 -0.343359 0.365825 -1.311174 -0.235400 0.590500 -1.376047 1.251741 -0.739589 -0.513301 1.658227 0.895219 -0.155274 -0.145368 -0.145250 0.016169 1.620969 -0.237194 -0.108864 1.621469 -0.396570 -0.389028 0.014688 0.277606 -0.284549 -0.623566 0.393911
0.000000 0.000000 0.000000 0.000000 0.000000 0.000000 -0.823682 -0.010463 0.122627 -1.362988 0.311104 0.075720 -1.265188 -0.562954 0.563256 -1.326886 -0.509843 0.253224 -1.326886 -0.509843 0.253224 -0.567843 0.108436 -0.034748 -0.331973 -0.085995 0.233691 -0.758099 -0.014554 0.115702 -0.758099 -0.014554 0.115702 -0.617493 0.311611 -0.038675 -0.941320 -0.026952 0.185513 -0.848519 -0.352462 0.364734 -1.288505 -0.241979 0.589130 -1.358878 1.257966 -0.722763 -0.501205 1.631843 0.913274 -0.159120 -0.151960 -0.152793 0.020147 1.615245 -0.245632 -0.089794 1.623360 -0.384253 -0.395388 0.022640 0.274497 -0.292052 -0.612771 0.392358
0.000000 0.000000 0.000000 0.000000 0.000000 0.000000 -0.862039 -0.025417 0.161310 -1.356022 0.307148 0.084305 -1.202275 -0.536151 0.559461 -1.228595 -0.511973 0.264459 -1.228595 -0.511973 0.264459 -0.591040 0.115008 -0.025838 -0.348454 -0.078567 0.227262 -0.762374 -0.030008 0.063045 -0.762374 -0.030008 0.063045 -0.620828 0.311049 -0.031115 -0.946087 -0.035892 0.182921 -0.825005 -0.367037 0.366426 -1.324484 -0.213294 0.584610 -1.386765 1.258481 -0.748261 -0.522226 1.616390 0.908831 -0.104605 -0.178642 -0.124584 0.036999 1.623725 -0.178039 0.033137 1.737972 -0.216195 -0.395983 0.024622 0.253417 -0.298754 -0.615189 0.372865
0.000000 0.000000 0.000000 0.000000 0.000000 0.000000 -0.863787 -0.042784 0.167981 -1.352839 0.308327 0.065166 -1.210108 -0.542053 0.560738 -1.233787 -0.528612 0.248035 -1.233787 -0.528612 0.248035 -0.575450 0.118308 -0.057741 -0.335993 -0.076965 0.232676 -0.744868 -0.045511 0.069695 -0.744868 -0.045511 0.069695 -0.640316 0.304268 -0.007355 -0.955661 -0.039665 0.206864 -0.812738 -0.375602 0.365070 -1.297786 -0.179599 0.587959 -1.386671 1.275909 -0.702533 -0.509246 1.607021 0.917473 -0.024243 -0.205839 -0.113728 0.081124 1.572478 -0.100274 0.233343 1.403136 0.378935 -0.412401 0.058235 0.252250 -0.314358 -0.580891 0.376383
0.000000 0.000000 0.000000 0.000000 0.000000 0.000000 -0.881552 -0.031791 0.179738 -1.377673 0.287878 0.069921 -1.264005 -0.539967 0.571796 -1.337410 -0.477214 0.256794 -1.337410 -0.477214 0.256794 -0.584130 0.139033 -0.077585 -0.356447 -0.114073 0.267742 -0.784591 -0.038739 0.092652 -0.784591 -0.038739 0.092652 -0.658239 0.299267 -0.022563 -0.982370 -0.040806 0.201309 -0.842806 -0.368142 0.378666 -1.319390 -0.237402 0.588726 -1.383033 1.232727 -0.733731 -0.524652 1.596380 0.933361 -0.065406 -0.148811 -0.116321 0.053726 1.610873 -0.138918 0.176513 1.424360 0.294455 -0.397261 0.061010 0.251132 -0.300559 -0.576365 0.369918
0.000000 0.000000 0.000000 0.000000 0.000000 0.000000 -0.891348 -0.054517 0.151130 -1.368376 0.309697 0.093251 -1.265597 -0.552708 0.566820 -1.393651 -0.484947 0.311256 -1.393651 -0.484947 0.311256 -0.567695 0.133049 -0.047313 -0.337482 -0.081399 0.238859 -0.759686 -0.034876 0.065266 -0.759686 -0.034876 0.065266 -0.662415 0.278711 -0.039523 -0.992548 -0.066461 0.175382 -0.840672 -0.385299 0.379152 -1.290146 -0.250775 0.593040 -1.359720 1.254063 -0.726141 -0.540959 1.552326 0.967956 -0.080695 -0.194540 -0.099142 0.030339 1.598765 -0.139067 -0.193615 1.625573 -0.074746 -0.435425 0.075352 0.242551 -0.339153 -0.563866 0.374354
0.000000 0.000000 0.000000 0.000000 0.000000 0.000000 -0.933407 -0.037505 0.187757 -1.386422 0.299005 0.100689 -1.256772 -0.547459 0.565635 -1.398200 -0.466557 0.332294 -1.398200 -0.466557 0.332294 -0.610188 0.164024 -0.059860 -0.381780 -0.101057 0.261408 -0.817945 -0.026022 0.083492 -0.817945 -0.026022 0.083492 -0.669433 0.268584 -0.054878 -1.001646 -0.066118 0.167099 -0.855447 -0.379430 0.374678 -1.324978 -0.246448 0.615308 -1.403797 1.227075 -0.730065 -0.577071 1.593773 0.956808 -0.099982 -0.158221 -0.151339 0.058284 1.590007 -0.193273 0.003689 1.519267 -0.036925 -0.437666 0.066730 0.234505 -0.344332 -0.571129 0.367251
0.000000 0.000000 0.000000 0.000000 0.000000 0.000000 -0.909728 -0.044245 0.168698 -1.383189 0.277423 0.072721 -1.273993 -0.542478 0.577692 -1.420367 -0.460286 0.345143 -1.420367 -0.460286 0.345143 -0.581313 0.137301 -0.063556 -0.347766 -0.103802 0.246440 -0.782482 -0.021127 0.088136 -0.782482 -0.021127 0.088136 -0.669298 0.289691 -0.034813 -0.995477 -0.047317 0.193685 -0.854929 -0.374411 0.382012 -1.322990 -0.246939 0.623488 -1.407577 1.232246 -0.729379 -0.577894 1.588467 0.955199 -0.080545 -0.182357 -0.124638 0.050594 1.585011 -0.157017 -0.002165 1.562804 -0.073741 -0.440529 0.070320 0.234696 -0.346865 -0.567893 0.368386
0.000000 0.000000 0.000000 0.000000 0.000000 0.000000 -0.889829 -0.047645 0.169460 -1.363461 0.307316 0.083582 -1.254155 -0.529530 0.570661 -1.410631 -0.455637 0.349051 -1.410631 -0.455637 0.349051 -0.562762 0.125085 -0.048625 -0.342594 -0.077127 0.232345 -0.794383 -0.019638 0.071605 -0.794383 -0.019638 0.071605 -0.694462 0.269295 -0.042223 -1.015391 -0.070536 0.188164 -0.852582 -0.389182 0.393240 -1.308456 -0.211413 0.588535 -1.390151 1.229149 -0.695448 -0.547186 1.531236 0.950327 -0.076116 -0.192929 -0.093225 0.026120 1.568210 -0.130864 -0.137573 1.577212 -0.371539 -0.382114 0.090519 0.247496 -0.286108 -0.551218 0.361531
0.000000 0.000000 0.000000 0.000000 0.000000 0.000000 -0.888519 -0.048655 0.151217 -1.373047 0.284204 0.079822 -1.291232 -0.539242 0.566878 -1.466504 -0.465819 0.318476 -1.466504 -0.465819 0.318476 -0.542116 0.124588 -0.072730 -0.310216 -0.087442 0.247526 -0.756867 -0.026570 0.102054 -0.756867 -0.026570 0.102054 -0.701425 0.296334 -0.012677 -1.016659 -0.049277 0.210691 -0.852585 -0.375643 0.394046 -1.305817 -0.197360 0.602326 -1.404220 1.234881 -0.679354 -0.550933 1.542260 0.965399 -0.078900 -0.152825 -0.119193 0.043460 1.568593 -0.152533 -0.014522 1.571736 -0.339907 -0.425714 0.060071 0.236366 -0.332347 -0.578452 0.365327
0.000000 0.000000 0.000000 0.000000 0.000000 0.000000 -0.829428 -0.063424 0.131812 -1.321614 0.312650 0.074464 -1.239973 -0.532963 0.574774 -1.444708 -0.422741 0.317739 -1.444708 -0.422741 0.317739 -0.492670 0.118289 -0.061306 -0.281693 -0.082509 0.239828 -0.741910 -0.014633 0.084055 -0.741910 -0.014633 0.084055 -0.689085 0.274689 -0.028357 -1.012752 -0.057599 0.206252 -0.858583 -0.375631 0.399017 -1.416905 -0.238117 0.637017 -1.485842 1.169240 -0.772877 -0.644229 1.552526 0.854402 -0.093886 -0.168368 -0.129257 0.041590 1.558462 -0.172034 0.160194 1.518376 -0.400833 -0.415174 0.085686 0.248934 -0.317892 -0.551881 0.373256
0.000000 0.000000 0.000000 0.000000 0.000000 0.000000 -0.870638 -0.052194 0.148144 -1.334496 0.292895 0.089215 -1.230128 -0.523511 0.569550 -1.435770 -0.427024 0.338035 -1.435770 -0.427024 0.338035 -0.509179 0.131801 -0.053536 -0.282034 -0.086008 0.237051 -0.738607 -0.022319 0.073886 -0.738607 -0.022319 0.073886 -0.691038 0.273421 -0.044757 -1.012034 -0.057368 0.198035 -0.853676 -0.374417 0.403182 -1.396614 -0.241661 0.652831 -1.484380 1.175907 -0.749204 -0.632099 1.558737 0.853885 -0.101392 -0.162648 -0.116944 0.026498 1.571891 -0.169744 0.107753 1.646146 -0.400655 -0.393625 0.067521 0.237698 -0.300864 -0.573041 0.356162
0.000000 0.000000 0.000000 0.000000 0.000000 0.000000 -0.897678 -0.042586 0.165550 -1.368232 0.273238 0.078381 -1.266959 -0.524132 0.568836 -1.474293 -0.456166 0.342531 -1.474293 -0.456166 0.342531 -0.541428 0.123556 -0.065379 -0.319339 -0.090243 0.241811 -0.782454 -0.025209 0.083043 -0.782454 -0.025209 0.083043 -0.691925 0.289424 -0.019117 -1.012718 -0.049109 0.215469 -0.866717 -0.373143 0.403902 -1.361061 -0.212219 0.606123 -1.442766 1.184466 -0.708143 -0.578696 1.539213 0.895083 -0.182498 -0.177185 -0.113596 -0.036923 1.531334 -0.234421 0.046461 1.545334 -0.456001 -0.427071 0.055230 0.214037 -0.341112 -0.583035 0.344263
0.000000 0.000000 0.000000 0.000000 0.000000 0.000000 -0.935819 -0.044426 0.183592 -1.373468 0.272737 0.095224 -1.226796 -0.526946 0.572519 -1.428087 -0.441256 0.336067 -1.428087 -0.441256 0.336067 -0.560969 0.150551 -0.073622 -0.322479 -0.100137 0.254211 -0.788602 -0.045243 0.075287 -0.788602 -0.045243 0.075287 -0.696409 0.272150 -0.031067 -1.020578 -0.058177 0.205858 -0.859565 -0.371479 0.405176 -1.308799 -0.204633 0.601176 -1.406873 1.213245 -0.668191 -0.537768 1.499220 0.929150 -0.098955 -0.156809 -0.100199 0.011757 1.549484 -0.155399 0.156030 1.538809 -0.429246 -0.447103 0.058519 0.198257 -0.365792 -0.576679 0.335026
0.000000 0.000000 0.000000 0.000000 0.000000 0.000000 -0.876736 -0.053396 0.166250 -1.358913 0.275254 0.066044 -1.264694 -0.506932 0.566187 -1.480043 -0.437961 0.312961 -1.480043 -0.437961 0.312961 -0.513055 0.133049 -0.093602 -0.277274 -0.097742 0.250287 -0.743712 -0.028681 0.068352 -0.743712 -0.028681 0.068352 -0.701331 0.277754 -0.013327 -1.015929 -0.054296 0.239553 -0.860651 -0.384555 0.417874 -1.341626 -0.259706 0.619353 -1.423106 1.174549 -0.707305 -0.583425 1.506957 0.908512 -0.123122 -0.165038 -0.105415 -0.002763 1.525517 -0.178766 0.172508 1.481350 -0.407600 -0.438187 0.068056 0.199369 -0.356228 -0.570513 0.333630
0.000000 0.000000 0.000000 0.000000 0.000000 0.000000 -0.909212 -0.041802 0.194522 -1.370336 0.258222 0.085917 -1.271577 -0.493285 0.557379 -1.485295 -0.445266 0.310794 -1.485295 -0.445266 0.310794 -0.533502 0.140958 -0.077550 -0.285863 -0.089993 0.244075 -0.754736 -0.020293 0.058455 -0.754736 -0.020293 0.058455 -0.690193 0.281220 -0.020728 -1.010715 -0.054046 0.225403 -0.858796 -0.387100 0.406360 -1.359868 -0.206270 0.573304 -1.422184 1.176643 -0.710303 -0.574719 1.538319 0.904490 -0.103425 -0.154225 -0.077393 -0.012177 1.528975 -0.142037 0.196115 1.414628 -0.342796 -0.405000 0.045051 0.218460 -0.318344 -0.596022 0.341897
0.000000 0.000000 0.000000 0.000000 0.000000 0.000000 -0.894720 -0.057767 0.171087 -1.343471 0.277394 0.082313 -1.234769 -0.507859 0.566039 -1.465986 -0.417870 0.313613 -1.465986 -0.417870 0.313613 -0.526273 0.129095 -0.074862 -0.278243 -0.095208 0.241093 -0.742535 -0.038721 0.043659 -0.742535 -0.038721 0.043659 -0.700412 0.269220 -0.018509 -1.014199 -0.062478 0.218210 -0.869388 -0.377705 0.416824 -1.380521 -0.207112 0.601556 -1.459913 1.154880 -0.699689 -0.604214 1.529850 0.898878 -0.156799 -0.189000 -0.080056 -0.046021 1.525002 -0.188590 0.040255 1.504296 -0.600732 -0.419174 0.069545 0.208780 -0.335053 -0.568668 0.336285
0.000000 0.000000 0.000000 0.000000 0.000000 0.000000 -0.898725 -0.022314 0.188653 -1.336453 0.251698 0.083776 -1.222909 -0.480952 0.573049 -1.438979 -0.424988 0.324579 -1.438979 -0.424988 0.324579 -0.502172 0.118258 -0.069139 -0.232093 -0.090998 0.235568 -0.679825 -0.047325 0.011751 -0.679825 -0.047325 0.011751 -0.688134 0.278154 -0.040971 -1.007668 -0.052259 0.210054 -0.872817 -0.373045 0.417120 -1.379892 -0.226310 0.589893 -1.447949 1.132264 -0.698130 -0.604926 1.511984 0.896333 -0.162153 -0.159377 -0.087194 -0.048332 1.508797 -0.196819 -0.042955 1.354960 -0.536042 -0.445835 0.038686 0.195437 -0.365540 -0.598875 0.332724
0.000000 0.000000 0.000000 0.000000 0.000000 0.000000 -0.915176 -0.071148 0.160888 -1.327742 0.284438 0.070596 -1.205757 -0.482950 0.584121 -1.429335 -0.443461 0.286471 -1.429335 -0.443461 0.286471 -0.528996 0.151723 -0.092477 -0.277002 -0.082121 0.258288 -0.758107 -0.066461 0.037061 -0.758107 -0.066461 0.037061 -0.706690 0.251014 -0.036074 -1.014848 -0.053980 0.239244 -0.867937 -0.378951 0.423368 -1.338583 -0.194568 0.568097 -1.411115 1.179016 -0.679560 -0.554855 1.507632 0.920095 -0.048684 -0.170138 -0.089162 0.039456 1.545647 -0.105171 0.151655 1.480930 -0.594628 -0.417110 0.055469 0.202329 -0.335395 -0.583140 0.329707
0.000000 0.000000 0.000000 0.000000 0.000000 0.000000 -0.935618 -0.044304 0.173002 -1.334310 0.242229 0.091687 -1.200237 -0.474623 0.584176 -1.413991 -0.447758 0.277442 -1.413991 -0.447758 0.277442 -0.531154 0.145524 -0.075957 -0.261189 -0.092841 0.254544 -0.740119 -0.047879 0.026301 -0.740119 -0.047879 0.026301 -0.714850 0.265973 -0.056198 -1.026954 -0.045784 0.213430 -0.894585 -0.367187 0.419144 -1.368971 -0.237443 0.596302 -1.440960 1.134719 -0.693433 -0.603462 1.514432 0.898773 -0.174232 -0.151536 -0.113539 -0.033681 1.534141 -0.227258 0.364737 1.412337 -0.621816 -0.434959 0.042677 0.208925 -0.350404 -0.596517 0.342376
0.000000 0.000000 0.000000 0.000000 0.000000 0.000000 -0.900404 -0.054216 0.171578 -1.323599 0.253082 0.072232 -1.208639 -0.477067 0.589400 -1.440305 -0.450206 0.271834 -1.440305 -0.450206 0.271834 -0.521249 0.128579 -0.091485 -0.274245 -0.088229 0.251170 -0.769404 -0.048499 0.048975 -0.769404 -0.048499 0.048975 -0.697105 0.268101 -0.031032 -1.006314 -0.044979 0.237523 -0.880021 -0.367355 0.428851 -1.380158 -0.232920 0.589934 -1.447055 1.124721 -0.696370 -0.604248 1.507880 0.894071 -0.127160 -0.162044 -0.096160 -0.011431 1.551045 -0.176091 0.397913 1.519659 -0.632133 -0.420620 0.058218 0.215113 -0.334521 -0.580250 0.343138
0.000000 0.000000 0.000000 0.000000 0.000000 0.000000 -0.926738 -0.061076 0.151910 -1.325221 0.260905 0.078430 -1.193961 -0.484040 0.589462 -1.432024 -0.436221 0.268399 -1.432024 -0.436221 0.268399 -0.529567 0.138515 -0.080376 -0.268376 -0.081531 0.244248 -0.759127 -0.046480 0.055673 -0.759127 -0.046480 0.055673 -0.693640 0.263685 -0.040263 -1.001261 -0.049148 0.228025 -0.876047 -0.372587 0.425082 -1.340796 -0.198790 0.571928 -1.417973 1.160059 -0.664822 -0.559189 1.488030 0.919587 -0.123293 -0.179356 -0.077964 -0.024679 1.523117 -0.158909 0.399885 1.506392 -0.608947 -0.425227 0.047754 0.216517 -0.338655 -0.590655 0.346215
0.000000 0.000000 0.000000 0.000000 0.000000 0.000000 -0.885558 -0.043861 0.180661 -1.308354 0.263404 0.091750 -1.219933 -0.467896 0.560250 -1.470791 -0.452904 0.268608 -1.470791 -0.452904 0.268608 -0.496793 0.139611 -0.085982 -0.238452 -0.091507 0.251652 -0.724587 -0.073824 0.036638 -0.724587 -0.073824 0.036638 -0.694706 0.261865 -0.045032 -1.005010 -0.056538 0.224032 -0.874871 -0.380304 0.431592 -1.392037 -0.228954 0.587772 -1.455426 1.118639 -0.702428 -0.613152 1.520511 0.888033 -0.093212 -0.175048 -0.059802 -0.020238 1.489293 -0.119848 0.411678 1.478397 -0.566251 -0.392730 0.045611 0.217046 -0.307022 -0.595898 0.336513
0.000000 0.000000 0.000000 0.000000 0.000000 0.000000 -0.922910 -0.042896 0.178632 -1.330068 0.227269 0.102584 -1.265164 -0.446023 0.557801 -1.546560 -0.421334 0.294032 -1.546560 -0.421334 0.294032 -0.518478 0.145641 -0.076678 -0.252460 -0.103206 0.249742 -0.739424 -0.085327 0.047226 -0.739424 -0.085327 0.047226 -0.688787 0.262256 -0.055988 -1.000459 -0.046931 0.216521 -0.881808 -0.360893 0.436237 -1.390692 -0.204961 0.576550 -1.458091 1.116360 -0.683418 -0.600284 1.520620 0.889319 -0.131504 -0.164128 -0.067094 -0.042767 1.497139 -0.156494 0.322827 1.468047 -0.775012 -0.414396 0.030124 0.225999 -0.325336 -0.609416 0.352321
0.000000 0.000000 0.000000 0.000000 0.000000 0.000000 -0.907001 -0.035389 0.194277 -1.280573 0.224902 0.089582 -1.187443 -0.428310 0.560820 -1.446895 -0.394042 0.270629 -1.446895 -0.394042 0.270629 -0.508811 0.132031 -0.083734 -0.217644 -0.098866 0.239943 -0.692118 -0.062598 0.016228 -0.692118 -0.062598 0.016228 -0.688611 0.273239 -0.041210 -0.993757 -0.033292 0.239698 -0.895194 -0.361309 0.436110 -1.368744 -0.224602 0.591904 -1.445668 1.125840 -0.675314 -0.592865 1.496517 0.886057 -0.155095 -0.154600 -0.068532 -0.060153 1.492939 -0.176287 0.249752 1.301642 -0.697732 -0.397513 0.013910 0.222545 -0.310561 -0.626019 0.343738
0.000000 0.000000 0.000000 0.000000 0.000000 0.000000 -0.894546 -0.040693 0.190761 -1.281243 0.230825 0.067237 -1.229971 -0.449110 0.579485 -1.562949 -0.364546 0.320837 -1.562949 -0.364546 0.320837 -0.516259 0.122360 -0.093371 -0.239295 -0.083292 0.253545 -0.737952 -0.047456 0.065093 -0.737952 -0.047456 0.065093 -0.680481 0.260772 -0.043228 -0.982226 -0.033649 0.240196 -0.877706 -0.351317 0.440321 -1.360122 -0.217511 0.566228 -1.424241 1.129030 -0.675911 -0.556757 1.476747 0.880105 -0.068544 -0.195626 -0.043245 -0.014786 1.484990 -0.087626 -0.213461 1.336820 -0.784824 -0.423727 0.029537 0.210605 -0.339585 -0.608335 0.340244
0.000000 0.000000 0.000000 0.000000 0.000000 0.000000 -0.914354 -0.061683 0.166175 -1.293458 0.243251 0.069662 -1.256258 -0.462688 0.573754 -1.604354 -0.394663 0.318422 -1.604354 -0.394663 0.318422 -0.526637 0.123280 -0.094234 -0.249935 -0.074973 0.245137 -0.750367 -0.049412 0.064040 -0.750367 -0.049412 0.064040 -0.687713 0.257932 -0.040328 -0.987025 -0.031781 0.249306 -0.885176 -0.352557 0.444587 -1.382888 -0.257058 0.592314 -1.445500 1.100590 -0.694496 -0.595744 1.468552 0.863598 -0.107218 -0.174413 -0.057265 -0.034812 1.453469 -0.128157 -0.200773 1.305498 -0.796664 -0.410296 0.032761 0.208538 -0.327282 -0.605717 0.333830
0.000000 0.000000 0.000000 0.000000 0.000000 0.000000 -0.888400 -0.061602 0.182421 -1.233362 0.245750 0.110191 -1.175483 -0.441545 0.542963 -1.510511 -0.366773 0.274871 -1.510511 -0.366773 0.274871 -0.509217 0.145984 -0.079525 -0.236867 -0.090941 0.240091 -0.771096 -0.021306 0.069087 -0.771096 -0.021306 0.069087 -0.694594 0.232942 -0.059353 -0.996006 -0.051201 0.231655 -0.895635 -0.360519 0.452482 -1.369434 -0.234788 0.588571 -1.442952 1.110197 -0.670741 -0.578604 1.426003 0.876523 -0.100827 -0.154901 -0.085063 -0.009296 1.453544 -0.143867 0.338148 1.643985 -0.729226 -0.432057 0.025961 0.196122 -0.352505 -0.610947 0.328892
0.000000 0.000000 0.000000 0.000000 0.000000 0.000000 -0.917167 -0.062915 0.166210 -1.251812 0.230693 0.091018 -1.185764 -0.430102 0.563964 -1.555318 -0.304953 0.341288 -1.555318 -0.304953 0.341288 -0.521693 0.132329 -0.093744 -0.244367 -0.089326 0.251763 -0.790199 -0.027356 0.103118 -0.790199 -0.027356 0.103118 -0.679039 0.256805 -0.044073 -0.971388 -0.028804 0.253159 -0.874469 -0.353780 0.454405 -1.388934 -0.216401 0.587652 -1.461593 1.110145 -0.678864 -0.586127 1.457806 0.863430 0.058057 -0.184283 0.001259 0.042632 1.435166 0.046769 -0.196922 1.673859 -0.663350 -0.436548 0.032767 0.188660 -0.358822 -0.606084 0.323439
0.000000 0.000000 0.000000 0.000000 0.000000 0.000000 -0.872938 -0.059900 0.172480 -1.247034 0.231056 0.090299 -1.225914 -0.434951 0.551789 -1.630196 -0.316686 0.357332 -1.630196 -0.316686 0.357332 -0.475307 0.121825 -0.082849 -0.203566 -0.076325 0.229115 -0.756831 -0.026513 0.087862 -0.756831 -0.026513 0.087862 -0.705563 0.261228 -0.034732 -0.999437 -0.025681 0.261000 -0.902123 -0.352270 0.455459 -1.414315 -0.214119 0.598294 -1.490346 1.088227 -0.679116 -0.619319 1.466732 0.863627 -0.116197 -0.159551 -0.051407 -0.045969 1.473534 -0.131394 -0.246122 1.668839 -0.829968 -0.422213 -0.013424 0.177197 -0.349839 -0.651731 0.308257
0.000000 0.000000 0.000000 0.000000 0.000000 0.000000 -0.891691 -0.051092 0.185703 -1.253390 0.238777 0.094999 -1.217332 -0.444718 0.548248 -1.633599 -0.304800 0.368384 -1.633599 -0.304800 0.368384 -0.489963 0.136434 -0.084331 -0.202091 -0.086887 0.237406 -0.753065 -0.023013 0.079417 -0.753065 -0.023013 0.079417 -0.709836 0.254000 -0.038573 -1.009239 -0.036627 0.249262 -0.909681 -0.352545 0.456789 -1.409118 -0.222102 0.607342 -1.490277 1.088302 -0.675213 -0.625478 1.432916 0.868440 -0.127056 -0.184308 -0.053136 -0.051256 1.468348 -0.141750 -0.232115 1.693665 -0.843357 -0.425285 -0.006474 0.184559 -0.350400 -0.643611 0.316065
0.000000 0.000000 0.000000 0.000000 0.000000 0.000000 -0.901073 -0.081952 0.187871 -1.252626 0.244715 0.096813 -1.199846 -0.439965 0.544936 -1.625701 -0.260996 0.390510 -1.625701 -0.260996 0.390510 -0.505421 0.136862 -0.094909 -0.222493 -0.074895 0.227128 -0.787706 -0.004394 0.111591 -0.787706 -0.004394 0.111591 -0.717073 0.224874 -0.037604 -1.009114 -0.048516 0.262813 -0.909229 -0.365245 0.466203 -1.406592 -0.226497 0.591052 -1.477455 1.079032 -0.674949 -0.626383 1.396065 0.874713 -0.199586 -0.211955 -0.049313 -0.109528 1.414540 -0.194769 -0.203205 1.684630 -0.897080 -0.440671 0.014198 0.182136 -0.365397 -0.623768 0.318661
0.000000 0.000000 0.000000 0.000000 0.000000 0.000000 -0.804681 -0.065164 0.165876 -1.197714 0.237083 0.079059 -1.183689 -0.435726 0.539634 -1.604669 -0.297219 0.390981 -1.604669 -0.297219 0.390981 -0.447559 0.092628 -0.087964 -0.195921 -0.073203 0.237787 -0.769846 -0.008899 0.116707 -0.769846 -0.008899 0.116707 -0.713134 0.257408 -0.033221 -1.000238 -0.019407 0.272970 -0.899554 -0.349094 0.466808 -1.417308 -0.245015 0.594857 -1.483704 1.056259 -0.678491 -0.647471 1.388508 0.876090 -0.159222 -0.181843 -0.051373 -0.080423 1.415846 -0.163199 -0.179363 1.721470 -0.860583 -0.427007 0.031813 0.184932 -0.350920 -0.607253 0.316710
0.000000 0.000000 0.000000 0.000000 0.000000 0.000000 -0.914720 -0.092920 0.147339 -1.240614 0.245317 0.122282 -1.153948 -0.440172 0.527237 -1.486121 -0.395951 0.269198 -1.486121 -0.395951 0.269198 -0.491478 0.144171 -0.086220 -0.198310 -0.081215 0.233322 -0.788060 -0.008229 0.167004 -0.788060 -0.008229 0.167004 -0.708562 0.230878 -0.047812 -0.997899 -0.048885 0.250171 -0.905644 -0.360628 0.469895 -1.402205 -0.208194 0.552483 -1.458162 1.068624 -0.664258 -0.641632 1.369197 0.920163 -0.188022 -0.177937 -0.056416 -0.095359 1.453747 -0.192157 -0.074671 1.784939 -0.837237 -0.463585 0.024052 0.180268 -0.387982 -0.611985 0.323945
0.000000 0.000000 0.000000 0.000000 0.000000 0.000000 -0.930366 -0.080142 0.162421 -1.291902 0.223158 0.095056 -1.222767 -0.442338 0.557534 -1.582230 -0.358089 0.299487 -1.582230 -0.358089 0.299487 -0.502111 0.133112 -0.093140 -0.197966 -0.087965 0.228151 -0.782310 -0.011123 0.152819 -0.782310 -0.011123 0.152819 -0.708909 0.245851 -0.039034 -0.996492 -0.033420 0.266439 -0.902347 -0.354972 0.478356 -1.400469 -0.226699 0.572049 -1.465920 1.056313 -0.654656 -0.666343 1.354402 0.924263 -0.199509 -0.178350 -0.052386 -0.110165 1.417321 -0.195494 -0.063649 1.790218 -0.846802 -0.440802 0.028148 0.187100 -0.363431 -0.611096 0.323517
0.000000 0.000000 0.000000 0.000000 0.000000 0.000000 -0.899986 -0.067638 0.194856 -1.264519 0.223932 0.106800 -1.194504 -0.420917 0.547678 -1.564437 -0.312089 0.309261 -1.564437 -0.312089 0.309261 -0.450045 0.150942 -0.090842 -0.118039 -0.106303 0.219430 -0.688561 -0.021362 0.112901 -0.688561 -0.021362 0.112901 -0.714174 0.230550 -0.040866 -1.006486 -0.044367 0.259584 -0.916587 -0.359297 0.469100 -1.448471 -0.239575 0.574653 -1.494702 1.036789 -0.701778 -0.703653 1.360536 0.886775 -0.178612 -0.186064 -0.047429 -0.096571 1.431033 -0.176670 -0.062328 1.800773 -0.818329 -0.424025 0.023361 0.170631 -0.352829 -0.616361 0.302166
0.000000 0.000000 0.000000 0.000000 0.000000 0.000000 -0.903327 -0.049452 0.203399 -1.260884 0.204658 0.098898 -1.188430 -0.423483 0.528985 -1.521986 -0.367551 0.281079 -1.521986 -0.367551 0.281079 -0.485678 0.121993 -0.099743 -0.171801 -0.081283 0.219217 -0.745256 -0.009953 0.118215 -0.745256 -0.009953 0.118215 -0.702658 0.256838 -0.029954 -0.995486 -0.036343 0.267247 -0.905775 -0.361136 0.477358 -1.448634 -0.241861 0.606727 -1.518236 1.029970 -0.679365 -0.735896 1.373484 0.899897 -0.071401 -0.169388 -0.019767 -0.039494 1.405137 -0.070100 -0.063741 1.825102 -0.718796 -0.417608 0.026343 0.183792 -0.342238 -0.613978 0.312807
0.000000 0.000000 0.000000 0.000000 0.000000 0.000000 -0.774052 -0.050055 0.119235 -1.196787 0.207860 0.074988 -1.180146 -0.428812 0.551610 -1.572458 -0.276953 0.309052 -1.572458 -0.276953 0.309052 -0.424460 0.069058 -0.066079 -0.187029 -0.082014 0.215156 -0.801664 0.006710 0.144688 -0.801664 0.006710 0.144688 -0.711579 0.292845 -0.014980 -0.994061 0.004448 0.294219 -0.919619 -0.337763 0.474405 -1.490718 -0.231511 0.582366 -1.537444 1.002702 -0.704562 -0.775467 1.387398 0.910329 -0.086089 -0.180021 -0.023678 -0.047199 1.407003 -0.084714 -0.134291 1.862198 -0.761436 -0.414880 0.027607 0.174463 -0.342761 -0.612027 0.302730
0.000000 0.000000 0.000000 0.000000 0.000000 0.000000 -0.957955 -0.051622 0.198989 -1.307236 0.168454 0.115413 -1.237927 -0.416102 0.514861 -1.612441 -0.309845 0.315843 -1.612441 -0.309845 0.315843 -0.529434 0.124784 -0.091816 -0.191164 -0.082877 0.209146 -0.767099 -0.016416 0.126630 -0.767099 -0.016416 0.126630 -0.707226 0.266811 -0.023819 -1.000470 -0.024974 0.271538 -0.932142 -0.348439 0.480203 -1.457990 -0.240258 0.591570 -1.521477 1.000650 -0.665580 -0.767997 1.352305 0.953280 -0.168294 -0.187400 -0.045888 -0.090621 1.422107 -0.166802 -0.098934 1.847258 -0.835827 -0.436241 -0.008250 0.170563 -0.365387 -0.646303 0.306383
0.000000 0.000000 0.000000 0.000000 0.000000 0.000000 -0.809595 -0.028511 0.149916 -1.225353 0.174132 0.095333 -1.219469 -0.399551 0.533664 -1.625698 -0.295286 0.352042 -1.625698 -0.295286 0.352042 -0.437813 0.069581 -0.076173 -0.149963 -0.081174 0.227534 -0.729604 -0.024266 0.093568 -0.729604 -0.024266 0.093568 -0.712085 0.304241 -0.018827 -0.999181 0.009313 0.285983 -0.933854 -0.333384 0.473721 -1.461104 -0.232403 0.589715 -1.528095 0.990952 -0.652447 -0.782955 1.354442 0.974116 -0.146063 -0.178218 -0.038068 -0.083142 1.383422 -0.140786 -0.098546 1.845018 -0.818080 -0.401882 -0.029803 0.173555 -0.331598 -0.669920 0.298560
0.000000 0.000000 0.000000 0.000000 0.000000 0.000000 -0.917912 -0.051265 0.185108 -1.272478 0.180062 0.120669 -1.207855 -0.397187 0.519848 -1.595982 -0.277018 0.327758 -1.595982 -0.277018 0.327758 -0.524500 0.124489 -0.082398 -0.218837 -0.074712 0.220925 -0.805696 -0.016396 0.106385 -0.805696 -0.016396 0.106385 -0.714317 0.257714 -0.035362 -1.004800 -0.024969 0.267984 -0.931899 -0.345028 0.476573 -1.498285 -0.231948 0.588673 -1.552853 0.978111 -0.683212 -0.812179 1.356590 0.944043 -0.087725 -0.146199 -0.048201 -0.032332 1.383792 -0.103533 -0.082780 1.861886 -0.773244 -0.406470 -0.028476 0.174983 -0.335679 -0.667307 0.301213
0.000000 0.000000 0.000000 0.000000 0.000000 0.000000 -0.947617 -0.070161 0.191365 -1.283187 0.185533 0.115123 -1.192262 -0.396104 0.518064 -1.568250 -0.318030 0.319383 -1.568250 -0.318030 0.319383 -0.541519 0.134659 -0.094252 -0.211759 -0.078720 0.212856 -0.802144 -0.012197 0.104413 -0.802144 -0.012197 0.104413 -0.715244 0.255872 -0.021241 -1.005702 -0.029308 0.279254 -0.933528 -0.356374 0.481807 -1.489714 -0.236140 0.587657 -1.543534 0.984184 -0.684149 -0.809110 1.363645 0.950927 -0.081425 -0.178921 -0.029047 -0.040867 1.371628 -0.084096 -0.120051 1.853514 -0.771882 -0.372671 -0.016860 0.192472 -0.296938 -0.658421 0.307196
0.000000 0.000000 0.000000 0.000000 0.000000 0.000000 -0.962003 -0.088878 0.183323 -1.300069 0.190520 0.125557 -1.231682 -0.417210 0.525497 -1.648890 -0.301746 0.342018 -1.648890 -0.301746 0.342018 -0.537438 0.146869 -0.099176 -0.178142 -0.080022 0.220681 -0.752137 -0.015496 0.114597 -0.752137 -0.015496 0.114597 -0.725440 0.226968 -0.032515 -1.013075 -0.039120 0.271938 -0.943797 -0.350830 0.486238 -1.479337 -0.228417 0.585369 -1.540724 0.979556 -0.660409 -0.818764 1.384040 0.989912 -0.189626 -0.199376 -0.042285 -0.111232 1.384232 -0.178627 -0.080431 1.652628 -0.729884 -0.390623 0.017801 0.181552 -0.317408 -0.621838 0.301679
0.000000 0.000000 0.000000 0.000000 0.000000 0.000000 -0.841538 -0.053419 0.144823 -1.234277 0.158972 0.094912 -1.206980 -0.401552 0.529292 -1.633225 -0.284607 0.373961 -1.633225 -0.284607 0.373961 -0.481694 0.065348 -0.078295 -0.169767 -0.065514 0.218770 -0.758502 -0.030647 0.126526 -0.758502 -0.030647 0.126526 -0.735775 0.275683 -0.032028 -1.009972 0.009451 0.295299 -0.952435 -0.331159 0.489476 -1.474996 -0.243318 0.581077 -1.533503 0.960072 -0.650434 -0.824732 1.378003 1.001339 -0.178159 -0.175438 -0.033366 -0.112652 1.366605 -0.160359 -0.128388 1.644907 -0.736791 -0.437117 -0.023016 0.178765 -0.363846 -0.660943 0.314851
0.000000 0.000000 0.000000 0.000000 0.000000 0.000000 -0.934327 -0.061573 0.196670 -1.265943 0.181570 0.106891 -1.177816 -0.405530 0.513414 -1.601097 -0.225144 0.348192 -1.601097 -0.225144 0.348192 -0.527009 0.124749 -0.096659 -0.162322 -0.076800 0.201237 -0.734430 -0.040193 0.102929 -0.734430 -0.040193 0.102929 -0.732406 0.240644 -0.030870 -1.012817 -0.035257 0.278844 -0.950914 -0.350755 0.499936 -1.491199 -0.244862 0.578693 -1.540572 0.960921 -0.673451 -0.833633 1.380774 0.980256 -0.237128 -0.194823 -0.037968 -0.153986 1.348377 -0.208339 -0.119015 1.640672 -0.778575 -0.381731 -0.012902 0.188407 -0.307211 -0.652199 0.305816
0.000000 0.000000 0.000000 0.000000 0.000000 0.000000 -0.794276 -0.017595 0.147975 -1.186640 0.165745 0.109231 -1.167102 -0.395269 0.510305 -1.603144 -0.266417 0.372786 -1.603144 -0.266417 0.372786 -0.464065 0.064179 -0.051566 -0.172040 -0.069872 0.208297 -0.780192 -0.021451 0.140877 -0.780192 -0.021451 0.140877 -0.718515 0.295720 -0.047063 -1.003126 0.013573 0.267958 -0.966023 -0.318814 0.481434 -1.482227 -0.222959 0.567443 -1.537265 0.962300 -0.650027 -0.801867 1.394126 0.977072 -0.201678 -0.164256 -0.058979 -0.116139 1.323705 -0.194008 0.201652 1.626161 -0.695189 -0.398233 -0.050525 0.191824 -0.322665 -0.689150 0.315141
0.000000 0.000000 0.000000 0.000000 0.000000 0.000000 -0.887201 -0.027869 0.176440 -1.247993 0.176366 0.121330 -1.195759 -0.403593 0.506131 -1.628580 -0.268427 0.359923 -1.628580 -0.268427 0.359923 -0.524289 0.112966 -0.083585 -0.199945 -0.081885 0.213832 -0.798905 -0.007612 0.138653 -0.798905 -0.007612 0.138653 -0.711302 0.260538 -0.034695 -0.996164 -0.022210 0.265465 -0.939642 -0.330619 0.488413 -1.488319 -0.233403 0.587966 -1.550745 0.959734 -0.652453 -0.812003 1.428760 0.974978 -0.071694 -0.174866 -0.029453 -0.034836 1.324219 -0.075746 0.253803 1.660980 -0.580991 -0.388541 -0.023368 0.199024 -0.310765 -0.660373 0.318141
0.000000 0.000000 0.000000 0.000000 0.000000 0.000000 -0.815164 -0.028850 0.156863 -1.207326 0.162321 0.103199 -1.178397 -0.411375 0.505548 -1.631770 -0.173764 0.369523 -1.631770 -0.173764 0.369523 -0.458675 0.072344 -0.070205 -0.136364 -0.091314 0.208917 -0.710999 -0.035283 0.053427 -0.710999 -0.035283 0.053427 -0.731670 0.285588 -0.033403 -1.008258 0.014737 0.289011 -0.955120 -0.311319 0.497930 -1.513524 -0.230230 0.590571 -1.576941 0.929742 -0.644146 -0.833010 1.456705 0.966805 -0.113883 -0.189763 -0.040340 -0.059472 1.317442 -0.115415 0.262164 1.610340 -0.640446 -0.389494 -0.014528 0.194088 -0.312741 -0.654370 0.314021
0.000000 0.000000 0.000000 0.000000 0.000000 0.000000 -0.927219 -0.040400 0.204462 -1.267968 0.142790 0.114574 -1.188395 -0.384655 0.504838 -1.614948 -0.206152 0.383473 -1.614948 -0.206152 0.383473 -0.543776 0.117069 -0.090054 -0.183597 -0.082367 0.214036 -0.756995 -0.032136 0.083225 -0.756995 -0.032136 0.083225 -0.717768 0.255139 -0.041496 -1.000654 -0.012378 0.272788 -0.949263 -0.329203 0.493184 -1.500707 -0.228148 0.585450 -1.563973 0.940142 -0.641638 -0.813921 1.456900 0.966179 -0.099760 -0.194916 -0.028029 -0.057102 1.320968 -0.095642 0.279232 1.618812 -0.623397 -0.427172 -0.037855 0.165678 -0.358864 -0.676019 0.299132
0.000000 0.000000 0.000000 0.000000 0.000000 0.000000 -0.962396 -0.057760 0.218532 -1.275064 0.164251 0.121433 -1.178693 -0.405488 0.500898 -1.606497 -0.221689 0.369644 -1.606497 -0.221689 0.369644 -0.575900 0.154943 -0.113069 -0.201563 -0.098297 0.240480 -0.785002 -0.021133 0.119095 -0.785002 -0.021133 0.119095 -0.734617 0.218296 -0.045241 -1.014725 -0.033471 0.272924 -0.956067 -0.344963 0.491654 -1.501976 -0.246195 0.590028 -1.559980 0.938677 -0.656400 -0.799311 1.445601 0.936022 -0.184771 -0.202161 -0.026316 -0.123881 1.320884 -0.157829 0.243104 1.575812 -0.693340 -0.391169 0.000275 0.183659 -0.317639 -0.638666 0.304067
0.000000 0.000000 0.000000 0.000000 0.000000 0.000000 -0.944626 -0.048500 0.231061 -1.268648 0.147202 0.111101 -1.190582 -0.385223 0.500574 -1.612770 -0.220342 0.383226 -1.612770 -0.220342 0.383226 -0.576267 0.124366 -0.102224 -0.194626 -0.069158 0.201992 -0.766719 -0.011546 0.112976 -0.766719 -0.011546 0.112976 -0.724781 0.224682 -0.042143 -1.004524 -0.033170 0.276051 -0.940619 -0.345608 0.499504 -1.501410 -0.235638 0.589464 -1.561320 0.949252 -0.657670 -0.789290 1.438194 0.929394 -0.107397 -0.213961 -0.004582 -0.079756 1.315456 -0.083466 0.269046 1.589127 -0.639530 -0.427186 0.006954 0.173638 -0.355410 -0.631110 0.306079
0.000000 0.000000 0.000000 0.000000 0.000000 0.000000 -0.762101 -0.005590 0.146317 -1.157962 0.125357 0.099802 -1.165120 -0.384277 0.508611 -1.647934 -0.157250 0.389288 -1.647934 -0.157250 0.389288 -0.476979 0.011484 -0.043755 -0.164468 -0.048979 0.185280 -0.760461 -0.010685 0.119768 -0.760461 -0.010685 0.119768 -0.720784 0.314112 -0.044173 -0.996719 0.045118 0.280492 -0.962630 -0.296370 0.475392 -1.520878 -0.226255 0.582969 -1.581428 0.917331 -0.639239 -0.810393 1.443545 0.935492 -0.173752 -0.198078 -0.026361 -0.116247 1.311080 -0.148673 0.246662 1.538702 -0.715157 -0.428169 -0.053341 0.169797 -0.358809 -0.691221 0.303664
0.000000 0.000000 0.000000 0.000000 0.000000 0.000000 -0.803877 -0.010580 0.135087 -1.175162 0.125335 0.096221 -1.159482 -0.373406 0.503299 -1.626026 -0.167589 0.397894 -1.626026 -0.167589 0.397894 -0.505035 0.036188 -0.056065 -0.182776 -0.052663 0.192892 -0.776070 -0.027685 0.120267 -0.776070 -0.027685 0.120267 -0.723948 0.316983 -0.030551 -0.999625 0.036159 0.293402 -0.962951 -0.309027 0.482570 -1.518343 -0.201630 0.579220 -1.587333 0.921007 -0.618178 -0.805661 1.439681 0.951654 -0.191959 -0.176739 -0.023864 -0.133115 1.324646 -0.159995 0.227852 1.529983 -0.732768 -0.415944 -0.064698 0.192225 -0.339756 -0.703649 0.321759
0.000000 0.000000 0.000000 0.000000 0.000000 0.000000 -0.907083 -0.021216 0.204920 -1.234349 0.121298 0.129362 -1.179033 -0.366053 0.487521 -1.627098 -0.175971 0.387485 -1.627098 -0.175971 0.387485 -0.559931 0.113686 -0.086739 -0.191344 -0.089421 0.209006 -0.777381 -0.010042 0.108173 -0.777381 -0.010042 0.108173 -0.714602 0.269300 -0.035967 -0.999997 -0.010278 0.269117 -0.951161 -0.328301 0.484515 -1.506754 -0.219564 0.587899 -1.575856 0.929323 -0.626731 -0.790763 1.413554 0.941295 -0.149767 -0.194213 -0.006162 -0.112654 1.311975 -0.114999 0.228949 1.528092 -0.709730 -0.411445 -0.041832 0.192620 -0.335151 -0.678932 0.319881
0.000000 0.000000 0.000000 0.000000 0.000000 0.000000 -0.976390 -0.013023 0.240968 -1.254990 0.111896 0.152715 -1.157602 -0.364207 0.476876 -1.613330 -0.105107 0.393593 -1.613330 -0.105107 0.393593 -0.599089 0.153645 -0.091606 -0.182609 -0.104342 0.213216 -0.763385 0.000243 0.116330 -0.763385 0.000243 0.116330 -0.732640 0.233646 -0.059084 -1.021193 -0.029498 0.251829 -0.966522 -0.332930 0.484830 -1.555763 -0.227506 0.583834 -1.606581 0.902844 -0.664788 -0.820695 1.425965 0.891020 -0.205994 -0.201537 -0.017515 -0.148415 1.297772 -0.164676 0.206770 1.484274 -0.768783 -0.434760 -0.048363 0.173342 -0.363904 -0.686037 0.309187
0.000000 0.000000 0.000000 0.000000 0.000000 0.000000 -0.877306 -0.013066 0.192080 -1.194657 0.095186 0.121554 -1.139313 -0.349715 0.474240 -1.589486 -0.147585 0.411078 -1.589486 -0.147585 0.411078 -0.547997 0.091467 -0.085286 -0.178216 -0.096097 0.207177 -0.766935 -0.019468 0.110321 -0.766935 -0.019468 0.110321 -0.727256 0.296196 -0.030423 -1.013223 0.008721 0.278848 -0.962430 -0.321813 0.489378 -1.544506 -0.230256 0.585275 -1.602737 0.890345 -0.638739 -0.821796 1.432851 0.914731 -0.189490 -0.209450 -0.018313 -0.134982 1.287450 -0.152780 0.208200 1.464468 -0.754665 -0.411098 -0.026615 0.204319 -0.330337 -0.666163 0.331301
0.000000 0.000000 0.000000 0.000000 0.000000 0.000000 -0.864272 -0.013904 0.179231 -1.184621 0.116326 0.121109 -1.125954 -0.360943 0.487997 -1.582814 -0.135607 0.419098 -1.582814 -0.135607 0.419098 -0.542366 0.094219 -0.074436 -0.183121 -0.091767 0.202087 -0.777732 -0.007902 0.105672 -0.777732 -0.007902 0.105672 -0.727843 0.288170 -0.036032 -1.017737 -0.001993 0.268051 -0.970215 -0.326912 0.484047 -1.559749 -0.232703 0.577221 -1.609167 0.877799 -0.649399 -0.837139 1.444751 0.904745 -0.210040 -0.215063 -0.008015 -0.158473 1.280798 -0.159607 0.183043 1.448725 -0.765701 -0.396499 -0.031394 0.209474 -0.314750 -0.670785 0.331487
0.000000 0.000000 0.000000 0.000000 0.000000 0.000000 -0.873456 -0.015641 0.172182 -1.184104 0.103035 0.126600 -1.119785 -0.354114 0.477038 -1.586840 -0.084670 0.438985 -1.586840 -0.084670 0.438985 -0.525646 0.080753 -0.070241 -0.120274 -0.090257 0.189314 -0.677790 -0.053971 0.057559 -0.677790 -0.053971 0.057559 -0.730451 0.300302 -0.030421 -1.014944 0.016618 0.283273 -0.962559 -0.314954 0.486511 -1.549415 -0.215626 0.589330 -1.615245 0.889443 -0.626145 -0.811942 1.455169 0.905840 -0.195991 -0.175357 -0.025170 -0.137887 1.287296 -0.160669 0.172842 1.455263 -0.780577 -0.391948 -0.067521 0.220733 -0.307291 -0.706845 0.341560
0.000000 0.000000 0.000000 0.000000 0.000000 0.000000 -0.977098 -0.050685 0.218850 -1.245726 0.100086 0.137068 -1.144567 -0.356526 0.466892 -1.593832 -0.135979 0.444202 -1.593832 -0.135979 0.444202 -0.611853 0.134574 -0.095879 -0.182722 -0.095035 0.195955 -0.735506 -0.050845 0.042688 -0.735506 -0.050845 0.042688 -0.743187 0.263816 -0.026584 -1.031441 -0.010769 0.278485 -0.966477 -0.323571 0.485337 -1.536480 -0.210150 0.568250 -1.595896 0.889407 -0.618246 -0.789326 1.461420 0.905572 -0.181444 -0.190681 -0.018063 -0.130597 1.282489 -0.145099 0.160200 1.426813 -0.780074 -0.405703 -0.070516 0.194906 -0.329392 -0.707693 0.320708
0.000000 0.000000 0.000000 0.000000 0.000000 0.000000 -0.855179 -0.008376 0.148285 -1.177398 0.068677 0.124850 -1.139542 -0.353520 0.471099 -1.620648 -0.037334 0.463356 -1.620648 -0.037334 0.463356 -0.550716 0.053446 -0.060669 -0.179483 -0.084915 0.187120 -0.763349 -0.025790 0.096240 -0.763349 -0.025790 0.096240 -0.735272 0.324635 -0.021825 -1.015253 0.041824 0.296042 -0.979712 -0.300332 0.486379 -1.539432 -0.237049 0.595407 -1.607862 0.871439 -0.611799 -0.799339 1.432297 0.904739 -0.191684 -0.172782 -0.011391 -0.145674 1.267782 -0.144677 0.126687 1.372752 -0.793262 -0.410314 -0.068872 0.182580 -0.337710 -0.707023 0.310423
0.000000 0.000000 0.000000 0.000000 0.000000 0.000000 -0.995155 -0.022428 0.213997 -1.229121 0.077990 0.158062 -1.128132 -0.340455 0.447670 -1.550791 -0.133482 0.440532 -1.550791 -0.133482 0.440532 -0.650703 0.147015 -0.077952 -0.203956 -0.121841 0.194696 -0.774969 -0.063909 0.104171 -0.774969 -0.063909 0.104171 -0.737794 0.262017 -0.047212 -1.027597 -0.015748 0.263406 -0.987326 -0.336683 0.483548 -1.566172 -0.245044 0.590555 -1.621575 0.857037 -0.637408 -0.782846 1.401686 0.847424 -0.199624 -0.218255 -0.035947 -0.132475 1.242123 -0.170755 0.431533 1.182414 -0.656605 -0.439590 -0.082209 0.183829 -0.365713 -0.720265 0.321669
0.000000 0.000000 0.000000 0.000000 0.000000 0.000000 -0.889585 0.003924 0.165361 -1.195075 0.037952 0.112671 -1.154794 -0.332478 0.462749 -1.550153 -0.153591 0.368683 -1.550153 -0.153591 0.368683 -0.611707 0.052308 -0.076845 -0.183700 -0.083844 0.186091 -0.763307 -0.019399 0.123647 -0.763307 -0.019399 0.123647 -0.733473 0.344652 0.000671 -1.017464 0.046069 0.306013 -0.969193 -0.296912 0.485329 -1.551516 -0.229063 0.588975 -1.615727 0.868180 -0.617765 -0.761513 1.418569 0.856669 -0.219200 -0.226075 -0.002344 -0.169912 1.263247 -0.161003 0.340627 1.175275 -0.728118 -0.387645 -0.102737 0.200543 -0.310545 -0.741126 0.320962
0.000000 0.000000 0.000000 0.000000 0.000000 0.000000 -0.872961 0.013131 0.157306 -1.190346 0.048887 0.104831 -1.166864 -0.335614 0.462180 -1.544939 -0.197831 0.319717 -1.544939 -0.197831 0.319717 -0.601425 0.055362 -0.067617 -0.136411 -0.101582 0.171657 -0.687430 -0.049308 0.063310 -0.687430 -0.049308 0.063310 -0.733824 0.356462 0.012144 -1.018764 0.047480 0.313224 -0.984129 -0.305198 0.483699 -1.547485 -0.224978 0.578953 -1.609160 0.865789 -0.612197 -0.737879 1.390344 0.848352 -0.223909 -0.199270 -0.003268 -0.176411 1.243807 -0.160852 0.345392 1.106893 -0.702777 -0.385057 -0.106011 0.188414 -0.312111 -0.744324 0.308332
0.000000 0.000000 0.000000 0.000000 0.000000 0.000000 -0.849371 0.017621 0.175493 -1.182607 0.049680 0.113406 -1.179219 -0.318763 0.466571 -1.558982 -0.199685 0.324491 -1.558982 -0.199685 0.324491 -0.613093 0.055312 -0.062709 -0.172728 -0.085044 0.176474 -0.738756 -0.042389 0.080154 -0.738756 -0.042389 0.080154 -0.730835 0.341870 -0.009520 -1.021358 0.036332 0.297862 -0.978840 -0.310035 0.484459 -1.555148 -0.234274 0.588803 -1.616970 0.862741 -0.621102 -0.749902 1.393936 0.841623 -0.228711 -0.198854 -0.002499 -0.181579 1.231404 -0.162278 0.347127 1.088313 -0.693929 -0.398717 -0.119633 0.190478 -0.324871 -0.757710 0.315096
0.000000 0.000000 0.000000 0.000000 0.000000 0.000000 -0.863922 0.011205 0.166713 -1.181627 0.039525 0.110875 -1.172103 -0.324606 0.453297 -1.535052 -0.218238 0.297559 -1.535052 -0.218238 0.297559 -0.655316 0.048513 -0.073610 -0.234073 -0.089978 0.186623 -0.816765 -0.060557 0.123115 -0.816765 -0.060557 0.123115 -0.740276 0.354010 0.007205 -1.020532 0.055644 0.318344 -0.988037 -0.297016 0.492264 -1.566378 -0.210709 0.578712 -1.628564 0.861206 -0.614084 -0.753754 1.398084 0.844020 -0.229261 -0.183557 0.003575 -0.186912 1.241825 -0.157556 0.332903 1.094847 -0.704286 -0.401354 -0.113024 0.187127 -0.328378 -0.751261 0.312627
0.000000 0.000000 0.000000 0.000000 0.000000 0.000000 -0.881505 0.026994 0.201747 -1.191437 0.042039 0.117467 -1.171472 -0.325431 0.449437 -1.524239 -0.211497 0.273646 -1.524239 -0.211497 0.273646 -0.648786 0.070996 -0.076615 -0.189110 -0.105874 0.184374 -0.761764 -0.029599 0.096925 -0.761764 -0.029599 0.096925 -0.732907 0.335828 -0.009273 -1.017986 0.038673 0.293536 -0.983963 -0.299419 0.483007 -1.560743 -0.216240 0.576867 -1.619762 0.867454 -0.621761 -0.742102 1.420200 0.830984 -0.224485 -0.202050 -0.003442 -0.176385 1.245842 -0.161855 0.340623 1.082282 -0.711966 -0.428974 -0.083166 0.199167 -0.350844 -0.718675 0.332530
0.000000 0.000000 0.000000 0.000000 0.000000 0.000000 -0.886380 0.024913 0.195854 -1.195169 0.041663 0.133638 -1.189076 -0.328845 0.445638 -1.548718 -0.199993 0.279446 -1.548718 -0.199993 0.279446 -0.663393 0.075825 -0.080678 -0.197444 -0.101929 0.192146 -0.776500 -0.029537 0.138892 -0.776500 -0.029537 0.138892 -0.736820 0.334796 -0.021724 -1.027710 0.034221 0.280765 -0.993739 -0.303254 0.482087 -1.561067 -0.219430 0.567580 -1.615569 0.856072 -0.617817 -0.709163 1.362321 0.811880 -0.198862 -0.196067 -0.013432 -0.149573 1.243853 -0.150925 0.372663 1.080750 -0.701703 -0.429968 -0.087797 0.201470 -0.350855 -0.725151 0.335559
0.000000 0.000000 0.000000 0.000000 0.000000 0.000000 -0.889747 0.023568 0.196920 -1.191021 0.028677 0.120032 -1.177086 -0.325030 0.452271 -1.524761 -0.201895 0.288352 -1.524761 -0.201895 0.288352 -0.639692 0.058424 -0.078949 -0.146965 -0.106320 0.174385 -0.708845 -0.019625 0.118127 -0.708845 -0.019625 0.118127 -0.741071 0.334806 -0.019048 -1.033436 0.033696 0.280884 -1.006466 -0.303928 0.480508 -1.568980 -0.216842 0.565790 -1.622332 0.849629 -0.617800 -0.714023 1.372173 0.807896 -0.228205 -0.213847 -0.001931 -0.180300 1.231514 -0.162797 0.346585 1.056479 -0.701740 -0.433439 -0.089123 0.194688 -0.356608 -0.725428 0.329935
0.000000 0.000000 0.000000 0.000000 0.000000 0.000000 -0.878527 0.026582 0.174706 -1.196142 0.023724 0.133990 -1.187231 -0.313822 0.446066 -1.535266 -0.199185 0.274896 -1.535266 -0.199185 0.274896 -0.655418 0.063290 -0.069220 -0.186201 -0.104209 0.189726 -0.776931 -0.019751 0.141691 -0.776931 -0.019751 0.141691 -0.732823 0.343255 -0.029443 -1.022203 0.048681 0.276595 -0.995507 -0.287677 0.477378 -1.605384 -0.203683 0.551651 -1.650239 0.822095 -0.621810 -0.737356 1.404494 0.784237 -0.208052 -0.185446 -0.014794 -0.158360 1.218627 -0.155314 0.423022 1.179170 -0.728534 -0.357259 -0.098438 0.244488 -0.266586 -0.737560 0.353676
0.000000 0.000000 0.000000 0.000000 0.000000 0.000000 -0.885481 0.022833 0.174445 -1.191832 0.005815 0.132851 -1.170795 -0.299781 0.439949 -1.504897 -0.187756 0.272289 -1.504897 -0.187756 0.272289 -0.662011 0.049051 -0.068209 -0.187115 -0.090156 0.170884 -0.772232 -0.015771 0.146929 -0.772232 -0.015771 0.146929 -0.738413 0.343614 -0.027935 -1.027848 0.048148 0.278789 -1.001654 -0.287701 0.482107 -1.588714 -0.209840 0.573091 -1.647775 0.829892 -0.605153 -0.729518 1.401744 0.801391 -0.222960 -0.181139 -0.007974 -0.175893 1.211260 -0.158992 0.404517 1.173450 -0.740006 -0.382511 -0.105323 0.237415 -0.293666 -0.742466 0.354995
0.000000 0.000000 0.000000 0.000000 0.000000 0.000000 -0.905974 0.032971 0.185652 -1.208656 0.012879 0.128175 -1.184617 -0.317571 0.438380 -1.511506 -0.208581 0.255024 -1.511506 -0.208581 0.255024 -0.682558 0.062791 -0.073814 -0.192582 -0.105048 0.173923 -0.768138 -0.009220 0.111363 -0.768138 -0.009220 0.111363 -0.727681 0.341269 -0.020414 -1.018094 0.040769 0.280783 -0.999810 -0.295273 0.478675 -1.609203 -0.210592 0.558348 -1.651395 0.830601 -0.639681 -0.736235 1.383481 0.773137 -0.234226 -0.196536 0.001219 -0.189912 1.212989 -0.160915 0.390678 1.148665 -0.735722 -0.389119 -0.105417 0.226963 -0.303597 -0.741839 0.346887
0.000000 0.000000 0.000000 0.000000 0.000000 0.000000 -0.876909 0.041560 0.170640 -1.209281 -0.025232 0.111725 -1.216925 -0.289504 0.448422 -1.548797 -0.187372 0.261646 -1.548797 -0.187372 0.261646 -0.695166 0.044039 -0.072845 -0.217058 -0.117783 0.168258 -0.805514 -0.009556 0.129754 -0.805514 -0.009556 0.129754 -0.718008 0.374155 0.005228 -1.010594 0.053507 0.293715 -0.993950 -0.294530 0.480179 -1.576964 -0.206089 0.561486 -1.633434 0.834192 -0.600230 -0.718338 1.438618 0.799557 -0.253531 -0.192114 0.005192 -0.208368 1.215803 -0.171079 0.283230 1.208429 -0.777019 -0.395872 -0.081859 0.211197 -0.314988 -0.717636 0.333225
0.000000 0.000000 0.000000 0.000000 0.000000 0.000000 -0.937034 0.051387 0.181855 -1.220906 -0.012398 0.120962 -1.188635 -0.299633 0.450988 -1.523757 -0.126568 0.253898 -1.523757 -0.126568 0.253898 -0.729581 0.072509 -0.075329 -0.193270 -0.111176 0.159546 -0.753748 -0.004762 0.129110 -0.753748 -0.004762 0.129110 -0.722726 0.346058 -0.003209 -1.024596 0.024807 0.276550 -1.002885 -0.310631 0.476333 -1.586518 -0.215154 0.561344 -1.636689 0.830082 -0.615831 -0.726647 1.415042 0.791985 -0.242121 -0.180667 0.011935 -0.205040 1.211625 -0.156024 0.282821 1.155553 -0.757992 -0.439163 -0.102489 0.213395 -0.356470 -0.737089 0.349979
0.000000 0.000000 0.000000 0.000000 0.000000 0.000000 -0.926334 0.043261 0.179054 -1.217746 -0.021844 0.130884 -1.211622 -0.292706 0.437162 -1.543137 -0.177982 0.261619 -1.543137 -0.177982 0.261619 -0.733088 0.066332 -0.071978 -0.188740 -0.112092 0.176483 -0.767573 -0.026204 0.177529 -0.767573 -0.026204 0.177529 -0.712629 0.372284 -0.008587 -1.012988 0.046538 0.271774 -1.000223 -0.296953 0.466767 -1.589314 -0.214756 0.573348 -1.647850 0.823172 -0.602859 -0.715794 1.369681 0.795812 -0.187975 -0.191802 0.008929 -0.159227 1.192960 -0.120306 0.305112 1.140822 -0.771794 -0.447601 -0.109379 0.217058 -0.363411 -0.744628 0.356653
0.000000 0.000000 0.000000 0.000000 0.000000 0.000000 -0.903924 0.044441 0.167815 -1.197609 -0.020271 0.133703 -1.198511 -0.290611 0.430856 -1.530633 -0.154579 0.248154 -1.530633 -0.154579 0.248154 -0.746936 0.048960 -0.081152 -0.213422 -0.103676 0.176852 -0.793392 -0.021850 0.148400 -0.793392 -0.021850 0.148400 -0.734717 0.381667 0.005817 -1.032756 0.051726 0.283275 -1.005980 -0.293231 0.468897 -1.568469 -0.207773 0.565733 -1.630007 0.832826 -0.588131 -0.696546 1.358703 0.814134 -0.252399 -0.194101 0.013635 -0.213122 1.215853 -0.163686 0.270165 1.122119 -0.791306 -0.419003 -0.105436 0.221083 -0.334425 -0.741107 0.350992
0.000000 0.000000 0.000000 0.000000 0.000000 0.000000 -0.938437 0.044938 0.184086 -1.215956 -0.028386 0.123298 -1.196992 -0.295461 0.425831 -1.511128 -0.183714 0.258681 -1.511128 -0.183714 0.258681 -0.757670 0.059521 -0.094343 -0.180291 -0.109277 0.173792 -0.736530 -0.017587 0.129336 -0.736530 -0.017587 0.129336 -0.741892 0.373121 0.013149 -1.036809 0.045915 0.297286 -1.009873 -0.303210 0.477510 -1.603224 -0.216662 0.559991 -1.651078 0.810762 -0.614287 -0.721618 1.339371 0.788207 -0.242166 -0.187958 0.022847 -0.212501 1.201588 -0.146724 0.287797 1.100181 -0.752575 -0.384983 -0.082758 0.230774 -0.297811 -0.720299 0.348982
0.000000 0.000000 0.000000 0.000000 0.000000 0.000000 -0.898877 0.026292 0.159435 -1.202665 -0.009860 0.143778 -1.209814 -0.297610 0.424909 -1.566187 -0.103763 0.251159 -1.566187 -0.103763 0.251159 -0.753232 0.064394 -0.071669 -0.205860 -0.112005 0.158457 -0.786919 0.000986 0.120852 -0.786919 0.000986 0.120852 -0.737456 0.369213 0.012338 -1.030729 0.035567 0.287975 -1.008574 -0.313803 0.474715 -1.607005 -0.203593 0.565649 -1.664826 0.802528 -0.591009 -0.734572 1.406528 0.793572 -0.238203 -0.207164 0.033645 -0.216235 1.180837 -0.134721 0.278796 1.069266 -0.773544 -0.410901 -0.104481 0.202016 -0.332713 -0.741338 0.329912
0.000000 0.000000 0.000000 0.000000 0.000000 0.000000 -0.941298 0.025583 0.155833 -1.212465 -0.001582 0.133854 -1.178473 -0.313437 0.414427 -1.505677 -0.152672 0.249579 -1.505677 -0.152672 0.249579 -0.787462 0.065880 -0.090854 -0.222016 -0.105378 0.170632 -0.796707 -0.016715 0.150553 -0.796707 -0.016715 0.150553 -0.742755 0.375704 0.020207 -1.030467 0.041542 0.296390 -1.004693 -0.310371 0.474848 -1.635812 -0.197332 0.563939 -1.686158 0.800663 -0.615880 -0.747733 1.401052 0.766137 -0.234068 -0.200367 0.019161 -0.203256 1.186749 -0.143641 0.293375 1.071184 -0.804399 -0.430405 -0.104309 0.199989 -0.352284 -0.740297 0.334295
0.000000 0.000000 0.000000 0.000000 0.000000 0.000000 -0.958003 0.011311 0.167840 -1.240907 -0.007247 0.144729 -1.204849 -0.300655 0.419665 -1.506354 -0.171618 0.224351 -1.506354 -0.171618 0.224351 -0.793675 0.093761 -0.083948 -0.202809 -0.109336 0.165296 -0.776195 -0.027878 0.156567 -0.776195 -0.027878 0.156567 -0.745363 0.351826 0.002778 -1.029669 0.021347 0.276243 -1.003747 -0.319125 0.473492 -1.571683 -0.185421 0.533583 -1.626298 0.813853 -0.567207 -0.700572 1.355366 0.833211 -0.218871 -0.203857 0.024852 -0.194836 1.181111 -0.128305 0.313210 1.038105 -0.798629 -0.462778 -0.108689 0.194931 -0.385280 -0.744074 0.340211
0.000000 0.000000 0.000000 0.000000 0.000000 0.000000 -0.939605 0.029490 0.195067 -1.205436 -0.019886 0.145020 -1.157638 -0.300215 0.403132 -1.437812 -0.183693 0.197921 -1.437812 -0.183693 0.197921 -0.787439 0.086164 -0.086897 -0.201293 -0.120765 0.171238 -0.782156 -0.004321 0.145108 -0.782156 -0.004321 0.145108 -0.754183 0.356243 0.002033 -1.036807 0.030142 0.276796 -1.008187 -0.310744 0.471679 -1.598640 -0.209794 0.552168 -1.650880 0.792420 -0.584855 -0.734789 1.364817 0.814863 -0.246540 -0.210161 0.022280 -0.214466 1.190908 -0.151222 0.303074 1.033200 -0.808823 -0.422087 -0.082003 0.209924 -0.340511 -0.718506 0.340868
0.000000 0.000000 0.000000 0.000000 0.000000 0.000000 -0.944874 0.031189 0.178089 -1.238020 -0.037355 0.163789 -1.224236 -0.284986 0.400899 -1.527051 -0.155048 0.205969 -1.527051 -0.155048 0.205969 -0.765153 0.072914 -0.073316 -0.140228 -0.127834 0.159548 -0.694875 -0.041821 0.093254 -0.694875 -0.041821 0.093254 -0.782915 0.357846 -0.008925 -1.059506 0.037441 0.280183 -1.020303 -0.302343 0.480351 -1.633409 -0.215849 0.565555 -1.684232 0.773836 -0.599298 -0.755343 1.358586 0.789163 -0.234090 -0.199218 0.021819 -0.204971 1.190630 -0.141839 0.309615 1.019898 -0.798774 -0.429300 -0.101834 0.196769 -0.352276 -0.737528 0.330683
0.000000 0.000000 0.000000 0.000000 0.000000 0.000000 -0.943852 0.038218 0.174821 -1.230396 -0.024777 0.155147 -1.208851 -0.289754 0.403041 -1.506546 -0.159251 0.203232 -1.506546 -0.159251 0.203232 -0.796480 0.091492 -0.078207 -0.195857 -0.120711 0.167274 -0.766225 -0.043788 0.100252 -0.766225 -0.043788 0.100252 -0.781962 0.353456 0.009548 -1.055613 0.027841 0.287973 -1.015662 -0.306768 0.485100 -1.621942 -0.192796 0.565680 -1.683252 0.787209 -0.577309 -0.733693 1.374227 0.797465 -0.241020 -0.186873 0.024578 -0.213810 1.182178 -0.142047 0.304972 1.017095 -0.808888 -0.428275 -0.082493 0.209305 -0.346939 -0.717252 0.342001
0.000000 0.000000 0.000000 0.000000 0.000000 0.000000 -0.964739 0.051159 0.183745 -1.249902 -0.046866 0.173194 -1.228097 -0.292237 0.382187 -1.526557 -0.151918 0.178359 -1.526557 -0.151918 0.178359 -0.814446 0.083374 -0.084128 -0.199007 -0.132646 0.168308 -0.764397 -0.016572 0.078504 -0.764397 -0.016572 0.078504 -0.775395 0.364085 -0.000867 -1.052364 0.032672 0.272865 -1.019109 -0.304718 0.476963 -1.637359 -0.224320 0.570747 -1.685436 0.776539 -0.613246 -0.737430 1.382481 0.752872 -0.250242 -0.202976 0.036017 -0.228073 1.176986 -0.140107 0.286562 0.989275 -0.818586 -0.422065 -0.072351 0.216957 -0.338068 -0.708381 0.347429
0.000000 0.000000 0.000000 0.000000 0.000000 0.000000 -0.957209 0.041784 0.143524 -1.230701 -0.051170 0.135851 -1.183255 -0.286687 0.410967 -1.450435 -0.169577 0.174816 -1.450435 -0.169577 0.174816 -0.814814 0.061341 -0.095867 -0.200587 -0.106997 0.167998 -0.759745 -0.030775 0.092872 -0.759745 -0.030775 0.092872 -0.764498 0.377321 0.015076 -1.046117 0.036885 0.283736 -1.027529 -0.308809 0.478061 -1.657942 -0.200097 0.552749 -1.706214 0.749948 -0.587939 -0.767148 1.403639 0.770715 -0.263136 -0.196745 0.021279 -0.230671 1.148742 -0.156504 0.308525 0.985757 -0.832622 -0.427430 -0.091690 0.223470 -0.341635 -0.726460 0.355692
0.000000 0.000000 0.000000 0.000000 0.000000 0.000000 -0.932513 0.043415 0.156361 -1.182611 -0.039491 0.166057 -1.106217 -0.291608 0.373568 -1.341689 -0.202793 0.127688 -1.341689 -0.202793 0.127688 -0.822869 0.054847 -0.080239 -0.214286 -0.113832 0.172657 -0.793622 -0.043177 0.105291 -0.793622 -0.043177 0.105291 -0.769788 0.392782 0.006026 -1.043833 0.054630 0.280920 -1.018864 -0.296234 0.473570 -1.635337 -0.200519 0.554008 -1.686437 0.769665 -0.586821 -0.736417 1.368892 0.780336 -0.247322 -0.189068 0.031207 -0.224356 1.158821 -0.138194 0.317146 0.992859 -0.829657 -0.416709 -0.086958 0.218463 -0.332520 -0.724078 0.347593
0.000000 0.000000 0.000000 0.000000 0.000000 0.000000 -0.934560 0.047251 0.155779 -1.239088 -0.061080 0.153044 -1.219732 -0.284468 0.403077 -1.505950 -0.132912 0.171449 -1.505950 -0.132912 0.171449 -0.856394 0.051342 -0.075734 -0.246939 -0.107401 0.164916 -0.840780 -0.009193 0.183108 -0.840780 -0.009193 0.183108 -0.747524 0.393365 0.010604 -1.030507 0.061314 0.289903 -1.015174 -0.291195 0.471897 -1.640946 -0.196794 0.565763 -1.700170 0.763939 -0.574194 -0.757889 1.358237 0.803549 -0.262365 -0.181976 0.035690 -0.240881 1.144633 -0.141833 0.328030 1.033983 -0.848429 -0.388712 -0.109919 0.213213 -0.307584 -0.747844 0.333705
0.000000 0.000000 0.000000 0.000000 0.000000 0.000000 -0.949004 0.049235 0.145057 -1.249829 -0.047414 0.156039 -1.204251 -0.296626 0.378408 -1.471213 -0.166339 0.160038 -1.471213 -0.166339 0.160038 -0.860843 0.076533 -0.087263 -0.235520 -0.138534 0.165271 -0.826113 -0.027835 0.197556 -0.826113 -0.027835 0.197556 -0.744168 0.405287 0.037663 -1.024825 0.052371 0.292193 -1.019521 -0.298453 0.479027 -1.663868 -0.197259 0.554070 -1.712865 0.747561 -0.587503 -0.763626 1.349821 0.781467 -0.252285 -0.208195 0.035527 -0.229922 1.157867 -0.140015 0.360830 1.017631 -0.828111 -0.432958 -0.103393 0.204174 -0.353522 -0.738194 0.338973
0.000000 0.000000 0.000000 0.000000 0.000000 0.000000 -1.072648 0.055319 0.199352 -1.345149 -0.047983 0.156073 -1.272351 -0.296197 0.386881 -1.537441 -0.159833 0.173823 -1.537441 -0.159833 0.173823 -0.885948 0.140808 -0.116445 -0.258289 -0.143547 0.155136 -0.790097 -0.009044 0.160162 -0.790097 -0.009044 0.160162 -0.753452 0.329687 0.041320 -1.029693 -0.010438 0.283536 -1.011535 -0.324746 0.493856 -1.645436 -0.205057 0.556307 -1.695680 0.757663 -0.586810 -0.739926 1.347388 0.778546 -0.262968 -0.214897 0.036162 -0.238768 1.152767 -0.146838 0.361195 1.004900 -0.828069 -0.425073 -0.072567 0.213116 -0.342520 -0.706704 0.344332
0.000000 0.000000 0.000000 0.000000 0.000000 0.000000 -0.974864 0.023810 0.165752 -1.230013 -0.051934 0.147592 -1.127201 -0.294665 0.365346 -1.345831 -0.196713 0.131944 -1.345831 -0.196713 0.131944 -0.828037 0.085396 -0.105572 -0.215921 -0.136117 0.154746 -0.756955 -0.036363 0.165386 -0.756955 -0.036363 0.165386 -0.764808 0.382019 0.038080 -1.039420 0.038335 0.302647 -1.026261 -0.311090 0.497290 -1.655944 -0.217191 0.555776 -1.702964 0.734892 -0.584113 -0.747322 1.344493 0.772766 -0.274437 -0.210354 0.030861 -0.245215 1.147165 -0.157619 0.363870 0.989506 -0.837942 -0.419584 -0.066432 0.209047 -0.338008 -0.703581 0.339011
0.000000 0.000000 0.000000 0.000000 0.000000 0.000000 -0.973651 0.034609 0.145545 -1.257316 -0.068592 0.176094 -1.153713 -0.285264 0.352512 -1.363335 -0.182794 0.069537 -1.363335 -0.182794 0.069537 -0.846397 0.067386 -0.094826 -0.225602 -0.115549 0.154417 -0.768329 -0.034568 0.167972 -0.768329 -0.034568 0.167972 -0.746383 0.393614 0.024406 -1.024065 0.054806 0.296907 -1.023435 -0.301403 0.481699 -1.673013 -0.199778 0.542812 -1.714054 0.737543 -0.595359 -0.750259 1.363611 0.751834 -0.278795 -0.189984 0.042150 -0.258939 1.126053 -0.145698 0.374774 1.005820 -0.837599 -0.432638 -0.088457 0.198536 -0.354613 -0.724394 0.333326
0.000000 0.000000 0.000000 0.000000 0.000000 0.000000 -0.971438 0.040129 0.152939 -1.329640 -0.082846 0.150606 -1.294384 -0.282794 0.381679 -1.546508 -0.192715 0.122522 -1.546508 -0.192715 0.122522 -0.849028 0.056018 -0.103111 -0.230949 -0.113258 0.146286 -0.771126 -0.023441 0.165974 -0.771126 -0.023441 0.165974 -0.737790 0.389165 0.033230 -1.018561 0.050009 0.302442 -1.014529 -0.303543 0.483859 -1.651053 -0.197914 0.554104 -1.702173 0.754229 -0.582243 -0.736939 1.355919 0.772655 -0.269250 -0.197126 0.036116 -0.246820 1.121349 -0.144657 0.377339 0.995915 -0.854465 -0.419895 -0.082485 0.206809 -0.339652 -0.717573 0.336839
0.000000 0.000000 0.000000 0.000000 0.000000 0.000000 -0.959410 0.034447 0.129961 -1.326944 -0.077484 0.144269 -1.292529 -0.295727 0.383769 -1.560266 -0.156567 0.124395 -1.560266 -0.156567 0.124395 -0.863284 0.057128 -0.098663 -0.251902 -0.123590 0.143018 -0.805059 -0.020026 0.133272 -0.805059 -0.020026 0.133272 -0.736023 0.393779 0.042097 -1.027669 0.052053 0.309478 -1.024960 -0.299474 0.493153 -1.640491 -0.204648 0.547633 -1.689231 0.750337 -0.577470 -0.731878 1.330608 0.787279 -0.248463 -0.204559 0.046159 -0.236543 1.098533 -0.120592 0.379907 1.000221 -0.873289 -0.429987 -0.074816 0.200910 -0.351161 -0.709818 0.334310
0.000000 0.000000 0.000000 0.000000 0.000000 0.000000 -0.957500 0.042847 0.161443 -1.310559 -0.057835 0.148405 -1.235829 -0.309455 0.372328 -1.513984 -0.094615 0.185725 -1.513984 -0.094615 0.185725 -0.869732 0.078139 -0.115152 -0.251711 -0.145358 0.158682 -0.812598 -0.014264 0.153441 -0.812598 -0.014264 0.153441 -0.728646 0.386503 0.050833 -1.029066 0.033712 0.306063 -1.036693 -0.318686 0.494561 -1.672974 -0.196557 0.537017 -1.716715 0.719550 -0.572716 -0.788558 1.351079 0.799031 -0.300444 -0.190147 0.042530 -0.277877 1.110719 -0.157270 0.343104 0.968600 -0.909295 -0.428220 -0.075517 0.196753 -0.350823 -0.710638 0.329712
0.000000 0.000000 0.000000 0.000000 0.000000 0.000000 -0.971015 0.049947 0.176492 -1.334572 -0.102833 0.144895 -1.239097 -0.277939 0.357077 -1.502929 -0.099251 0.211662 -1.502929 -0.099251 0.211662 -0.868191 0.065677 -0.112812 -0.251153 -0.131345 0.153204 -0.794079 -0.034890 0.140810 -0.794079 -0.034890 0.140810 -0.730758 0.402191 0.035198 -1.028092 0.054750 0.302649 -1.026710 -0.300112 0.488767 -1.672469 -0.205404 0.561661 -1.723973 0.730131 -0.579381 -0.784917 1.350790 0.791076 -0.257463 -0.192978 0.028708 -0.234196 1.088401 -0.138282 0.390627 0.982144 -0.936001 -0.445550 -0.093192 0.193321 -0.369058 -0.727645 0.332359
0.000000 0.000000 0.000000 0.000000 0.000000 0.000000 -0.984878 0.090830 0.157820 -1.350561 -0.059695 0.150987 -1.225790 -0.302906 0.361975 -1.501290 -0.023144 0.256303 -1.501290 -0.023144 0.256303 -0.893107 0.095549 -0.127983 -0.280513 -0.135931 0.172217 -0.820835 0.010616 0.179690 -0.820835 0.010616 0.179690 -0.733863 0.365667 0.058209 -1.029679 0.013310 0.310112 -1.021730 -0.330678 0.502732 -1.720734 -0.215916 0.571530 -1.767899 0.690824 -0.589018 -0.863787 1.344926 0.801092 -0.265669 -0.190445 0.042885 -0.249761 1.097934 -0.132640 0.374065 1.003904 -0.977736 -0.433237 -0.084128 0.178651 -0.361731 -0.719419 0.313966
0.000000 0.000000 0.000000 0.000000 0.000000 0.000000 -0.965843 0.073490 0.153610 -1.364168 -0.079393 0.160898 -1.272074 -0.294509 0.342970 -1.566896 -0.032583 0.270972 -1.566896 -0.032583 0.270972 -0.874658 0.075080 -0.113714 -0.255390 -0.140886 0.151985 -0.781576 -0.011109 0.139623 -0.781576 -0.011109 0.139623 -0.725504 0.388676 0.057442 -1.024909 0.031964 0.309318 -1.021353 -0.319887 0.499267 -1.698050 -0.197365 0.568432 -1.754096 0.709381 -0.567549 -0.840981 1.334056 0.826621 -0.277044 -0.191973 0.040403 -0.257727 1.094370 -0.141712 0.384126 1.000902 -0.978099 -0.448304 -0.081444 0.169811 -0.378988 -0.717331 0.310497
0.000000 0.000000 0.000000 0.000000 0.000000 0.000000 -0.987391 0.099359 0.137722 -1.385662 -0.075875 0.154936 -1.240962 -0.298633 0.336486 -1.508982 -0.060545 0.239504 -1.508982 -0.060545 0.239504 -0.898623 0.087644 -0.130586 -0.285627 -0.137391 0.163578 -0.811404 0.016705 0.200499 -0.811404 0.016705 0.200499 -0.741809 0.371399 0.081632 -1.029365 0.002586 0.304241 -1.016874 -0.338677 0.500007 -1.659330 -0.202427 0.548097 -1.710367 0.722059 -0.560192 -0.799236 1.289935 0.845464 -0.264265 -0.215598 0.041673 -0.246343 1.090676 -0.134826 0.390960 0.975874 -0.985289 -0.447576 -0.067844 0.171969 -0.377372 -0.703197 0.312002
0.000000 0.000000 0.000000 0.000000 0.000000 0.000000 -0.990854 0.111620 0.117067 -1.395542 -0.064616 0.165354 -1.251637 -0.299022 0.330301 -1.526688 -0.027960 0.211506 -1.526688 -0.027960 0.211506 -0.894993 0.113259 -0.129025 -0.275094 -0.157448 0.157445 -0.802666 -0.008498 0.166268 -0.802666 -0.008498 0.166268 -0.751172 0.357290 0.094938 -1.040042 -0.017976 0.308601 -1.022212 -0.357632 0.507872 -1.698221 -0.198946 0.542249 -1.737647 0.713444 -0.592176 -0.837031 1.304586 0.817035 -0.324309 -0.211416 0.051730 -0.302092 1.103080 -0.167094 0.357358 0.963560 -0.978200 -0.430463 -0.066399 0.178840 -0.358525 -0.702620 0.313103
0.000000 0.000000 0.000000 0.000000 0.000000 0.000000 -1.000852 0.133275 0.134985 -1.404786 -0.050720 0.158105 -1.249672 -0.329788 0.346818 -1.559291 0.026781 0.284179 -1.559291 0.026781 0.284179 -0.878001 0.114397 -0.137851 -0.261294 -0.160879 0.154846 -0.763964 -0.018507 0.142385 -0.763964 -0.018507 0.142385 -0.772840 0.338040 0.088325 -1.048203 -0.025692 0.310898 -1.012039 -0.356207 0.512372 -1.680049 -0.214248 0.562537 -1.727976 0.721395 -0.586377 -0.838499 1.303604 0.834751 -0.315755 -0.219145 0.055476 -0.297434 1.091060 -0.157515 0.375202 0.951001 -0.952878 -0.436457 -0.030899 0.178809 -0.363796 -0.665660 0.314166
0.000000 0.000000 0.000000 0.000000 0.000000 0.000000 -1.122474 0.115130 0.171625 -1.403508 -0.038318 0.173098 -1.117901 -0.342664 0.313874 -1.352343 -0.021553 0.271045 -1.352343 -0.021553 0.271045 -0.938660 0.170772 -0.166479 -0.324536 -0.160970 0.170689 -0.797576 -0.021609 0.164783 -0.797576 -0.021609 0.164783 -0.790577 0.295612 0.082660 -1.058759 -0.060573 0.308617 -1.015592 -0.383259 0.517235 -1.722383 -0.201480 0.538326 -1.759049 0.682875 -0.584887 -0.894201 1.355149 0.826546 -0.325659 -0.226628 0.060986 -0.308790 1.085336 -0.159626 0.369814 0.933144 -0.942451 -0.450321 -0.018821 0.174301 -0.378318 -0.653584 0.314213
0.000000 0.000000 0.000000 0.000000 0.000000 0.000000 -1.060741 0.122874 0.155292 -1.406805 -0.071405 0.162243 -1.186950 -0.309108 0.333642 -1.442198 0.035009 0.274341 -1.442198 0.035009 0.274341 -0.914387 0.130264 -0.151612 -0.301035 -0.154903 0.162959 -0.774446 -0.031281 0.145085 -0.774446 -0.031281 0.145085 -0.800195 0.326924 0.085459 -1.066767 -0.040406 0.315758 -1.010441 -0.380937 0.514218 -1.727613 -0.186950 0.525762 -1.760562 0.689059 -0.589991 -0.889154 1.366585 0.815895 -0.280146 -0.216912 0.056551 -0.269392 1.079419 -0.131317 0.403586 0.939503 -0.934821 -0.455304 -0.047054 0.165430 -0.386483 -0.682572 0.307921
0.000000 0.000000 0.000000 0.000000 0.000000 0.000000 -1.001840 0.187711 0.093024 -1.420509 -0.095298 0.163813 -1.280458 -0.282716 0.319439 -1.560788 0.017121 0.271719 -1.560788 0.017121 0.271719 -0.903588 0.114900 -0.125567 -0.278816 -0.166607 0.145686 -0.758621 -0.031604 0.098133 -0.758621 -0.031604 0.098133 -0.804960 0.337074 0.086962 -1.073115 -0.027890 0.326936 -1.025285 -0.369790 0.526467 -1.738009 -0.209896 0.560706 -1.784667 0.659388 -0.566321 -0.960420 1.391383 0.859515 -0.318561 -0.190216 0.051726 -0.300425 1.079277 -0.156222 0.398662 0.915064 -0.968732 -0.469018 -0.042716 0.145712 -0.405973 -0.678496 0.293381
0.000000 0.000000 0.000000 0.000000 0.000000 0.000000 -1.016343 0.210009 0.088985 -1.419920 -0.079323 0.159171 -1.255909 -0.311050 0.322147 -1.526583 -0.023983 0.272705 -1.526583 -0.023983 0.272705 -0.958165 0.115319 -0.136512 -0.339832 -0.157882 0.163157 -0.838571 -0.039206 0.128997 -0.838571 -0.039206 0.128997 -0.802965 0.334501 0.094424 -1.067443 -0.032347 0.333631 -1.019133 -0.378933 0.525577 -1.720976 -0.192631 0.545738 -1.765724 0.684268 -0.569564 -0.937219 1.383296 0.866095 -0.314401 -0.196519 0.063463 -0.303807 1.079181 -0.144653 0.392407 0.912471 -0.961294 -0.455792 -0.061616 0.144096 -0.394357 -0.696219 0.287412
0.000000 0.000000 0.000000 0.000000 0.000000 0.000000 -1.007625 0.250466 0.057033 -1.415591 -0.094459 0.143628 -1.267064 -0.286180 0.324986 -1.532069 -0.016812 0.272284 -1.532069 -0.016812 0.272284 -0.931312 0.098658 -0.145123 -0.316523 -0.144978 0.148210 -0.779138 -0.029662 0.121671 -0.779138 -0.029662 0.121671 -0.839532 0.309031 0.104835 -1.082900 -0.044871 0.351402 -1.020015 -0.387142 0.535785 -1.772032 -0.193208 0.546175 -1.810677 0.648655 -0.579094 -1.049870 1.406973 0.897167 -0.288622 -0.195875 0.055731 -0.277116 1.087126 -0.135769 0.418181 0.906169 -0.996412 -0.453294 -0.027289 0.151806 -0.388502 -0.663535 0.293860
0.000000 0.000000 0.000000 0.000000 0.000000 0.000000 -0.988313 0.236266 0.032965 -1.411595 -0.096518 0.146366 -1.270515 -0.302684 0.329414 -1.545278 0.042015 0.245310 -1.545278 0.042015 0.245310 -0.930562 0.086397 -0.146940 -0.317707 -0.142959 0.153784 -0.787206 -0.032070 0.123633 -0.787206 -0.032070 0.123633 -0.847420 0.319057 0.106741 -1.083138 -0.028512 0.357310 -1.016046 -0.372169 0.537179 -1.740270 -0.198116 0.559067 -1.785424 0.678979 -0.582021 -1.015270 1.389859 0.904187 -0.262738 -0.201684 0.061116 -0.258601 1.085223 -0.115163 0.432199 0.904089 -0.981266 -0.473774 -0.016119 0.142223 -0.411245 -0.650612 0.290876
0.000000 0.000000 0.000000 0.000000 0.000000 0.000000 -1.034770 0.311349 0.031805 -1.428202 -0.071551 0.179500 -1.254632 -0.317312 0.316023 -1.566639 0.147808 0.361604 -1.566639 0.147808 0.361604 -0.929627 0.141512 -0.150325 -0.313623 -0.169605 0.173027 -0.754485 -0.056506 0.108170 -0.754485 -0.056506 0.108170 -0.868461 0.274213 0.098770 -1.106566 -0.083594 0.327511 -1.016554 -0.403128 0.540081 -1.725699 -0.203409 0.551531 -1.764670 0.694527 -0.597637 -1.016353 1.358249 0.920029 -0.248467 -0.188382 0.049956 -0.240974 1.070161 -0.111789 0.458160 0.881286 -0.977640 -0.461420 -0.004223 0.152592 -0.395627 -0.639796 0.296822
0.000000 0.000000 0.000000 0.000000 0.000000 0.000000 -1.025830 0.335184 0.007365 -1.402796 -0.111949 0.169290 -1.227791 -0.275955 0.301595 -1.507991 0.047768 0.332672 -1.507991 0.047768 0.332672 -0.960690 0.107240 -0.133997 -0.340672 -0.159929 0.165131 -0.793806 -0.076728 0.145818 -0.793806 -0.076728 0.145818 -0.874408 0.305420 0.102387 -1.114622 -0.056418 0.351355 -1.025174 -0.396061 0.548872 -1.718247 -0.212972 0.570169 -1.769105 0.681918 -0.571648 -1.031090 1.332397 0.956191 -0.283133 -0.169238 0.049288 -0.271257 1.066560 -0.131023 0.439527 0.855530 -0.997075 -0.440748 -0.027990 0.157229 -0.374503 -0.665830 0.295258
0.000000 0.000000 0.000000 0.000000 0.000000 0.000000 -1.028960 0.344779 0.007039 -1.417626 -0.127473 0.163972 -1.259354 -0.267088 0.305205 -1.539369 0.053423 0.309502 -1.539369 0.053423 0.309502 -0.969653 0.109263 -0.145833 -0.352463 -0.165077 0.162910 -0.807590 -0.056619 0.145002 -0.807590 -0.056619 0.145002 -0.881991 0.301171 0.111685 -1.125596 -0.056267 0.355271 -1.040779 -0.395492 0.541392 -1.745433 -0.203840 0.538597 -1.781929 0.653671 -0.574344 -1.063538 1.355554 0.950701 -0.276816 -0.167543 0.044253 -0.263093 1.062948 -0.130649 0.450051 0.852549 -1.003991 -0.465362 -0.038682 0.132709 -0.406676 -0.674062 0.279385
0.000000 0.000000 0.000000 0.000000 0.000000 0.000000 -1.162542 0.350417 0.023525 -1.497342 -0.127030 0.194961 -1.290884 -0.270530 0.288050 -1.547123 0.029810 0.280362 -1.547123 0.029810 0.280362 -0.972208 0.165283 -0.154687 -0.347825 -0.172937 0.151182 -0.734985 -0.044003 0.121646 -0.734985 -0.044003 0.121646 -0.881161 0.246049 0.104439 -1.112397 -0.109841 0.332769 -1.015638 -0.419093 0.554922 -1.732582 -0.218858 0.549262 -1.768778 0.666195 -0.587793 -1.057813 1.355131 0.946934 -0.285459 -0.205519 0.053835 -0.273605 1.063009 -0.133009 0.453287 0.832017 -0.989854 -0.438677 0.000870 0.138750 -0.378106 -0.635862 0.275985
0.000000 0.000000 0.000000 0.000000 0.000000 0.000000 -1.192051 0.376265 0.057427 -1.446133 -0.089875 0.204699 -1.156510 -0.286678 0.270344 -1.349787 -0.070814 0.237626 -1.349787 -0.070814 0.237626 -0.957607 0.201825 -0.161148 -0.330041 -0.194831 0.151963 -0.681216 -0.089468 0.082053 -0.681216 -0.089468 0.082053 -0.901633 0.204649 0.093234 -1.125584 -0.140310 0.331304 -1.021836 -0.437854 0.568629 -1.752506 -0.206446 0.542246 -1.786783 0.656829 -0.587293 -1.078954 1.364028 0.947343 -0.295422 -0.193266 0.065043 -0.289620 1.067606 -0.128894 0.429384 0.812249 -0.990148 -0.443495 0.019852 0.142710 -0.381043 -0.616841 0.281122
0.000000 0.000000 0.000000 0.000000 0.000000 0.000000 -1.096969 0.344536 0.025028 -1.459000 -0.128457 0.196455 -1.275938 -0.257943 0.286049 -1.516324 0.010501 0.195083 -1.516324 0.010501 0.195083 -0.951883 0.155493 -0.149146 -0.355780 -0.182870 0.163564 -0.745776 -0.057866 0.095872 -0.745776 -0.057866 0.095872 -0.908476 0.245468 0.082848 -1.137202 -0.102952 0.337007 -1.029311 -0.425337 0.560445 -1.758679 -0.216450 0.539323 -1.789539 0.639912 -0.585569 -1.108397 1.366735 0.961261 -0.328771 -0.197554 0.071201 -0.321929 1.048550 -0.142183 0.407367 0.811256 -1.007528 -0.471438 -0.003492 0.121783 -0.415147 -0.640034 0.270570
0.000000 0.000000 0.000000 0.000000 0.000000 0.000000 -1.043532 0.377972 -0.044070 -1.436935 -0.147773 0.174610 -1.268760 -0.264850 0.295477 -1.534233 0.084627 0.245101 -1.534233 0.084627 0.245101 -0.971282 0.094036 -0.158393 -0.377116 -0.155788 0.150732 -0.778830 -0.044184 0.089944 -0.778830 -0.044184 0.089944 -0.911747 0.294789 0.133178 -1.128292 -0.073161 0.370701 -1.028787 -0.417376 0.556061 -1.743042 -0.208125 0.542809 -1.776932 0.667349 -0.592469 -1.086838 1.356592 0.963689 -0.300757 -0.188098 0.069609 -0.297695 1.056762 -0.125910 0.426941 0.823555 -1.016265 -0.464848 -0.001912 0.118316 -0.409835 -0.639287 0.265165
0.000000 0.000000 0.000000 0.000000 0.000000 0.000000 -1.041436 0.424062 -0.042510 -1.417990 -0.131118 0.167948 -1.237081 -0.268276 0.292256 -1.482597 0.002044 0.236314 -1.482597 0.002044 0.236314 -0.991476 0.094262 -0.143624 -0.388272 -0.150895 0.153441 -0.814386 -0.033186 0.127190 -0.814386 -0.033186 0.127190 -0.911170 0.289902 0.137562 -1.128830 -0.082931 0.358168 -1.026957 -0.416257 0.555245 -1.726839 -0.204175 0.552785 -1.776076 0.654999 -0.546370 -1.095736 1.343355 1.016315 -0.307437 -0.165234 0.072611 -0.306714 1.057281 -0.124153 0.426765 0.824929 -1.027689 -0.455468 -0.018520 0.113700 -0.402806 -0.655079 0.257609
0.000000 0.000000 0.000000 0.000000 0.000000 0.000000 -1.171235 0.369443 0.049615 -1.468868 -0.109244 0.206279 -1.242191 -0.268914 0.261441 -1.461913 -0.058506 0.207614 -1.461913 -0.058506 0.207614 -0.998099 0.188893 -0.162700 -0.370677 -0.180806 0.143408 -0.740511 -0.043103 0.098949 -0.740511 -0.043103 0.098949 -0.949841 0.206617 0.102675 -1.149057 -0.142286 0.344945 -1.008644 -0.443011 0.578523 -1.744666 -0.217150 0.538930 -1.778762 0.641958 -0.573784 -1.128281 1.330125 1.008415 -0.286595 -0.190342 0.075688 -0.289529 1.050095 -0.111212 0.453481 0.825146 -1.008503 -0.472684 0.028988 0.123151 -0.415199 -0.607208 0.271745
0.000000 0.000000 0.000000 0.000000 0.000000 0.000000 -1.130518 0.379506 0.030227 -1.444283 -0.123942 0.185389 -1.228897 -0.259330 0.268592 -1.448114 -0.045513 0.200045 -1.448114 -0.045513 0.200045 -1.006277 0.171072 -0.168362 -0.388405 -0.185779 0.158802 -0.782868 -0.063840 0.126179 -0.782868 -0.063840 0.126179 -0.961482 0.230639 0.105321 -1.160145 -0.124908 0.353272 -1.020396 -0.438974 0.581602 -1.756312 -0.209928 0.522589 -1.783740 0.632964 -0.576890 -1.139031 1.324015 1.007078 -0.286920 -0.190530 0.077520 -0.291312 1.036252 -0.107725 0.456653 0.821256 -1.003324 -0.473721 0.024313 0.119167 -0.417273 -0.614676 0.268950
0.000000 0.000000 0.000000 0.000000 0.000000 0.000000 -1.195801 0.395632 0.054633 -1.485473 -0.131277 0.193165 -1.258908 -0.260572 0.270170 -1.462085 -0.059924 0.171522 -1.462085 -0.059924 0.171522 -1.058643 0.198174 -0.191782 -0.439332 -0.189513 0.175948 -0.829921 -0.032119 0.147680 -0.829921 -0.032119 0.147680 -0.969251 0.205553 0.094949 -1.169235 -0.141069 0.334113 -1.028558 -0.436599 0.571283 -1.771309 -0.184831 0.499027 -1.791130 0.639944 -0.588222 -1.144351 1.367429 0.991459 -0.335579 -0.178101 0.060573 -0.323864 1.024539 -0.148063 0.445817 0.800574 -1.035611 -0.496717 0.035329 0.134870 -0.434560 -0.597965 0.290360
0.000000 0.000000 0.000000 0.000000 0.000000 0.000000 -1.122795 0.429685 0.007529 -1.475188 -0.133335 0.186066 -1.283735 -0.253544 0.276612 -1.512571 -0.024439 0.177422 -1.512571 -0.024439 0.177422 -1.024789 0.177449 -0.166291 -0.398126 -0.203420 0.159900 -0.793345 -0.024069 0.137825 -0.793345 -0.024069 0.137825 -0.985773 0.210975 0.092550 -1.174875 -0.126175 0.346537 -1.023306 -0.430071 0.573467 -1.767993 -0.196083 0.509105 -1.790854 0.633443 -0.582645 -1.161074 1.366985 1.007824 -0.330046 -0.147593 0.062018 -0.322035 1.031054 -0.139720 0.425201 0.797243 -1.058433 -0.479619 0.041069 0.142743 -0.415304 -0.594051 0.292560
0.000000 0.000000 0.000000 0.000000 0.000000 0.000000 -1.107808 0.424847 -0.014173 -1.433874 -0.126914 0.196666 -1.210300 -0.250969 0.273437 -1.423698 -0.007096 0.177369 -1.423698 -0.007096 0.177369 -1.030278 0.167578 -0.151654 -0.401451 -0.191409 0.159106 -0.808867 -0.016495 0.145750 -0.808867 -0.016495 0.145750 -0.989772 0.213901 0.091205 -1.177287 -0.127859 0.344268 -1.022401 -0.436231 0.571167 -1.758633 -0.200785 0.521611 -1.788812 0.633424 -0.569482 -1.163924 1.371529 1.024604 -0.331070 -0.179657 0.083058 -0.332828 1.037747 -0.128731 0.407531 0.803118 -1.056746 -0.463929 0.033848 0.135984 -0.402541 -0.602339 0.281129
0.000000 0.000000 0.000000 0.000000 0.000000 0.000000 -1.109195 0.438806 -0.071975 -1.444892 -0.166611 0.186297 -1.227027 -0.241301 0.271006 -1.430893 -0.030138 0.167081 -1.430893 -0.030138 0.167081 -1.034539 0.119805 -0.142420 -0.406442 -0.169933 0.133408 -0.810844 -0.010497 0.139637 -0.810844 -0.010497 0.139637 -0.993388 0.245060 0.109255 -1.182751 -0.108289 0.362209 -1.037603 -0.428817 0.582346 -1.761611 -0.200004 0.529661 -1.799883 0.616721 -0.543513 -1.171674 1.352495 1.044896 -0.365322 -0.139374 0.078961 -0.363722 1.012737 -0.141157 0.387245 0.780092 -1.075357 -0.484193 0.009363 0.120901 -0.427309 -0.627554 0.273905
0.000000 0.000000 0.000000 0.000000 0.000000 0.000000 -1.048350 0.484641 -0.087971 -1.443076 -0.148201 0.183251 -1.294516 -0.220724 0.280267 -1.529891 0.002391 0.179666 -1.529891 0.002391 0.179666 -0.990412 0.116988 -0.137218 -0.363293 -0.156013 0.126142 -0.768226 -0.038159 0.153236 -0.768226 -0.038159 0.153236 -1.008880 0.207264 0.114086 -1.184830 -0.138086 0.359789 -1.026307 -0.444231 0.580736 -1.734408 -0.196932 0.510918 -1.766285 0.638068 -0.552335 -1.147314 1.316983 1.055992 -0.358323 -0.142047 0.079763 -0.357365 1.026978 -0.139574 0.412816 0.813543 -1.062467 -0.481136 0.002841 0.122742 -0.424101 -0.632642 0.274421
0.000000 0.000000 0.000000 0.000000 0.000000 0.000000 -1.056156 0.504093 -0.081167 -1.413401 -0.133186 0.206935 -1.221832 -0.259188 0.253420 -1.434231 -0.047638 0.145353 -1.434231 -0.047638 0.145353 -0.995174 0.130991 -0.132249 -0.363423 -0.187283 0.135581 -0.774404 -0.042948 0.145813 -0.774404 -0.042948 0.145813 -1.018431 0.226978 0.111579 -1.194540 -0.120891 0.360035 -1.034327 -0.434217 0.575036 -1.753479 -0.200252 0.526131 -1.788241 0.631735 -0.557789 -1.170290 1.325714 1.052752 -0.329030 -0.158482 0.096133 -0.340636 1.024722 -0.110386 0.424073 0.830143 -1.052155 -0.479449 0.013876 0.119711 -0.423108 -0.622568 0.270979
0.000000 0.000000 0.000000 0.000000 0.000000 0.000000 -1.189859 0.479789 -0.061547 -1.480087 -0.162067 0.216935 -1.242586 -0.242727 0.258564 -1.433091 -0.021221 0.165377 -1.433091 -0.021221 0.165377 -1.067040 0.188296 -0.139559 -0.428288 -0.182874 0.134897 -0.824804 -0.032661 0.132097 -0.824804 -0.032661 0.132097 -1.017192 0.180948 0.087975 -1.201107 -0.160503 0.331978 -1.042957 -0.444587 0.584045 -1.797371 -0.202930 0.528464 -1.828075 0.599416 -0.563237 -1.220783 1.320005 1.048065 -0.327124 -0.159729 0.079713 -0.329144 1.028653 -0.124275 0.432535 0.822188 -1.067190 -0.470750 0.010346 0.126080 -0.412825 -0.625763 0.274188
0.000000 0.000000 0.000000 0.000000 0.000000 0.000000 -1.223799 0.477196 -0.081302 -1.522250 -0.168280 0.210568 -1.292837 -0.238631 0.257657 -1.489312 0.009441 0.168499 -1.489312 0.009441 0.168499 -1.061861 0.185857 -0.160080 -0.429161 -0.174883 0.130962 -0.802348 -0.033827 0.139585 -0.802348 -0.033827 0.139585 -1.015348 0.171589 0.101411 -1.198057 -0.163195 0.351288 -1.044397 -0.450131 0.592680 -1.809450 -0.194851 0.517206 -1.833125 0.604002 -0.580521 -1.220719 1.308982 1.032228 -0.308769 -0.172246 0.083364 -0.314780 1.027919 -0.111953 0.438128 0.815542 -1.062607 -0.504450 0.030475 0.127949 -0.444274 -0.603137 0.286429
0.000000 0.000000 0.000000 0.000000 0.000000 0.000000 -1.080987 0.481118 -0.072205 -1.454743 -0.127161 0.187754 -1.281611 -0.239316 0.265162 -1.503295 0.009344 0.169592 -1.503295 0.009344 0.169592 -0.981847 0.146800 -0.152466 -0.363694 -0.177362 0.127043 -0.752087 -0.037870 0.119246 -0.752087 -0.037870 0.119246 -1.007615 0.183605 0.110998 -1.184229 -0.159147 0.355658 -1.023931 -0.459660 0.583308 -1.779039 -0.195345 0.519178 -1.810251 0.611636 -0.556918 -1.198980 1.346847 1.047822 -0.321274 -0.186163 0.082014 -0.324351 1.009927 -0.119796 0.442223 0.812486 -1.058233 -0.469137 0.036155 0.134500 -0.408149 -0.598428 0.281047
0.000000 0.000000 0.000000 0.000000 0.000000 0.000000 -1.028163 0.441788 -0.083094 -1.420038 -0.135079 0.172580 -1.243892 -0.242094 0.253946 -1.473554 0.043452 0.183510 -1.473554 0.043452 0.183510 -0.980174 0.114572 -0.160606 -0.375849 -0.171707 0.122752 -0.776562 -0.044787 0.117120 -0.776562 -0.044787 0.117120 -1.011387 0.216340 0.118232 -1.196701 -0.135333 0.363431 -1.038820 -0.441888 0.590331 -1.769041 -0.206209 0.529351 -1.801915 0.618328 -0.561750 -1.190366 1.298288 1.054578 -0.332168 -0.169768 0.075900 -0.331329 1.006675 -0.128319 0.434338 0.789071 -1.042811 -0.476321 0.048388 0.147934 -0.410168 -0.587739 0.296574
0.000000 0.000000 0.000000 0.000000 0.000000 0.000000 -1.062927 0.489351 -0.087615 -1.451366 -0.156504 0.179989 -1.281678 -0.233879 0.247706 -1.506538 0.007329 0.185230 -1.506538 0.007329 0.185230 -1.000239 0.100416 -0.146945 -0.375985 -0.152388 0.116548 -0.761795 -0.056743 0.096571 -0.761795 -0.056743 0.096571 -1.025135 0.230488 0.129385 -1.211251 -0.133991 0.371516 -1.050956 -0.455059 0.586572 -1.785439 -0.198070 0.520054 -1.818739 0.593987 -0.542310 -1.218430 1.288971 1.076389 -0.345896 -0.139336 0.074103 -0.345162 0.983403 -0.128512 0.437016 0.761520 -1.016951 -0.475573 0.011533 0.127399 -0.416830 -0.625859 0.277358
0.000000 0.000000 0.000000 0.000000 0.000000 0.000000 -1.209340 0.461598 -0.089805 -1.536186 -0.165908 0.201947 -1.313742 -0.230855 0.241980 -1.511133 0.016438 0.167466 -1.511133 0.016438 0.167466 -1.031871 0.183862 -0.164923 -0.401638 -0.177314 0.117099 -0.752092 -0.084544 0.096565 -0.752092 -0.084544 0.096565 -1.025848 0.183368 0.129654 -1.198608 -0.168059 0.366070 -1.037587 -0.468079 0.597141 -1.774377 -0.196377 0.527670 -1.811051 0.611002 -0.546348 -1.204065 1.258935 1.081410 -0.322495 -0.154608 0.084171 -0.328382 1.019743 -0.115251 0.438154 0.810854 -1.037509 -0.457868 0.036050 0.140665 -0.395138 -0.600444 0.283654
0.000000 0.000000 0.000000 0.000000 0.000000 0.000000 -1.244896 0.435928 -0.073578 -1.556358 -0.164985 0.225718 -1.317028 -0.238218 0.239725 -1.501861 -0.001820 0.154491 -1.501861 -0.001820 0.154491 -1.046969 0.208077 -0.153575 -0.411120 -0.177254 0.125579 -0.767483 -0.083203 0.094239 -0.767483 -0.083203 0.094239 -1.034532 0.172452 0.109755 -1.207590 -0.183376 0.342425 -1.044163 -0.477161 0.591995 -1.787467 -0.198072 0.522732 -1.818015 0.607548 -0.561443 -1.217461 1.271563 1.068912 -0.340262 -0.162178 0.077326 -0.340108 0.994427 -0.128387 0.438801 0.798472 -1.029903 -0.481455 0.024197 0.118990 -0.425002 -0.612436 0.270845
0.000000 0.000000 0.000000 0.000000 0.000000 0.000000 -1.157205 0.515085 -0.100192 -1.501517 -0.182792 0.220808 -1.277029 -0.224721 0.225065 -1.466317 0.006353 0.177813 -1.466317 0.006353 0.177813 -1.006483 0.163004 -0.157039 -0.379059 -0.190958 0.144288 -0.751224 -0.098671 0.056264 -0.751224 -0.098671 0.056264 -1.049869 0.201520 0.094972 -1.229125 -0.149551 0.344369 -1.055455 -0.450036 0.581401 -1.839983 -0.187520 0.526487 -1.867190 0.588674 -0.576759 -1.274979 1.278717 1.062581 -0.346561 -0.139893 0.066622 -0.341406 0.986309 -0.136072 0.460809 0.783146 -1.001010 -0.464208 0.050772 0.139420 -0.401277 -0.585752 0.284349
0.000000 0.000000 0.000000 0.000000 0.000000 0.000000 -1.091315 0.504656 -0.099579 -1.418819 -0.136768 0.205048 -1.153135 -0.253387 0.204873 -1.307465 -0.067769 0.141015 -1.307465 -0.067769 0.141015 -0.973672 0.147739 -0.160111 -0.356734 -0.184969 0.136873 -0.741550 -0.120932 0.066124 -0.741550 -0.120932 0.066124 -1.055867 0.200215 0.110553 -1.235113 -0.155542 0.357569 -1.063121 -0.459834 0.590155 -1.842639 -0.176932 0.517425 -1.870877 0.583213 -0.563801 -1.282331 1.283506 1.076588 -0.364391 -0.145889 0.068663 -0.357815 0.982597 -0.144883 0.446513 0.757394 -1.003301 -0.475353 0.033170 0.145688 -0.410325 -0.602892 0.294314
0.000000 0.000000 0.000000 0.000000 0.000000 0.000000 -1.081724 0.504230 -0.092989 -1.471532 -0.155663 0.169689 -1.271296 -0.217690 0.247524 -1.455055 -0.011528 0.164908 -1.455055 -0.011528 0.164908 -1.009484 0.120731 -0.163805 -0.400970 -0.157568 0.121350 -0.795571 -0.092038 0.032503 -0.795571 -0.092038 0.032503 -1.061582 0.207192 0.122342 -1.232129 -0.151616 0.366270 -1.064060 -0.465478 0.587538 -1.841512 -0.179570 0.520837 -1.868162 0.591814 -0.576331 -1.277662 1.279353 1.066772 -0.337630 -0.164397 0.077529 -0.337294 1.008379 -0.129576 0.456435 0.778970 -0.990314 -0.500165 0.004198 0.150487 -0.433376 -0.630034 0.307362
0.000000 0.000000 0.000000 0.000000 0.000000 0.000000 -1.253348 0.454601 -0.073932 -1.568105 -0.153791 0.202021 -1.307824 -0.224045 0.243489 -1.457315 -0.012594 0.165693 -1.457315 -0.012594 0.165693 -1.034371 0.198610 -0.178790 -0.407770 -0.165084 0.117274 -0.763941 -0.090729 0.086462 -0.763941 -0.090729 0.086462 -1.063720 0.149238 0.113908 -1.214547 -0.190068 0.362932 -1.046396 -0.489027 0.596533 -1.841113 -0.154359 0.497807 -1.872762 0.572549 -0.530091 -1.291270 1.265197 1.116274 -0.385974 -0.156604 0.101400 -0.394218 0.984411 -0.131300 0.413720 0.739946 -0.979299 -0.486409 0.036533 0.139473 -0.422906 -0.598986 0.291846
0.000000 0.000000 0.000000 0.000000 0.000000 0.000000 -1.130854 0.498013 -0.128807 -1.509279 -0.182808 0.211995 -1.282709 -0.225583 0.225899 -1.451075 0.000567 0.148277 -1.451075 0.000567 0.148277 -1.015007 0.136221 -0.137755 -0.378145 -0.175830 0.121746 -0.763853 -0.088028 0.061949 -0.763853 -0.088028 0.061949 -1.054019 0.221073 0.116843 -1.225442 -0.143863 0.354910 -1.048798 -0.457750 0.576472 -1.835183 -0.169402 0.508877 -1.862384 0.591167 -0.563054 -1.280463 1.221580 1.097388 -0.398185 -0.163390 0.100078 -0.403751 0.978788 -0.139755 0.188936 0.878213 -1.121417 -0.481074 0.032092 0.137440 -0.418469 -0.604258 0.288351
0.000000 0.000000 0.000000 0.000000 0.000000 0.000000 -1.225819 0.463480 -0.110432 -1.555500 -0.193698 0.210597 -1.291336 -0.219627 0.223244 -1.445313 0.045887 0.152799 -1.445313 0.045887 0.152799 -1.046959 0.179285 -0.174693 -0.419093 -0.178794 0.122777 -0.773255 -0.096340 0.064567 -0.773255 -0.096340 0.064567 -1.056096 0.189859 0.129891 -1.225103 -0.166203 0.364918 -1.051744 -0.467839 0.588415 -1.851337 -0.170516 0.515413 -1.880010 0.579672 -0.561018 -1.305298 1.241157 1.101526 -0.380650 -0.164934 0.083023 -0.378648 0.980940 -0.145015 0.207786 0.892000 -1.141375 -0.494556 0.046006 0.148899 -0.427636 -0.587649 0.303095
0.000000 0.000000 0.000000 0.000000 0.000000 0.000000 -1.198044 0.488266 -0.139214 -1.557385 -0.206177 0.191339 -1.304475 -0.244548 0.213431 -1.436777 0.009116 0.147283 -1.436777 0.009116 0.147283 -1.069932 0.145430 -0.172001 -0.445906 -0.170194 0.127752 -0.846161 -0.075363 0.136446 -0.846161 -0.075363 0.136446 -1.071498 0.226038 0.124883 -1.229861 -0.138374 0.378842 -1.068125 -0.466071 0.592704 -1.860241 -0.152618 0.504573 -1.889982 0.576466 -0.549313 -1.321189 1.262532 1.117182 -0.401636 -0.146215 0.079798 -0.397006 0.971328 -0.154350 0.029607 1.041807 -0.958495 -0.488996 0.027188 0.146211 -0.423505 -0.607471 0.299179
0.000000 0.000000 0.000000 0.000000 0.000000 0.000000 -1.075193 0.481611 -0.124894 -1.513566 -0.167375 0.189375 -1.310236 -0.221081 0.224217 -1.467968 0.030454 0.161254 -1.467968 0.030454 0.161254 -0.997492 0.126765 -0.159966 -0.373154 -0.169593 0.111128 -0.775955 -0.066352 0.121047 -0.775955 -0.066352 0.121047 -1.068433 0.210266 0.133485 -1.218621 -0.150158 0.375067 -1.059889 -0.466194 0.596320 -1.861319 -0.167338 0.528993 -1.896426 0.576193 -0.553147 -1.335334 1.344865 1.106327 -0.427149 -0.163367 0.108585 -0.433586 0.981007 -0.149947 -0.073023 1.008572 -0.950181 -0.456329 0.049349 0.163146 -0.385986 -0.587647 0.304738
0.000000 0.000000 0.000000 0.000000 0.000000 0.000000 -1.097875 0.494586 -0.113409 -1.516268 -0.186786 0.183957 -1.298824 -0.219843 0.218859 -1.441993 0.006227 0.165535 -1.441993 0.006227 0.165535 -0.978317 0.101721 -0.154525 -0.353214 -0.174270 0.095661 -0.716266 -0.088463 0.067576 -0.716266 -0.088463 0.067576 -1.069594 0.235769 0.148608 -1.225572 -0.135965 0.374248 -1.066778 -0.453053 0.594351 -1.826012 -0.171572 0.523758 -1.864052 0.584517 -0.535687 -1.309455 1.253264 1.120513 -0.402433 -0.145847 0.094803 -0.405620 0.983803 -0.144344 -0.002366 1.036235 -0.908373 -0.467466 0.008838 0.148890 -0.402238 -0.627526 0.295226
0.000000 0.000000 0.000000 0.000000 0.000000 0.000000 -1.158231 0.484064 -0.129538 -1.563255 -0.205106 0.193182 -1.328800 -0.216543 0.211766 -1.462325 0.012978 0.161988 -1.462325 0.012978 0.161988 -1.041136 0.134154 -0.163115 -0.414663 -0.162392 0.103268 -0.788089 -0.097878 0.089834 -0.788089 -0.097878 0.089834 -1.067308 0.233684 0.144143 -1.225739 -0.138160 0.375508 -1.070645 -0.458363 0.592325 -1.844079 -0.172329 0.513730 -1.872951 0.580251 -0.557443 -1.315148 1.277673 1.111868 -0.381877 -0.163071 0.092223 -0.385585 0.967508 -0.134623 0.007427 1.019640 -0.888891 -0.510395 -0.004159 0.139534 -0.446983 -0.638058 0.300273
0.000000 0.000000 0.000000 0.000000 0.000000 0.000000 -1.317646 0.448163 -0.042951 -1.629174 -0.174443 0.230898 -1.298028 -0.249444 0.201349 -1.378615 -0.056808 0.098179 -1.378615 -0.056808 0.098179 -1.098965 0.252606 -0.198070 -0.468036 -0.197145 0.139786 -0.855065 -0.076210 0.128283 -0.855065 -0.076210 0.128283 -1.056413 0.156350 0.106304 -1.223901 -0.195971 0.331997 -1.067553 -0.479771 0.584952 -1.841233 -0.177492 0.496730 -1.858776 0.584429 -0.579374 -1.312549 1.287358 1.093820 -0.361496 -0.155008 0.075308 -0.359465 0.953992 -0.133527 0.046186 0.994609 -0.819563 -0.504912 0.054920 0.147361 -0.437824 -0.578591 0.304906
0.000000 0.000000 0.000000 0.000000 0.000000 0.000000 -1.193624 0.431606 -0.087719 -1.550395 -0.193132 0.186594 -1.242051 -0.230283 0.193999 -1.315671 -0.061878 0.076018 -1.315671 -0.061878 0.076018 -1.016905 0.152262 -0.190411 -0.399754 -0.172177 0.112273 -0.781553 -0.080635 0.121756 -0.781553 -0.080635 0.121756 -1.071811 0.220307 0.136855 -1.239188 -0.139768 0.390039 -1.082577 -0.471487 0.598614 -1.871724 -0.173723 0.516472 -1.898021 0.564425 -0.564777 -1.363251 1.288208 1.095755 -0.376409 -0.148274 0.072695 -0.371494 0.956417 -0.143496 0.035138 0.986488 -0.807571 -0.508779 0.039955 0.143311 -0.442624 -0.597824 0.303583
0.000000 0.000000 0.000000 0.000000 0.000000 0.000000 -1.228654 0.388807 -0.029678 -1.628980 -0.160059 0.189068 -1.358818 -0.229711 0.209664 -1.463663 -0.002622 0.095604 -1.463663 -0.002622 0.095604 -1.031030 0.220420 -0.204996 -0.410283 -0.185245 0.127660 -0.810051 -0.080086 0.133905 -0.810051 -0.080086 0.133905 -1.089620 0.152564 0.144692 -1.231091 -0.198901 0.375515 -1.061444 -0.499615 0.603841 -1.850286 -0.171201 0.517127 -1.877540 0.587719 -0.571485 -1.302965 1.248741 1.125689 -0.402678 -0.183189 0.099108 -0.406101 0.964116 -0.144065 -0.040217 0.970994 -0.764014 -0.501505 0.062588 0.134396 -0.438499 -0.571803 0.291335
0.000000 0.000000 0.000000 0.000000 0.000000 0.000000 -1.335321 0.334422 0.005169 -1.699498 -0.222915 0.186333 -1.390953 -0.223051 0.202087 -1.479463 -0.008089 0.113873 -1.479463 -0.008089 0.113873 -1.050156 0.216090 -0.228720 -0.436225 -0.186634 0.119885 -0.812492 -0.062252 0.134483 -0.812492 -0.062252 0.134483 -1.094928 0.191394 0.146667 -1.230601 -0.161893 0.389659 -1.066273 -0.478235 0.605903 -1.854740 -0.179462 0.534982 -1.892046 0.565909 -0.542885 -1.356644 1.271096 1.146685 -0.437158 -0.160676 0.107601 -0.442054 0.977474 -0.155284 -0.160419 1.119042 -0.827879 -0.477352 0.066938 0.144129 -0.411857 -0.570116 0.293154
0.000000 0.000000 0.000000 0.000000 0.000000 0.000000 -1.278199 0.343046 -0.012006 -1.657763 -0.205048 0.167913 -1.348659 -0.227037 0.206113 -1.438608 -0.018865 0.129921 -1.438608 -0.018865 0.129921 -1.018200 0.177421 -0.212342 -0.403220 -0.179641 0.100258 -0.782434 -0.075673 0.131962 -0.782434 -0.075673 0.131962 -1.096720 0.228794 0.174962 -1.228896 -0.142323 0.416449 -1.065306 -0.486422 0.605008 -1.849392 -0.164041 0.515810 -1.884019 0.570993 -0.536909 -1.346194 1.256232 1.154550 -0.415101 -0.172362 0.117384 -0.428114 0.962478 -0.132913 -0.152436 1.113380 -0.798885 -0.468091 0.043229 0.127667 -0.408512 -0.597224 0.275298
0.000000 0.000000 0.000000 0.000000 0.000000 0.000000 -1.331311 0.373806 0.021256 -1.637952 -0.169372 0.237608 -1.235556 -0.260756 0.153659 -1.241054 -0.125125 0.004081 -1.241054 -0.125125 0.004081 -1.074824 0.242437 -0.198794 -0.450275 -0.196824 0.118315 -0.848675 -0.037985 0.125441 -0.848675 -0.037985 0.125441 -1.084403 0.174876 0.127166 -1.229056 -0.185124 0.351870 -1.061227 -0.481998 0.594667 -1.861583 -0.162651 0.533034 -1.902956 0.567782 -0.531438 -1.367772 1.293170 1.161601 -0.352565 -0.137348 0.081115 -0.355663 0.964826 -0.122303 -0.004844 1.146192 -0.745870 -0.483423 0.027246 0.129818 -0.423332 -0.608951 0.281820
0.000000 0.000000 0.000000 0.000000 0.000000 0.000000 -1.178597 0.382012 -0.041837 -1.660083 -0.219958 0.143600 -1.383615 -0.234596 0.219634 -1.475806 0.046411 0.095313 -1.475806 0.046411 0.095313 -1.017226 0.153557 -0.199565 -0.411933 -0.214715 0.113516 -0.854360 -0.034218 0.111500 -0.854360 -0.034218 0.111500 -1.088859 0.249361 0.166497 -1.248207 -0.119304 0.403865 -1.094529 -0.455871 0.595242 -1.863609 -0.169066 0.525061 -1.897793 0.567224 -0.547376 -1.365498 1.256267 1.157406 -0.419753 -0.146847 0.092569 -0.420286 0.961918 -0.151635 -0.066378 1.181044 -0.790606 -0.477638 0.037954 0.152466 -0.410060 -0.599063 0.301765
0.000000 0.000000 0.000000 0.000000 0.000000 0.000000 -1.254183 0.406578 -0.000324 -1.692834 -0.160501 0.203948 -1.373426 -0.240076 0.196096 -1.448691 -0.021238 0.105152 -1.448691 -0.021238 0.105152 -1.053331 0.230349 -0.197642 -0.426960 -0.186536 0.123161 -0.872494 -0.041448 0.158911 -0.872494 -0.041448 0.158911 -1.066191 0.175168 0.141361 -1.219777 -0.185621 0.361045 -1.075381 -0.490888 0.590380 -1.860837 -0.151958 0.504419 -1.891420 0.573560 -0.544827 -1.361950 1.266386 1.156676 -0.397875 -0.148942 0.085146 -0.397054 0.957646 -0.145133 -0.068149 1.159456 -0.784084 -0.461979 0.042536 0.162780 -0.391684 -0.594152 0.306324
0.000000 0.000000 0.000000 0.000000 0.000000 0.000000 -1.226632 0.285638 -0.006112 -1.685649 -0.166518 0.198827 -1.381981 -0.214725 0.201993 -1.469646 0.015464 0.129366 -1.469646 0.015464 0.129366 -0.993484 0.212733 -0.187088 -0.367551 -0.169887 0.087065 -0.786123 -0.067091 0.128261 -0.786123 -0.067091 0.128261 -1.069102 0.169214 0.121694 -1.232006 -0.183518 0.370247 -1.090526 -0.506803 0.590866 -1.862424 -0.198202 0.546868 -1.893156 0.572010 -0.578472 -1.336286 1.301437 1.086728 -0.405748 -0.158344 0.095973 -0.408640 0.972045 -0.145235 -0.048585 1.163530 -0.734169 -0.489316 0.010736 0.146283 -0.423847 -0.626373 0.300201
0.000000 0.000000 0.000000 0.000000 0.000000 0.000000 -1.300316 0.304405 0.048530 -1.711847 -0.179011 0.208938 -1.376617 -0.230167 0.188960 -1.455962 0.013972 0.136462 -1.455962 0.013972 0.136462 -1.047251 0.263574 -0.202464 -0.417527 -0.209123 0.118329 -0.840941 -0.077802 0.138765 -0.840941 -0.077802 0.138765 -1.065680 0.165791 0.119521 -1.231748 -0.184272 0.356954 -1.096170 -0.498171 0.582624 -1.870789 -0.179279 0.529265 -1.900060 0.568349 -0.568453 -1.343466 1.272623 1.103096 -0.406674 -0.150105 0.087644 -0.405456 0.971449 -0.151211 -0.067490 1.133631 -0.716883 -0.491612 0.028149 0.142327 -0.427240 -0.606575 0.296304
0.000000 0.000000 0.000000 0.000000 0.000000 0.000000 -1.287931 0.299124 0.097833 -1.692250 -0.149632 0.214234 -1.352662 -0.247970 0.189464 -1.432803 0.022743 0.142136 -1.432803 0.022743 0.142136 -1.059564 0.273124 -0.206385 -0.430682 -0.202733 0.126271 -0.873573 -0.037021 0.147859 -0.873573 -0.037021 0.147859 -1.063923 0.134627 0.075036 -1.237072 -0.206484 0.321996 -1.096799 -0.489025 0.591566 -1.855354 -0.188265 0.507937 -1.875929 0.562298 -0.569207 -1.330701 1.251937 1.102914 -0.395544 -0.171390 0.075138 -0.387932 0.950870 -0.155531 -0.043400 1.149287 -0.722853 -0.513884 0.044259 0.169306 -0.439165 -0.591346 0.329815
0.000000 0.000000 0.000000 0.000000 0.000000 0.000000 -1.288406 0.263558 0.085254 -1.700825 -0.156422 0.186224 -1.364594 -0.248243 0.193315 -1.445382 0.025496 0.148543 -1.445382 0.025496 0.148543 -1.020884 0.258228 -0.225345 -0.401230 -0.205952 0.123462 -0.818164 -0.102724 0.167342 -0.818164 -0.102724 0.167342 -1.066548 0.142091 0.087307 -1.238715 -0.197633 0.346323 -1.101554 -0.497342 0.601188 -1.886804 -0.189851 0.496098 -1.896196 0.546745 -0.591878 -1.356343 1.271804 1.075536 -0.389776 -0.161614 0.072546 -0.382456 0.947073 -0.151822 -0.046900 1.137385 -0.726726 -0.518878 0.043594 0.172762 -0.442777 -0.592194 0.334901
0.000000 0.000000 0.000000 0.000000 0.000000 0.000000 -1.165911 0.274677 0.098441 -1.604639 -0.141469 0.166677 -1.273986 -0.256426 0.175231 -1.317834 -0.077299 0.069814 -1.317834 -0.077299 0.069814 -0.986242 0.197147 -0.213129 -0.372206 -0.189800 0.114427 -0.796091 -0.107796 0.126993 -0.796091 -0.107796 0.126993 -1.078766 0.207282 0.119267 -1.238009 -0.148927 0.376035 -1.105850 -0.481388 0.597021 -1.897833 -0.164465 0.535816 -1.934293 0.551495 -0.548020 -1.345138 1.295148 1.091251 -0.423772 -0.149768 0.078818 -0.415654 0.967119 -0.167756 -0.167004 0.958472 -0.644967 -0.518954 -0.007469 0.168771 -0.445392 -0.643308 0.332029
0.000000 0.000000 0.000000 0.000000 0.000000 0.000000 -1.220806 0.221609 0.098596 -1.682041 -0.147146 0.191377 -1.384998 -0.225413 0.205470 -1.458449 0.026517 0.129888 -1.458449 0.026517 0.129888 -1.019772 0.242726 -0.201696 -0.395894 -0.175897 0.113255 -0.828091 -0.098743 0.109188 -0.828091 -0.098743 0.109188 -1.077176 0.169518 0.114429 -1.235225 -0.183785 0.357676 -1.094611 -0.490350 0.600245 -1.908607 -0.155301 0.535828 -1.949747 0.538759 -0.526956 -1.372242 1.306347 1.118963 -0.434327 -0.126901 0.116403 -0.448577 0.933743 -0.127935 -0.199562 0.912820 -0.605287 -0.472002 -0.024269 0.161652 -0.402926 -0.662121 0.309998
0.000000 0.000000 0.000000 0.000000 0.000000 0.000000 -1.370083 0.222788 0.149701 -1.726679 -0.199422 0.189396 -1.352534 -0.248270 0.175607 -1.359229 -0.058670 0.077035 -1.359229 -0.058670 0.077035 -1.061912 0.274168 -0.229075 -0.438440 -0.220817 0.117471 -0.823454 -0.061955 0.120482 -0.823454 -0.061955 0.120482 -1.080202 0.188797 0.090318 -1.249508 -0.148764 0.356694 -1.104157 -0.457758 0.597575 -1.873875 -0.173211 0.535568 -1.911461 0.556709 -0.541420 -1.341251 1.277770 1.114957 -0.367197 -0.145422 0.079627 -0.367872 0.944329 -0.129302 -0.136829 0.843499 -0.562650 -0.470499 0.008640 0.189987 -0.391691 -0.627647 0.336004
0.000000 0.000000 0.000000 0.000000 0.000000 0.000000 -1.331734 0.214090 0.154021 -1.738537 -0.187862 0.194089 -1.414866 -0.235846 0.193333 -1.453640 -0.019872 0.088197 -1.453640 -0.019872 0.088197 -1.053432 0.286347 -0.224496 -0.437115 -0.227300 0.134222 -0.851619 -0.084839 0.143175 -0.851619 -0.084839 0.143175 -1.079269 0.168276 0.076588 -1.255025 -0.164908 0.341619 -1.116149 -0.458388 0.598427 -1.885491 -0.158286 0.517041 -1.916502 0.560185 -0.551796 -1.339068 1.274421 1.102406 -0.377957 -0.133436 0.069676 -0.373390 0.931343 -0.139228 -0.138772 0.822996 -0.564948 -0.499383 0.010283 0.181710 -0.422135 -0.624833 0.337424
0.000000 0.000000 0.000000 0.000000 0.000000 0.000000 -1.248421 0.171327 0.143955 -1.707459 -0.138281 0.195105 -1.422458 -0.239257 0.202707 -1.479185 0.000883 0.101545 -1.479185 0.000883 0.101545 -1.025088 0.265749 -0.196191 -0.407097 -0.185028 0.106098 -0.851863 -0.097750 0.134476 -0.851863 -0.097750 0.134476 -1.064041 0.162994 0.078131 -1.246873 -0.188929 0.340422 -1.113392 -0.488916 0.610579 -1.915107 -0.167617 0.524013 -1.946338 0.527578 -0.542993 -1.354648 1.268155 1.087754 -0.364506 -0.154544 0.099196 -0.375884 0.932294 -0.109893 -0.342022 0.506718 -0.333763 -0.471947 -0.025365 0.167565 -0.400782 -0.664456 0.316007
0.000000 0.000000 0.000000 0.000000 0.000000 0.000000 -1.264696 0.161718 0.178881 -1.682924 -0.152069 0.184409 -1.360474 -0.239935 0.173161 -1.382794 -0.074171 0.073061 -1.382794 -0.074171 0.073061 -1.009944 0.256213 -0.219598 -0.389740 -0.196922 0.112146 -0.835897 -0.080906 0.132455 -0.835897 -0.080906 0.132455 -1.073386 0.184111 0.095949 -1.251751 -0.157872 0.370892 -1.125863 -0.467244 0.625944 -1.880668 -0.183072 0.552229 -1.923072 0.546188 -0.535405 -1.306623 1.207480 1.093676 -0.418561 -0.149918 0.105494 -0.426613 0.949393 -0.137447 -0.389054 0.485249 -0.339354 -0.496902 -0.051941 0.124732 -0.439713 -0.688625 0.282811
0.000000 0.000000 0.000000 0.000000 0.000000 0.000000 -1.196589 0.121104 0.222427 -1.641145 -0.128735 0.193380 -1.323295 -0.255289 0.183234 -1.337238 -0.042898 0.060390 -1.337238 -0.042898 0.060390 -0.990077 0.270361 -0.206431 -0.377558 -0.223293 0.123503 -0.869135 -0.060711 0.141306 -0.869135 -0.060711 0.141306 -1.070817 0.178152 0.073303 -1.254296 -0.153709 0.349184 -1.127538 -0.448936 0.614080 -1.924989 -0.174843 0.560424 -1.969775 0.520576 -0.528562 -1.344076 1.244107 1.084708 -0.384239 -0.128591 0.090009 -0.389887 0.937907 -0.125046 -0.359004 0.454529 -0.342874 -0.480296 -0.046325 0.143652 -0.417441 -0.682972 0.295442
0.000000 0.000000 0.000000 0.000000 0.000000 0.000000 -1.249251 0.089236 0.239546 -1.721238 -0.129821 0.177456 -1.431046 -0.250957 0.182185 -1.468002 0.002855 0.072365 -1.468002 0.002855 0.072365 -0.983021 0.280237 -0.238182 -0.369339 -0.210737 0.128128 -0.834140 -0.096449 0.143208 -0.834140 -0.096449 0.143208 -1.071954 0.151318 0.076645 -1.254339 -0.170769 0.355209 -1.118070 -0.450816 0.627454 -1.906304 -0.170562 0.519179 -1.932093 0.542039 -0.563354 -1.314092 1.226428 1.058269 -0.421436 -0.140487 0.103762 -0.428898 0.949420 -0.138568 -0.406585 0.417377 -0.355599 -0.472366 -0.007321 0.168265 -0.401184 -0.641902 0.315505
0.000000 0.000000 0.000000 0.000000 0.000000 0.000000 -1.241117 0.065919 0.235033 -1.669809 -0.123465 0.181710 -1.336118 -0.253255 0.159620 -1.341369 -0.032926 0.066339 -1.341369 -0.032926 0.066339 -0.998218 0.278107 -0.232011 -0.383047 -0.204141 0.119576 -0.869810 -0.096151 0.148749 -0.869810 -0.096151 0.148749 -1.071212 0.160339 0.078460 -1.256206 -0.168362 0.362938 -1.114746 -0.459230 0.633048 -1.892580 -0.157699 0.519053 -1.933486 0.520190 -0.495757 -1.326244 1.237850 1.123903 -0.321903 -0.145480 0.102885 -0.340441 0.951805 -0.085013 -0.317370 0.409979 -0.386236 -0.496947 -0.017645 0.150225 -0.430658 -0.653668 0.306820
0.000000 0.000000 0.000000 0.000000 0.000000 0.000000 -1.247680 0.044529 0.240935 -1.693409 -0.120888 0.181642 -1.377644 -0.252922 0.173313 -1.382334 -0.038504 0.052723 -1.382334 -0.038504 0.052723 -1.000283 0.275809 -0.228457 -0.382025 -0.196443 0.113043 -0.869339 -0.091381 0.148132 -0.869339 -0.091381 0.148132 -1.076420 0.138431 0.064785 -1.270471 -0.175867 0.358370 -1.132131 -0.462435 0.630741 -1.913862 -0.158303 0.510421 -1.942776 0.528851 -0.539670 -1.327216 1.233016 1.079326 -0.365431 -0.145021 0.076396 -0.364798 0.938675 -0.129989 -0.349418 0.359874 -0.392755 -0.486670 -0.027646 0.155453 -0.419309 -0.663855 0.308626
0.000000 0.000000 0.000000 0.000000 0.000000 0.000000 -1.254944 0.032103 0.264622 -1.728734 -0.130131 0.187051 -1.447635 -0.245351 0.193595 -1.474863 -0.020369 0.078815 -1.474863 -0.020369 0.078815 -1.016725 0.291379 -0.220563 -0.393718 -0.194243 0.127707 -0.880443 -0.126268 0.120992 -0.880443 -0.126268 0.120992 -1.071299 0.144018 0.048803 -1.273968 -0.169417 0.345275 -1.138120 -0.451472 0.629307 -1.950059 -0.161576 0.526781 -1.981339 0.508429 -0.541262 -1.379421 1.277238 1.078022 -0.392831 -0.127720 0.098956 -0.402303 0.938838 -0.121858 -0.390645 0.325520 -0.419055 -0.487729 -0.024273 0.164438 -0.417310 -0.660389 0.317616
0.000000 0.000000 0.000000 0.000000 0.000000 0.000000 -1.189815 -0.021364 0.297226 -1.661895 -0.096122 0.163583 -1.361341 -0.264734 0.177725 -1.363765 -0.051845 0.077679 -1.363765 -0.051845 0.077679 -0.991735 0.268563 -0.233649 -0.377340 -0.206217 0.126731 -0.882005 -0.106955 0.149168 -0.882005 -0.106955 0.149168 -1.081137 0.144849 0.046781 -1.282980 -0.153982 0.358396 -1.136273 -0.430739 0.641190 -1.909913 -0.173164 0.540108 -1.953754 0.505156 -0.498505 -1.390352 1.303968 1.138011 -0.386660 -0.143076 0.071415 -0.379555 0.970515 -0.152322 -0.276169 1.051039 -0.885331 -0.471268 -0.022089 0.178922 -0.396661 -0.658781 0.326197
0.000000 0.000000 0.000000 0.000000 0.000000 0.000000 -1.176290 -0.052235 0.283381 -1.685517 -0.097300 0.173687 -1.430408 -0.253438 0.189563 -1.458302 -0.006382 0.082550 -1.458302 -0.006382 0.082550 -0.988478 0.273677 -0.216035 -0.371465 -0.186115 0.115026 -0.889254 -0.119472 0.120317 -0.889254 -0.119472 0.120317 -1.073021 0.147967 0.051492 -1.276785 -0.161092 0.359881 -1.129447 -0.448620 0.636775 -1.927337 -0.174012 0.537721 -1.962910 0.513357 -0.534102 -1.386331 1.304599 1.107192 -0.298886 -0.155607 0.091366 -0.313289 0.958625 -0.085071 -0.210878 1.096506 -0.861903 -0.480913 -0.037905 0.163581 -0.411298 -0.674543 0.314841
0.000000 0.000000 0.000000 0.000000 0.000000 0.000000 -1.173515 -0.038154 0.330093 -1.642064 -0.095773 0.200192 -1.344386 -0.256746 0.147181 -1.348203 -0.046509 0.059791 -1.348203 -0.046509 0.059791 -0.992005 0.282612 -0.223044 -0.372797 -0.198354 0.131831 -0.883833 -0.129270 0.097620 -0.883833 -0.129270 0.097620 -1.079068 0.157920 0.044254 -1.292056 -0.153314 0.347347 -1.151797 -0.438463 0.626419 -1.953950 -0.163199 0.539067 -1.987446 0.514544 -0.549791 -1.408542 1.328752 1.083446 -0.348902 -0.155941 0.091786 -0.356214 0.997176 -0.120356 -0.276034 1.081553 -0.887757 -0.509393 -0.056916 0.128967 -0.450601 -0.692198 0.290899
0.000000 0.000000 0.000000 0.000000 0.000000 0.000000 -1.223870 -0.070192 0.354145 -1.686426 -0.106200 0.196619 -1.381636 -0.255542 0.148912 -1.366308 -0.051327 0.072573 -1.366308 -0.051327 0.072573 -0.998454 0.291326 -0.230221 -0.380432 -0.186029 0.120297 -0.897062 -0.136660 0.090103 -0.897062 -0.136660 0.090103 -1.074510 0.137952 0.037319 -1.299703 -0.162800 0.345415 -1.149412 -0.437212 0.632009 -1.953503 -0.160887 0.541256 -1.984450 0.530551 -0.570753 -1.356808 1.297887 1.055250 -0.356352 -0.129555 0.075598 -0.357766 0.927472 -0.120764 -0.253868 1.023139 -0.867667 -0.529058 -0.065202 0.102821 -0.478487 -0.698516 0.271843
0.000000 0.000000 0.000000 0.000000 0.000000 0.000000 -1.198893 -0.060006 0.373558 -1.667772 -0.110547 0.176890 -1.372737 -0.249718 0.161617 -1.355687 -0.028885 0.087620 -1.355687 -0.028885 0.087620 -0.992250 0.276734 -0.246357 -0.384934 -0.191745 0.142324 -0.900774 -0.132149 0.099895 -0.900774 -0.132149 0.099895 -1.067716 0.163505 0.057116 -1.295260 -0.160099 0.345997 -1.140971 -0.439690 0.627208 -1.941874 -0.174299 0.533148 -1.968545 0.521603 -0.567978 -1.368953 1.275064 1.056469 -0.431736 -0.169017 0.151101 -0.462115 0.947096 -0.108972 -0.730508 0.550548 -0.416308 -0.496842 -0.034809 0.141487 -0.434027 -0.669291 0.298235
0.000000 0.000000 0.000000 0.000000 0.000000 0.000000 -1.237519 -0.050468 0.375758 -1.704139 -0.103094 0.197641 -1.397921 -0.257165 0.153456 -1.368767 -0.048537 0.079578 -1.368767 -0.048537 0.079578 -0.989280 0.308864 -0.249137 -0.380673 -0.187695 0.150837 -0.886690 -0.134097 0.082951 -0.886690 -0.134097 0.082951 -1.073794 0.116694 0.021759 -1.308142 -0.186880 0.313689 -1.146757 -0.431021 0.622913 -1.995341 -0.175845 0.531348 -2.016465 0.483807 -0.572603 -1.432124 1.297441 1.049791 -0.407228 -0.161938 0.117332 -0.421623 0.974970 -0.128958 -0.719807 0.538940 -0.453584 -0.497468 -0.028618 0.177884 -0.422529 -0.663237 0.333677
0.000000 0.000000 0.000000 0.000000 0.000000 0.000000 -1.258242 -0.086301 0.358587 -1.742761 -0.127591 0.175503 -1.464124 -0.241060 0.167301 -1.451560 0.008591 0.086455 -1.451560 0.008591 0.086455 -0.988606 0.291806 -0.248084 -0.379828 -0.182771 0.132716 -0.878318 -0.129542 0.056650 -0.878318 -0.129542 0.056650 -1.080958 0.138603 0.036585 -1.316366 -0.160485 0.345004 -1.152844 -0.429069 0.631016 -1.975630 -0.167563 0.536323 -2.003238 0.502122 -0.563505 -1.409703 1.281777 1.064320 -0.408739 -0.166481 0.117289 -0.422043 0.992061 -0.134710 -0.730429 0.538330 -0.464496 -0.531995 -0.032475 0.155715 -0.462890 -0.667530 0.324075
0.000000 0.000000 0.000000 0.000000 0.000000 0.000000 -1.197717 -0.062527 0.366609 -1.674126 -0.101027 0.184121 -1.376454 -0.255162 0.148835 -1.341328 -0.045081 0.063354 -1.341328 -0.045081 0.063354 -1.012573 0.286131 -0.234687 -0.393150 -0.184951 0.143206 -0.920386 -0.167794 0.046985 -0.920386 -0.167794 0.046985 -1.063933 0.158785 0.047104 -1.303115 -0.156740 0.345790 -1.136142 -0.438253 0.622579 -1.955273 -0.174250 0.549098 -1.989642 0.508841 -0.551927 -1.377294 1.253309 1.067970 -0.227027 -0.203456 0.116015 -0.263340 1.042863 -0.040940 -0.580361 0.955900 -0.279588 -0.493326 -0.045848 0.158796 -0.425096 -0.681415 0.314285
0.000000 0.000000 0.000000 0.000000 0.000000 0.000000 -1.186846 -0.106127 0.332946 -1.700557 -0.097092 0.185411 -1.451744 -0.240135 0.167537 -1.446199 -0.009180 0.089098 -1.446199 -0.009180 0.089098 -1.020916 0.282836 -0.221496 -0.402605 -0.169427 0.141836 -0.961496 -0.170062 0.082466 -0.961496 -0.170062 0.082466 -1.072548 0.146790 0.042480 -1.318538 -0.168111 0.344635 -1.154642 -0.439967 0.634439 -1.963799 -0.176891 0.537710 -1.995289 0.487916 -0.539139 -1.393368 1.257705 1.077038 -0.318813 -0.163859 0.095124 -0.331499 1.000993 -0.101837 -0.636029 0.947013 -0.370850 -0.541168 -0.087122 0.106683 -0.489394 -0.720843 0.280179
0.000000 0.000000 0.000000 0.000000 0.000000 0.000000 -1.240170 -0.096735 0.352367 -1.734805 -0.123976 0.179032 -1.468288 -0.245198 0.159753 -1.460655 0.010352 0.091827 -1.460655 0.010352 0.091827 -1.104283 0.284449 -0.236210 -0.484777 -0.159785 0.159851 -1.061419 -0.083511 0.098293 -1.061419 -0.083511 0.098293 -1.067637 0.160533 0.055223 -1.317250 -0.152752 0.353139 -1.155018 -0.429943 0.628874 -1.964108 -0.163660 0.537753 -1.997039 0.503932 -0.545763 -1.390604 1.267108 1.075168 -0.292631 -0.141245 0.073884 -0.296868 1.037866 -0.107325 -0.528207 1.096470 -0.424209 -0.540313 -0.082905 0.107858 -0.488258 -0.715007 0.280527
0.000000 0.000000 0.000000 0.000000 0.000000 0.000000 -1.211393 -0.099235 0.350311 -1.698470 -0.102923 0.174122 -1.416651 -0.261115 0.155878 -1.389101 -0.024805 0.089221 -1.389101 -0.024805 0.089221 -1.045374 0.289170 -0.225585 -0.424869 -0.176971 0.140642 -0.992336 -0.130484 0.089784 -0.992336 -0.130484 0.089784 -1.072106 0.157491 0.058873 -1.324749 -0.163983 0.350455 -1.162357 -0.436608 0.633177 -1.968174 -0.167354 0.542335 -2.000227 0.504379 -0.553903 -1.394478 1.258656 1.071022 -0.345202 -0.156300 0.092647 -0.353498 0.996492 -0.117374 -0.576230 1.064337 -0.473053 -0.540600 -0.072902 0.108974 -0.487915 -0.704890 0.281522
0.000000 0.000000 0.000000 0.000000 0.000000 0.000000 -1.245830 -0.094613 0.372480 -1.735306 -0.090943 0.185984 -1.448943 -0.284846 0.136265 -1.409829 -0.034775 0.062854 -1.409829 -0.034775 0.062854 -1.123670 0.312014 -0.237811 -0.509807 -0.160789 0.160408 -1.114220 -0.098736 0.129168 -1.114220 -0.098736 0.129168 -1.073189 0.133232 0.054121 -1.328640 -0.179725 0.347284 -1.150234 -0.439045 0.636191 -1.966317 -0.175604 0.548600 -1.997393 0.506041 -0.562955 -1.406653 1.253046 1.066806 -0.291317 -0.170233 0.071427 -0.294040 0.987888 -0.105044 -0.399738 1.190318 -0.521490 -0.541355 -0.061359 0.122361 -0.484031 -0.692711 0.294426
0.000000 0.000000 0.000000 0.000000 0.000000 0.000000 -1.218539 -0.085795 0.373146 -1.662405 -0.076562 0.209637 -1.328705 -0.294575 0.108603 -1.246041 -0.094857 0.034722 -1.246041 -0.094857 0.034722 -1.124204 0.309655 -0.236437 -0.521404 -0.148684 0.174527 -1.136430 -0.083180 0.145719 -1.136430 -0.083180 0.145719 -1.077405 0.122806 0.041549 -1.339396 -0.188859 0.337770 -1.156482 -0.447664 0.635506 -1.973459 -0.181064 0.533909 -1.999399 0.484642 -0.554140 -1.421456 1.254662 1.082281 -0.317385 -0.160813 0.073928 -0.318995 0.976793 -0.114703 -0.420671 1.180764 -0.547516 -0.537655 -0.063612 0.110583 -0.484208 -0.696508 0.282175
0.000000 0.000000 0.000000 0.000000 0.000000 0.000000 -1.232230 -0.060420 0.381436 -1.727272 -0.099139 0.196940 -1.454460 -0.268906 0.132526 -1.394053 -0.061340 0.054134 -1.394053 -0.061340 0.054134 -1.169340 0.322716 -0.229404 -0.526833 -0.168117 0.178532 -1.159623 -0.039398 0.144973 -1.159623 -0.039398 0.144973 -1.079703 0.114068 0.035947 -1.353561 -0.189308 0.338728 -1.159488 -0.439878 0.639245 -1.967306 -0.193739 0.555109 -1.994566 0.498561 -0.575212 -1.436764 1.241839 1.091195 -0.316535 -0.177087 0.086776 -0.324152 0.992555 -0.108393 -0.474212 1.161053 -0.618559 -0.535792 -0.045577 0.117730 -0.479615 -0.678407 0.288170
0.000000 0.000000 0.000000 0.000000 0.000000 0.000000 -1.265939 -0.107835 0.374737 -1.748928 -0.110771 0.197261 -1.467423 -0.276397 0.117426 -1.379897 -0.059382 0.029330 -1.379897 -0.059382 0.029330 -1.200817 0.316705 -0.234866 -0.571264 -0.151319 0.162675 -1.197469 -0.039446 0.202913 -1.197469 -0.039446 0.202913 -1.075733 0.127682 0.055096 -1.364644 -0.179812 0.359953 -1.153960 -0.444794 0.640870 -1.989573 -0.181531 0.559115 -2.021847 0.486684 -0.560665 -1.474507 1.231219 1.118462 -0.308947 -0.153056 0.099590 -0.326355 0.985331 -0.087708 -0.314536 1.204871 -0.607550 -0.535322 -0.052955 0.100991 -0.484768 -0.686360 0.272041
0.000000 0.000000 0.000000 0.000000 0.000000 0.000000 -1.245152 -0.091950 0.364260 -1.749870 -0.114758 0.202386 -1.502607 -0.245364 0.137142 -1.432648 -0.008285 0.086872 -1.432648 -0.008285 0.086872 -1.211027 0.319593 -0.220541 -0.582211 -0.159249 0.171560 -1.226681 -0.006370 0.190917 -1.226681 -0.006370 0.190917 -1.080587 0.125922 0.039932 -1.372545 -0.193309 0.337219 -1.159065 -0.446502 0.638143 -1.973480 -0.192366 0.554967 -2.003331 0.486447 -0.560355 -1.459775 1.221049 1.116696 -0.364186 -0.152220 0.105720 -0.377625 0.999518 -0.117039 -0.371710 1.199369 -0.658725 -0.519112 -0.056951 0.109088 -0.466572 -0.691155 0.274642
0.000000 0.000000 0.000000 0.000000 0.000000 0.000000 -1.259624 -0.070591 0.384480 -1.770604 -0.115288 0.202366 -1.533600 -0.249155 0.139244 -1.468727 0.004425 0.094079 -1.468727 0.004425 0.094079 -1.223594 0.334134 -0.229026 -0.587686 -0.157551 0.177042 -1.227538 -0.017927 0.205871 -1.227538 -0.017927 0.205871 -1.081647 0.108967 0.039630 -1.376177 -0.211390 0.328267 -1.164901 -0.450276 0.639236 -1.992613 -0.183627 0.553968 -2.023764 0.476325 -0.553346 -1.480844 1.229699 1.123665 -0.366852 -0.167928 0.106615 -0.380159 0.972767 -0.115410 -0.366978 1.175510 -0.665505 -0.519638 -0.056763 0.111153 -0.466523 -0.689858 0.276538
0.000000 0.000000 0.000000 0.000000 0.000000 0.000000 -1.224040 -0.085282 0.364783 -1.723290 -0.091695 0.209588 -1.480908 -0.257529 0.126915 -1.398810 -0.014843 0.099446 -1.398810 -0.014843 0.099446 -1.207002 0.341156 -0.203491 -0.568977 -0.166808 0.181367 -1.222739 -0.039165 0.183336 -1.222739 -0.039165 0.183336 -1.087459 0.098170 0.029028 -1.383949 -0.210076 0.333513 -1.153940 -0.456217 0.639326 -1.977846 -0.181142 0.544137 -2.007882 0.482809 -0.549350 -1.472380 1.216825 1.136469 -0.356260 -0.168039 0.116972 -0.376233 1.001863 -0.106095 -0.383741 1.188223 -0.673299 -0.518679 -0.067368 0.099425 -0.469616 -0.701280 0.265199
0.000000 0.000000 0.000000 0.000000 0.000000 0.000000 -1.243549 -0.042508 0.397686 -1.750524 -0.103558 0.207767 -1.529366 -0.256608 0.124033 -1.453189 0.016905 0.122173 -1.453189 0.016905 0.122173 -1.249861 0.344827 -0.217266 -0.606342 -0.163562 0.193209 -1.261473 -0.050366 0.165780 -1.261473 -0.050366 0.165780 -1.093525 0.091720 0.033083 -1.390525 -0.223033 0.326260 -1.162225 -0.455425 0.645582 -1.981961 -0.177125 0.527727 -2.009236 0.469122 -0.536214 -1.468508 1.237783 1.131160 -0.339478 -0.170549 0.103740 -0.354863 0.960786 -0.100224 -0.279108 1.203688 -0.700265 -0.528185 -0.049664 0.095755 -0.479511 -0.683363 0.264558
0.000000 0.000000 0.000000 0.000000 0.000000 0.000000 -1.282455 -0.031420 0.401896 -1.750881 -0.105242 0.205354 -1.494103 -0.266061 0.111532 -1.382178 -0.028018 0.098288 -1.382178 -0.028018 0.098288 -1.357508 0.361772 -0.225922 -0.729563 -0.136664 0.203381 -1.383510 -0.002531 0.214729 -1.383510 -0.002531 0.214729 -1.089710 0.084538 0.034211 -1.389921 -0.222389 0.341101 -1.158061 -0.464445 0.651111 -1.971474 -0.184755 0.545918 -2.002095 0.483975 -0.548110 -1.459349 1.243478 1.123252 -0.347425 -0.143319 0.107933 -0.365390 0.973366 -0.098589 -0.258563 1.081398 -0.631101 -0.523383 -0.041079 0.109425 -0.470209 -0.674800 0.276053
0.000000 0.000000 0.000000 0.000000 0.000000 0.000000 -1.252718 -0.065824 0.394561 -1.726958 -0.095887 0.202727 -1.483022 -0.255621 0.117558 -1.364003 -0.020950 0.096385 -1.364003 -0.020950 0.096385 -1.295543 0.355795 -0.210411 -0.645477 -0.165027 0.188441 -1.291523 -0.029224 0.210531 -1.291523 -0.029224 0.210531 -1.090618 0.075537 0.032866 -1.392747 -0.229739 0.329359 -1.166834 -0.461106 0.645863 -1.991968 -0.161799 0.509084 -2.012452 0.478094 -0.552195 -1.471371 1.260674 1.115560 -0.396378 -0.149292 0.118163 -0.413788 0.964277 -0.116910 -0.296792 1.003033 -0.654673 -0.501703 -0.016749 0.132849 -0.441110 -0.650981 0.291149
0.000000 0.000000 0.000000 0.000000 0.000000 0.000000 -1.260188 -0.087780 0.394040 -1.743602 -0.099028 0.185575 -1.510354 -0.269707 0.108126 -1.379531 -0.027530 0.089515 -1.379531 -0.027530 0.089515 -1.401527 0.359152 -0.212662 -0.779367 -0.149240 0.188910 -1.420251 0.031155 0.263109 -1.420251 0.031155 0.263109 -1.095037 0.108679 0.057017 -1.393779 -0.209618 0.359598 -1.156886 -0.462095 0.658601 -1.993472 -0.176985 0.542171 -2.022991 0.473413 -0.546864 -1.492756 1.249203 1.135005 -0.355799 -0.135394 0.119499 -0.379452 0.981165 -0.093299 -0.314511 0.984099 -0.715081 -0.527450 -0.048439 0.104253 -0.475884 -0.683133 0.272789
0.000000 0.000000 0.000000 0.000000 0.000000 0.000000 -1.258350 -0.079906 0.390192 -1.738954 -0.080843 0.214246 -1.504998 -0.278771 0.108215 -1.365140 -0.026226 0.067478 -1.365140 -0.026226 0.067478 -1.452454 0.378085 -0.188442 -0.886148 -0.145577 0.206181 -1.523246 0.074321 0.287010 -1.523246 0.074321 0.287010 -1.094078 0.083620 0.038594 -1.398975 -0.234102 0.327079 -1.167416 -0.465807 0.645637 -1.993819 -0.183123 0.520809 -2.012380 0.466640 -0.560228 -1.491330 1.224446 1.125422 -0.365572 -0.137932 0.099173 -0.376907 0.967671 -0.114441 -0.238807 0.992401 -0.743531 -0.521002 -0.051284 0.105343 -0.469673 -0.683639 0.271091
0.000000 0.000000 0.000000 0.000000 0.000000 0.000000 -1.254454 -0.069998 0.390761 -1.737065 -0.098396 0.206483 -1.512182 -0.266071 0.107114 -1.367501 -0.039417 0.063633 -1.367501 -0.039417 0.063633 -1.474483 0.372391 -0.206614 -0.910848 -0.143594 0.219470 -1.539642 0.082416 0.326781 -1.539642 0.082416 0.326781 -1.099293 0.088694 0.038666 -1.403338 -0.231167 0.331930 -1.170197 -0.463185 0.653923 -1.986957 -0.183798 0.540416 -2.014066 0.473872 -0.551819 -1.482087 1.220353 1.130645 -0.390922 -0.141196 0.112235 -0.406647 0.948355 -0.113870 -0.276127 0.955805 -0.760331 -0.524360 -0.048966 0.111332 -0.470793 -0.682102 0.278207
0.000000 0.000000 0.000000 0.000000 0.000000 0.000000 -1.255227 -0.090350 0.392534 -1.745622 -0.100384 0.182409 -1.526202 -0.265982 0.116797 -1.371924 -0.049327 0.039654 -1.371924 -0.049327 0.039654 -1.495037 0.360572 -0.202587 -0.926775 -0.148273 0.205116 -1.544067 0.115024 0.329511 -1.544067 0.115024 0.329511 -1.109348 0.108927 0.062659 -1.411027 -0.212858 0.368428 -1.162200 -0.468156 0.661239 -1.995462 -0.186228 0.548996 -2.026189 0.463423 -0.542107 -1.507771 1.219839 1.139657 -0.410438 -0.134506 0.130069 -0.433222 0.983445 -0.115774 -0.325863 0.946365 -0.761254 -0.500030 -0.056196 0.095250 -0.452548 -0.692299 0.255199
0.000000 0.000000 0.000000 0.000000 0.000000 0.000000 -1.250157 -0.104039 0.386320 -1.733929 -0.105908 0.190983 -1.514594 -0.262484 0.103777 -1.356713 -0.049036 0.029529 -1.356713 -0.049036 0.029529 -1.498936 0.368205 -0.198917 -0.933444 -0.158954 0.208393 -1.545240 0.116055 0.344635 -1.545240 0.116055 0.344635 -1.109849 0.108203 0.061310 -1.414324 -0.213162 0.360603 -1.162473 -0.465074 0.656289 -1.979400 -0.181259 0.557356 -2.015775 0.480865 -0.539071 -1.489616 1.212948 1.149643 -0.415941 -0.151096 0.130027 -0.437479 0.959821 -0.117163 -0.329650 0.907436 -0.767288 -0.504996 -0.046794 0.096626 -0.456735 -0.681934 0.257845
0.000000 0.000000 0.000000 0.000000 0.000000 0.000000 -1.272427 -0.091890 0.398230 -1.746347 -0.092905 0.204905 -1.518223 -0.270447 0.103005 -1.352093 -0.053012 0.026848 -1.352093 -0.053012 0.026848 -1.534656 0.390582 -0.197453 -0.973391 -0.158201 0.225559 -1.578866 0.125789 0.374714 -1.578866 0.125789 0.374714 -1.114937 0.080178 0.045409 -1.421461 -0.235222 0.338416 -1.170220 -0.465291 0.658081 -1.987891 -0.197950 0.564257 -2.019342 0.472819 -0.557328 -1.504283 1.209032 1.128071 -0.426347 -0.153007 0.124924 -0.444329 0.933365 -0.121774 -0.337033 0.869357 -0.777130 -0.511084 -0.062076 0.099481 -0.462039 -0.697155 0.262889
0.000000 0.000000 0.000000 0.000000 0.000000 0.000000 -1.263424 -0.073766 0.397332 -1.748582 -0.094333 0.207246 -1.534601 -0.272546 0.099918 -1.371154 -0.070040 0.020560 -1.371154 -0.070040 0.020560 -1.554787 0.378358 -0.185716 -1.006497 -0.157265 0.217380 -1.607148 0.155778 0.360482 -1.607148 0.155778 0.360482 -1.123077 0.090325 0.046060 -1.428941 -0.227919 0.347764 -1.173758 -0.470123 0.655075 -1.994086 -0.182176 0.551914 -2.024413 0.476747 -0.554954 -1.496544 1.225852 1.129515 -0.433223 -0.157547 0.133203 -0.454460 0.937946 -0.120538 -0.357559 0.848876 -0.773119 -0.513330 -0.054968 0.091758 -0.466450 -0.690961 0.256292
0.000000 0.000000 0.000000 0.000000 0.000000 0.000000 -1.278515 -0.087231 0.397328 -1.758829 -0.097427 0.202221 -1.533580 -0.268306 0.105338 -1.364082 -0.045104 0.015488 -1.364082 -0.045104 0.015488 -1.564542 0.394314 -0.192586 -0.992683 -0.179249 0.220203 -1.577570 0.130703 0.401634 -1.577570 0.130703 0.401634 -1.122428 0.076759 0.041493 -1.430011 -0.236760 0.338533 -1.168131 -0.459584 0.660853 -2.012462 -0.176854 0.539397 -2.036338 0.469717 -0.565221 -1.507301 1.244956 1.120283 -0.430192 -0.146551 0.127025 -0.448961 0.946056 -0.123663 -0.391650 0.794820 -0.793891 -0.493059 -0.050595 0.108733 -0.441377 -0.686002 0.265660
0.000000 0.000000 0.000000 0.000000 0.000000 0.000000 -1.265077 -0.093593 0.380333 -1.760697 -0.103928 0.201449 -1.595049 -0.252857 0.122097 -1.498947 0.054438 0.120999 -1.498947 0.054438 0.120999 -1.618285 0.399221 -0.174567 -1.050573 -0.186763 0.230358 -1.629392 0.169386 0.398260 -1.629392 0.169386 0.398260 -1.113770 0.078784 0.034948 -1.425084 -0.228759 0.343319 -1.164127 -0.460338 0.659796 -1.995306 -0.175989 0.537247 -2.023245 0.470959 -0.546659 -1.497995 1.243874 1.139682 -0.330454 -0.150253 0.091040 -0.341132 0.956711 -0.101902 -0.190717 1.023028 -0.928445 -0.527449 -0.033420 0.101482 -0.476463 -0.667537 0.269725
0.000000 0.000000 0.000000 0.000000 0.000000 0.000000 -1.289887 -0.061074 0.405394 -1.735162 -0.084504 0.214847 -1.510426 -0.285717 0.096195 -1.384705 -0.024595 0.120588 -1.384705 -0.024595 0.120588 -1.678743 0.394907 -0.169966 -1.114056 -0.156143 0.233200 -1.683869 0.220355 0.387373 -1.683869 0.220355 0.387373 -1.108227 0.065515 0.031965 -1.424688 -0.249812 0.325411 -1.169928 -0.472775 0.652420 -1.983932 -0.182716 0.534425 -2.009244 0.475119 -0.552755 -1.487020 1.233006 1.135273 -0.362289 -0.172629 0.094276 -0.369618 0.949309 -0.119705 -0.219340 0.998471 -0.945165 -0.522170 -0.038769 0.100508 -0.471937 -0.672162 0.266878
0.000000 0.000000 0.000000 0.000000 0.000000 0.000000 -1.274426 -0.044335 0.397426 -1.705513 -0.087351 0.232401 -1.512923 -0.266903 0.083469 -1.386652 -0.039107 0.067981 -1.386652 -0.039107 0.067981 -1.677408 0.402316 -0.164203 -1.107340 -0.177883 0.244853 -1.663985 0.199132 0.395655 -1.663985 0.199132 0.395655 -1.109127 0.060759 0.023852 -1.429385 -0.257157 0.315178 -1.162949 -0.476262 0.648758 -2.012221 -0.165169 0.514468 -2.031852 0.465453 -0.555920 -1.502241 1.249904 1.123683 -0.366493 -0.150470 0.088607 -0.372671 0.915688 -0.116269 -0.211898 0.982254 -0.955383 -0.510112 -0.019893 0.101763 -0.459301 -0.654959 0.264147
0.000000 0.000000 0.000000 0.000000 0.000000 0.000000 -1.257897 -0.038199 0.384211 -1.687218 -0.073929 0.236314 -1.491611 -0.259997 0.102019 -1.357231 -0.041818 0.066124 -1.357231 -0.041818 0.066124 -1.694459 0.409400 -0.135971 -1.129332 -0.173782 0.239878 -1.670861 0.166406 0.365588 -1.670861 0.166406 0.365588 -1.098237 0.053482 0.013459 -1.420446 -0.267961 0.305886 -1.170951 -0.479494 0.651976 -2.045108 -0.172275 0.535370 -2.064303 0.455567 -0.575835 -1.526536 1.280973 1.092513 -0.238501 -0.160751 0.054977 -0.238260 1.028944 -0.092789 0.140185 1.397989 -1.044517 -0.512084 -0.046362 0.121362 -0.455282 -0.682769 0.284547
0.000000 0.000000 0.000000 0.000000 0.000000 0.000000 -1.292414 -0.042961 0.408007 -1.712209 -0.095087 0.214427 -1.514578 -0.262597 0.094944 -1.375788 -0.049866 0.061790 -1.375788 -0.049866 0.061790 -1.734251 0.401453 -0.165516 -1.162347 -0.165832 0.238203 -1.688684 0.172611 0.359847 -1.688684 0.172611 0.359847 -1.113779 0.058092 0.031473 -1.430988 -0.254158 0.329195 -1.182950 -0.473903 0.659406 -2.004958 -0.187019 0.561758 -2.035155 0.473827 -0.564458 -1.498082 1.252635 1.118004 -0.337952 -0.176950 0.070713 -0.333640 0.984403 -0.133417 0.094169 1.295369 -1.090975 -0.535058 -0.035758 0.104074 -0.483114 -0.668618 0.274533
0.000000 0.000000 0.000000 0.000000 0.000000 0.000000 -1.291377 -0.078367 0.391704 -1.691883 -0.107463 0.207035 -1.498935 -0.254487 0.085040 -1.373230 -0.023044 0.078118 -1.373230 -0.023044 0.078118 -1.774009 0.391998 -0.164526 -1.208540 -0.163903 0.229404 -1.722364 0.202560 0.360004 -1.722364 0.202560 0.360004 -1.119589 0.060344 0.036034 -1.428144 -0.237817 0.352141 -1.181919 -0.490442 0.653431 -2.046804 -0.170031 0.521876 -2.060470 0.455454 -0.583237 -1.544058 1.264065 1.106794 -0.431860 -0.157409 0.126057 -0.448540 0.966325 -0.132773 -0.029687 0.945488 -0.977190 -0.519787 -0.020247 0.099688 -0.469359 -0.654412 0.265198
0.000000 0.000000 0.000000 0.000000 0.000000 0.000000 -1.288830 -0.099967 0.388065 -1.696509 -0.101361 0.207793 -1.508085 -0.262752 0.083097 -1.381254 -0.014482 0.098290 -1.381254 -0.014482 0.098290 -1.793357 0.385465 -0.164295 -1.217602 -0.163089 0.242985 -1.725066 0.218157 0.385256 -1.725066 0.218157 0.385256 -1.120838 0.081513 0.046716 -1.426223 -0.232569 0.351559 -1.176812 -0.481365 0.655572 -2.013237 -0.166665 0.558701 -2.048547 0.477442 -0.550125 -1.504933 1.242404 1.135489 -0.436974 -0.161305 0.133174 -0.456649 0.968304 -0.130957 -0.058880 0.934446 -0.991453 -0.521430 -0.030510 0.099448 -0.471227 -0.665114 0.265788
0.000000 0.000000 0.000000 0.000000 0.000000 0.000000 -1.300511 -0.080814 0.408080 -1.710034 -0.088291 0.218121 -1.527427 -0.277896 0.100345 -1.384605 -0.021758 0.058488 -1.384605 -0.021758 0.058488 -1.821105 0.418347 -0.150539 -1.202174 -0.181742 0.255041 -1.697397 0.161602 0.374997 -1.697397 0.161602 0.374997 -1.125355 0.071778 0.051788 -1.439814 -0.268942 0.335161 -1.175621 -0.496977 0.667337 -1.993866 -0.178536 0.546377 -2.025956 0.468628 -0.538686 -1.483953 1.191826 1.144406 -0.462082 -0.177117 0.159072 -0.491272 0.995940 -0.134524 -0.139176 0.936369 -1.037634 -0.511271 -0.021666 0.067990 -0.471345 -0.658156 0.232245
0.000000 0.000000 0.000000 0.000000 0.000000 0.000000 -1.305789 -0.096853 0.410605 -1.771040 -0.112657 0.191324 -1.660531 -0.263223 0.116973 -1.564396 0.025704 0.099590 -1.564396 0.025704 0.099590 -1.852822 0.399730 -0.162978 -1.245650 -0.162300 0.240587 -1.737977 0.192979 0.349225 -1.737977 0.192979 0.349225 -1.129216 0.098527 0.069739 -1.438422 -0.233071 0.365661 -1.170682 -0.484630 0.664235 -2.007249 -0.166913 0.535172 -2.032711 0.478923 -0.561770 -1.481384 1.233463 1.112927 -0.411225 -0.161271 0.132069 -0.433104 0.990891 -0.122063 -0.021870 0.901955 -0.961363 -0.507562 -0.029538 0.090017 -0.460713 -0.666742 0.252584
0.000000 0.000000 0.000000 0.000000 0.000000 0.000000 -1.283460 -0.108593 0.392864 -1.727073 -0.107855 0.193760 -1.627936 -0.252327 0.127976 -1.550641 0.043861 0.132196 -1.550641 0.043861 0.132196 -1.874363 0.398535 -0.144338 -1.253173 -0.163070 0.244842 -1.736003 0.150900 0.330770 -1.736003 0.150900 0.330770 -1.108048 0.100043 0.058330 -1.418570 -0.234499 0.354402 -1.173608 -0.483625 0.667049 -2.050784 -0.159458 0.532354 -2.073795 0.454818 -0.562086 -1.552446 1.266314 1.131269 -0.394227 -0.147328 0.143111 -0.426200 0.934780 -0.086885 -0.074051 0.704282 -0.079659 -0.497726 -0.032790 0.079437 -0.454708 -0.671144 0.239328
0.000000 0.000000 0.000000 0.000000 0.000000 0.000000 -1.308873 -0.092793 0.415264 -1.699350 -0.094650 0.209536 -1.543613 -0.279417 0.084214 -1.439643 0.013557 0.107683 -1.439643 0.013557 0.107683 -1.907226 0.418590 -0.144963 -1.280975 -0.170813 0.253639 -1.765511 0.162999 0.345036 -1.765511 0.162999 0.345036 -1.110033 0.081677 0.065915 -1.421648 -0.249983 0.352852 -1.179231 -0.488092 0.666048 -2.025975 -0.165215 0.539131 -2.046803 0.483855 -0.588295 -1.523559 1.257155 1.106261 -0.423510 -0.150797 0.148810 -0.454839 0.940451 -0.100429 -0.107517 0.688965 -0.021572 -0.516944 -0.031280 0.079713 -0.473479 -0.664961 0.244927
0.000000 0.000000 0.000000 0.000000 0.000000 0.000000 -1.325476 -0.076208 0.432380 -1.704098 -0.097315 0.205912 -1.532433 -0.286518 0.088484 -1.415576 -0.014432 0.123529 -1.415576 -0.014432 0.123529 -1.941133 0.412784 -0.149877 -1.296046 -0.172548 0.250801 -1.769137 0.193064 0.340874 -1.769137 0.193064 0.340874 -1.119827 0.079673 0.064564 -1.431535 -0.247113 0.356281 -1.176612 -0.485069 0.671586 -2.010124 -0.153858 0.531434 -2.038699 0.481361 -0.550998 -1.517837 1.257889 1.150667 -0.523329 -0.194105 0.194438 -0.563642 0.970606 -0.139507 -0.396044 1.077898 -0.023215 -0.487879 -0.027715 0.089466 -0.441912 -0.665432 0.245469
0.000000 0.000000 0.000000 0.000000 0.000000 0.000000 -1.300994 -0.080733 0.411381 -1.728184 -0.106668 0.198471 -1.618955 -0.254817 0.111313 -1.536075 0.040318 0.136032 -1.536075 0.040318 0.136032 -1.927305 0.404919 -0.143768 -1.289714 -0.177791 0.242074 -1.761955 0.184917 0.334966 -1.761955 0.184917 0.334966 -1.120571 0.068444 0.053537 -1.436381 -0.253518 0.356426 -1.169596 -0.485552 0.678719 -2.014046 -0.174491 0.532402 -2.032908 0.477060 -0.580990 -1.530558 1.241930 1.122050 -0.504373 -0.175061 0.176540 -0.539511 0.928065 -0.125585 -0.398702 0.938960 0.060429 -0.499377 -0.027280 0.085979 -0.454219 -0.663556 0.245634
0.000000 0.000000 0.000000 0.000000 0.000000 0.000000 -1.306241 -0.072292 0.421636 -1.741841 -0.102633 0.203946 -1.635615 -0.265216 0.124955 -1.564550 0.059170 0.154416 -1.564550 0.059170 0.154416 -1.939503 0.422558 -0.129803 -1.290833 -0.192504 0.252914 -1.757815 0.189220 0.357219 -1.757815 0.189220 0.357219 -1.129515 0.063765 0.051558 -1.444913 -0.254505 0.343365 -1.177816 -0.479691 0.664968 -2.023909 -0.157620 0.544173 -2.052207 0.482305 -0.567028 -1.533282 1.281043 1.136280 -0.487212 -0.183376 0.151470 -0.510147 0.924411 -0.138497 -0.381480 0.925939 0.027431 -0.506108 -0.019892 0.089935 -0.459340 -0.654789 0.251299
0.000000 0.000000 0.000000 0.000000 0.000000 0.000000 -1.310927 -0.104763 0.391130 -1.708238 -0.119702 0.193764 -1.586925 -0.260412 0.107403 -1.535947 0.121461 0.240652 -1.535947 0.121461 0.240652 -1.983778 0.407870 -0.132189 -1.317439 -0.186975 0.247190 -1.767573 0.209171 0.380040 -1.767573 0.209171 0.380040 -1.141355 0.072606 0.042217 -1.451198 -0.234761 0.360642 -1.192554 -0.475265 0.676839 -2.051035 -0.171785 0.527305 -2.065595 0.453647 -0.584496 -1.577553 1.227134 1.141842 -0.456719 -0.161519 0.136618 -0.476352 0.947419 -0.134314 -0.390035 0.746411 0.065616 -0.545294 -0.010278 0.087785 -0.497506 -0.643609 0.261994
0.000000 0.000000 0.000000 0.000000 0.000000 0.000000 -1.316823 -0.079993 0.406513 -1.674477 -0.100537 0.201963 -1.498360 -0.283453 0.078738 -1.414278 0.100958 0.248758 -1.414278 0.100958 0.248758 -1.986745 0.412992 -0.128066 -1.331607 -0.194090 0.241979 -1.742926 0.219794 0.354513 -1.742926 0.219794 0.354513 -1.132755 0.079952 0.051437 -1.443830 -0.240051 0.356286 -1.186824 -0.487593 0.664490 -2.038894 -0.151737 0.516058 -2.057612 0.467613 -0.568887 -1.575806 1.233398 1.171260 -0.471011 -0.162490 0.141118 -0.490730 0.963560 -0.143166 -0.423606 0.671766 0.103841 -0.519832 -0.018295 0.091121 -0.472023 -0.653638 0.257195
0.000000 0.000000 0.000000 0.000000 0.000000 0.000000 -1.283621 -0.112990 0.393910 -1.666490 -0.077963 0.207286 -1.510396 -0.296990 0.066681 -1.445814 0.123261 0.289973 -1.445814 0.123261 0.289973 -1.990880 0.418109 -0.112977 -1.340117 -0.200913 0.241712 -1.730021 0.206557 0.346319 -1.730021 0.206557 0.346319 -1.144488 0.068488 0.046769 -1.457618 -0.247753 0.348782 -1.204163 -0.485408 0.667263 -1.980868 -0.171002 0.514377 -1.998876 0.489412 -0.568931 -1.606495 1.224883 1.088933 -0.564758 -0.156797 0.137486 -0.573238 0.908051 -0.183314 -0.558182 0.669005 0.256349 -0.500492 -0.023510 0.107918 -0.447889 -0.660987 0.267490
0.000000 0.000000 0.000000 0.000000 0.000000 0.000000 -1.308521 -0.085313 0.404691 -1.739503 -0.096625 0.191124 -1.634119 -0.279534 0.113955 -1.586316 0.179085 0.286364 -1.586316 0.179085 0.286364 -2.017474 0.405925 -0.122129 -1.365797 -0.194845 0.240726 -1.741338 0.209593 0.356890 -1.741338 0.209593 0.356890 -1.139379 0.079816 0.050458 -1.450932 -0.242724 0.357303 -1.197796 -0.490454 0.671902 -2.005569 -0.186718 0.529444 -2.024352 0.462144 -0.566315 -1.639927 1.247412 1.096631 -0.556289 -0.155473 0.150600 -0.571588 0.941315 -0.176886 -0.559280 0.672225 0.236773 -0.482694 -0.021655 0.103634 -0.432104 -0.659875 0.257460
0.000000 0.000000 0.000000 0.000000 0.000000 0.000000 -1.310418 -0.057622 0.424816 -1.693463 -0.084750 0.201780 -1.537477 -0.279523 0.076281 -1.437230 0.068675 0.208459 -1.437230 0.068675 0.208459 -2.036685 0.422401 -0.124957 -1.389150 -0.200265 0.244240 -1.750338 0.229636 0.368402 -1.750338 0.229636 0.368402 -1.141940 0.054747 0.054723 -1.452796 -0.259350 0.361753 -1.184994 -0.495525 0.679160 -2.011923 -0.166367 0.537604 -2.033491 0.490679 -0.585582 -1.623118 1.280159 1.114501 -0.522436 -0.199575 0.178855 -0.553878 0.952070 -0.148196 -0.537239 0.992834 0.066273 -0.490616 -0.006847 0.095264 -0.442155 -0.644382 0.251672
0.000000 0.000000 0.000000 0.000000 0.000000 0.000000 -1.347555 -0.075295 0.430013 -1.708176 -0.088952 0.211440 -1.517563 -0.282231 0.080503 -1.371989 -0.016346 0.104278 -1.371989 -0.016346 0.104278 -2.068136 0.436534 -0.127104 -1.415243 -0.184164 0.260091 -1.768403 0.207879 0.364361 -1.768403 0.207879 0.364361 -1.143587 0.071386 0.066170 -1.454320 -0.259702 0.366047 -1.185772 -0.497678 0.684213 -2.015467 -0.164808 0.558886 -2.049031 0.484011 -0.561398 -1.617071 1.299479 1.166936 -0.520759 -0.165524 0.154066 -0.541650 0.942224 -0.156112 -0.625826 0.686363 0.030804 -0.527189 -0.018972 0.070626 -0.485670 -0.655548 0.240206
0.000000 0.000000 0.000000 0.000000 0.000000 0.000000 -1.334476 -0.063069 0.440405 -1.721122 -0.078433 0.198196 -1.554427 -0.289931 0.106127 -1.418114 -0.029885 0.104139 -1.418114 -0.029885 0.104139 -2.054771 0.450450 -0.118121 -1.405264 -0.196335 0.262874 -1.754143 0.190644 0.351578 -1.754143 0.190644 0.351578 -1.139951 0.063238 0.067356 -1.452797 -0.272655 0.352967 -1.191537 -0.501204 0.680302 -2.046113 -0.164355 0.540094 -2.068840 0.462798 -0.573753 -1.644249 1.305064 1.162856 -0.543597 -0.167621 0.166088 -0.568762 0.919817 -0.152937 -0.672572 0.683796 0.099584 -0.515325 -0.017362 0.067163 -0.475505 -0.652626 0.232455
0.000000 0.000000 0.000000 0.000000 0.000000 0.000000 -1.334540 -0.070778 0.448552 -1.754498 -0.108694 0.180180 -1.649625 -0.264451 0.131343 -1.564682 0.051867 0.135174 -1.564682 0.051867 0.135174 -2.086575 0.434276 -0.135989 -1.432642 -0.186462 0.265872 -1.772239 0.194532 0.338223 -1.772239 0.194532 0.338223 -1.119585 0.089478 0.085695 -1.429216 -0.260847 0.365567 -1.174468 -0.506197 0.675883 -2.035074 -0.143173 0.509374 -2.048277 0.490932 -0.596445 -1.594975 1.289278 1.141125 -0.612513 -0.163448 0.180717 -0.635681 0.954985 -0.191537 -0.795086 0.596996 0.114648 -0.490067 -0.001553 0.075900 -0.447882 -0.638478 0.232550
0.000000 0.000000 0.000000 0.000000 0.000000 0.000000 -1.296259 -0.079798 0.432366 -1.671977 -0.056046 0.199085 -1.516961 -0.294860 0.096370 -1.400897 -0.030855 0.096692 -1.400897 -0.030855 0.096692 -2.069766 0.426979 -0.122298 -1.417425 -0.182897 0.263347 -1.757328 0.179594 0.341668 -1.757328 0.179594 0.341668 -1.131364 0.066593 0.074123 -1.443491 -0.274426 0.359715 -1.187771 -0.512503 0.679681 -2.053515 -0.154587 0.520822 -2.065611 0.475669 -0.603329 -1.610987 1.296978 1.149419 -0.589951 -0.187255 0.189773 -0.618744 0.961317 -0.179713 -0.840501 0.581949 0.154521 -0.524368 0.001963 0.070530 -0.482323 -0.635871 0.239197
0.000000 0.000000 0.000000 0.000000 0.000000 0.000000 -1.327107 -0.080871 0.434596 -1.741965 -0.084158 0.191613 -1.637405 -0.261712 0.132961 -1.551211 0.013887 0.120340 -1.551211 0.013887 0.120340 -2.090779 0.426766 -0.109148 -1.440322 -0.174759 0.256057 -1.778760 0.168624 0.335324 -1.778760 0.168624 0.335324 -1.129983 0.059102 0.067673 -1.442989 -0.281702 0.357426 -1.179098 -0.517831 0.683866 -2.041448 -0.162686 0.521292 -2.049223 0.486500 -0.620674 -1.599180 1.287199 1.128588 -0.602842 -0.181209 0.178262 -0.623953 0.956913 -0.194083 -0.865263 0.548993 0.126225 -0.515184 -0.005983 0.075008 -0.472320 -0.643287 0.240362
0.000000 0.000000 0.000000 0.000000 0.000000 0.000000 -1.334470 -0.055188 0.440004 -1.729562 -0.092423 0.175840 -1.636817 -0.269922 0.136076 -1.572211 0.069257 0.163196 -1.572211 0.069257 0.163196 -2.100149 0.441008 -0.131905 -1.446842 -0.183826 0.269726 -1.768193 0.182517 0.319451 -1.768193 0.182517 0.319451 -1.141658 0.044709 0.064336 -1.455480 -0.282242 0.353813 -1.179580 -0.504080 0.680117 -2.027700 -0.160813 0.531017 -2.043349 0.492732 -0.604572 -1.575526 1.305783 1.146042 -0.586018 -0.196516 0.180357 -0.608677 0.967238 -0.190112 -0.981494 0.503703 0.030080 -0.537281 0.005414 0.066815 -0.496285 -0.627450 0.238649
0.000000 0.000000 0.000000 0.000000 0.000000 0.000000 -1.321690 -0.076669 0.420320 -1.647631 -0.081943 0.183439 -1.492750 -0.288137 0.087518 -1.396052 0.044364 0.160293 -1.396052 0.044364 0.160293 -2.090751 0.416807 -0.129328 -1.439385 -0.187188 0.256460 -1.760010 0.207482 0.324813 -1.760010 0.207482 0.324813 -1.152236 0.061509 0.062009 -1.461527 -0.260183 0.372187 -1.186901 -0.506457 0.684615 -2.041199 -0.148057 0.504921 -2.051832 0.479715 -0.595141 -1.586774 1.303823 1.152275 -0.489040 -0.218484 0.158092 -0.509186 1.018169 -0.168750 -0.742967 0.965041 -0.088227 -0.545711 0.018500 0.077083 -0.500446 -0.616431 0.251813
0.000000 0.000000 0.000000 0.000000 0.000000 0.000000 -1.366458 -0.047789 0.443233 -1.690985 -0.075142 0.197919 -1.536707 -0.285456 0.091823 -1.434833 0.006848 0.124014 -1.434833 0.006848 0.124014 -2.094408 0.452181 -0.126756 -1.453715 -0.192835 0.251104 -1.759889 0.185773 0.341443 -1.759889 0.185773 0.341443 -1.141820 0.031988 0.057940 -1.454761 -0.285402 0.359292 -1.184812 -0.506576 0.693538 -2.041580 -0.134700 0.500370 -2.049975 0.499624 -0.612469 -1.569670 1.273416 1.139054 -0.480130 -0.203588 0.144882 -0.497123 0.967843 -0.156807 -0.647384 1.272932 -0.054464 -0.532057 0.023665 0.088697 -0.483383 -0.612024 0.258496
0.000000 0.000000 0.000000 0.000000 0.000000 0.000000 -1.342665 -0.036626 0.437981 -1.660185 -0.079771 0.195519 -1.504415 -0.277299 0.097826 -1.384924 -0.031470 0.090714 -1.384924 -0.031470 0.090714 -2.088205 0.431729 -0.119859 -1.444016 -0.195469 0.252716 -1.746782 0.190571 0.323653 -1.746782 0.190571 0.323653 -1.139853 0.051289 0.057275 -1.454137 -0.277593 0.355236 -1.187548 -0.512170 0.683074 -2.031147 -0.165817 0.527393 -2.041280 0.492511 -0.619231 -1.585776 1.250214 1.133937 -0.534077 -0.179810 0.163447 -0.557666 0.928302 -0.155714 -0.790681 1.025963 -0.020469 -0.543794 0.006155 0.074847 -0.499603 -0.629542 0.249380
0.000000 0.000000 0.000000 0.000000 0.000000 0.000000 -1.333874 -0.050535 0.437719 -1.706720 -0.077598 0.164259 -1.619552 -0.269696 0.148396 -1.564144 0.046997 0.159761 -1.564144 0.046997 0.159761 -2.097419 0.429339 -0.128657 -1.448813 -0.181641 0.254146 -1.748406 0.192957 0.335700 -1.748406 0.192957 0.335700 -1.149368 0.048370 0.065949 -1.459683 -0.273785 0.374714 -1.204180 -0.517698 0.691824 -2.040062 -0.180168 0.535348 -2.045147 0.486447 -0.638263 -1.586013 1.220023 1.126074 -0.522825 -0.202923 0.165064 -0.545488 0.964256 -0.164696 -0.703881 1.242054 -0.182463 -0.522649 0.007629 0.077146 -0.478303 -0.630799 0.245076
0.000000 0.000000 0.000000 0.000000 0.000000 0.000000 -1.332237 -0.087781 0.429316 -1.687313 -0.085519 0.181054 -1.589962 -0.257124 0.131874 -1.541557 0.095620 0.172618 -1.541557 0.095620 0.172618 -2.094841 0.432322 -0.103378 -1.463980 -0.185947 0.247449 -1.782032 0.195220 0.315495 -1.782032 0.195220 0.315495 -1.149804 0.041815 0.063593 -1.461796 -0.283321 0.366498 -1.191259 -0.520814 0.688994 -2.016226 -0.177490 0.539661 -2.028363 0.499195 -0.622617 -1.568006 1.203205 1.147407 -0.525971 -0.192090 0.166724 -0.551225 0.933771 -0.153173 -0.801799 1.015840 -0.062575 -0.513473 0.021312 0.072128 -0.470828 -0.616932 0.236873
0.000000 0.000000 0.000000 0.000000 0.000000 0.000000 -1.330038 -0.068458 0.437151 -1.690879 -0.072175 0.178720 -1.591894 -0.275741 0.138406 -1.549203 0.074178 0.168723 -1.549203 0.074178 0.168723 -2.117711 0.415195 -0.103614 -1.471627 -0.173565 0.244595 -1.780701 0.210056 0.307418 -1.780701 0.210056 0.307418 -1.147334 0.057840 0.069052 -1.459890 -0.276299 0.366428 -1.202505 -0.520482 0.684231 -2.045702 -0.147866 0.503749 -2.048933 0.494709 -0.628356 -1.585071 1.228687 1.139794 -0.580552 -0.186819 0.186406 -0.609775 0.936214 -0.168323 -0.947017 0.904179 -0.040747 -0.539854 0.011038 0.056774 -0.501441 -0.626406 0.230990
0.000000 0.000000 0.000000 0.000000 0.000000 0.000000 -1.333119 -0.072390 0.438973 -1.694487 -0.079816 0.174228 -1.602012 -0.272865 0.134641 -1.562960 0.068687 0.159225 -1.562960 0.068687 0.159225 -2.101133 0.424330 -0.120543 -1.454825 -0.181649 0.249069 -1.752757 0.190212 0.323725 -1.752757 0.190212 0.323725 -1.153484 0.054493 0.072125 -1.464898 -0.278818 0.370005 -1.209549 -0.516827 0.694356 -2.077523 -0.149815 0.515603 -2.080527 0.479172 -0.636612 -1.617026 1.245593 1.129580 -0.615302 -0.186134 0.195508 -0.644287 0.950172 -0.186393 -1.028474 0.854071 -0.015358 -0.528927 0.020326 0.049077 -0.493294 -0.616557 0.219564
0.000000 0.000000 0.000000 0.000000 0.000000 0.000000 -1.401318 -0.071005 0.450574 -1.663086 -0.103062 0.174920 -1.478941 -0.290712 0.096931 -1.400866 0.039271 0.178495 -1.400866 0.039271 0.178495 -2.141916 0.425837 -0.131442 -1.498653 -0.175726 0.246684 -1.772927 0.198253 0.318181 -1.772927 0.198253 0.318181 -1.163849 0.058866 0.073589 -1.475591 -0.274270 0.368985 -1.202525 -0.503762 0.695306 -2.099822 -0.149504 0.514882 -2.094347 0.479921 -0.668294 -1.642467 1.276250 1.109086 -0.513108 -0.196915 0.174978 -0.541886 1.013376 -0.163004 -0.779625 1.202172 -0.144665 -0.534440 0.028922 0.072273 -0.490845 -0.607128 0.243481
0.000000 0.000000 0.000000 0.000000 0.000000 0.000000 -1.386929 -0.058187 0.438420 -1.656656 -0.074887 0.194818 -1.475996 -0.295504 0.102989 -1.399587 0.046483 0.189121 -1.399587 0.046483 0.189121 -2.128981 0.428893 -0.118625 -1.482430 -0.176263 0.257186 -1.750953 0.196311 0.313746 -1.750953 0.196311 0.313746 -1.157765 0.038767 0.061036 -1.474669 -0.297117 0.342652 -1.208185 -0.509866 0.686050 -2.114716 -0.137688 0.513554 -2.112139 0.475854 -0.660980 -1.654273 1.302354 1.112880 -0.508945 -0.210524 0.165368 -0.532495 0.982080 -0.163065 -0.806702 1.121283 -0.100322 -0.530467 0.028507 0.077186 -0.485610 -0.606003 0.246469
0.000000 0.000000 0.000000 0.000000 0.000000 0.000000 -1.391419 -0.018926 0.433225 -1.659492 -0.098760 0.178545 -1.488865 -0.269715 0.129005 -1.392719 -0.019958 0.127015 -1.392719 -0.019958 0.127015 -2.144214 0.408869 -0.121354 -1.496599 -0.169929 0.250331 -1.729923 0.171343 0.256857 -1.729923 0.171343 0.256857 -1.182880 0.046744 0.046340 -1.499145 -0.283401 0.347251 -1.228447 -0.508346 0.689325 -2.095196 -0.142071 0.519573 -2.099137 0.477425 -0.640958 -1.660035 1.304164 1.131091 -0.553835 -0.184475 0.152156 -0.567183 0.946210 -0.183997 -0.994592 0.868884 -0.001342 -0.534418 0.014295 0.087272 -0.486229 -0.622581 0.258372
0.000000 0.000000 0.000000 0.000000 0.000000 0.000000 -1.381489 -0.033259 0.424932 -1.656029 -0.087774 0.180638 -1.493389 -0.270002 0.122543 -1.395456 -0.032151 0.091606 -1.395456 -0.032151 0.091606 -2.128120 0.419643 -0.117605 -1.483392 -0.178615 0.250287 -1.718293 0.140588 0.263571 -1.718293 0.140588 0.263571 -1.172514 0.040042 0.057128 -1.484833 -0.282562 0.365708 -1.222685 -0.513924 0.696061 -2.080086 -0.140533 0.510981 -2.086878 0.475395 -0.619989 -1.660208 1.291595 1.155218 -0.573251 -0.194016 0.161682 -0.588045 0.950465 -0.191814 -1.050218 0.830561 -0.000337 -0.537606 0.004121 0.087609 -0.489498 -0.632203 0.259789
0.000000 0.000000 0.000000 0.000000 0.000000 0.000000 -1.419039 -0.040186 0.453233 -1.688179 -0.100366 0.176046 -1.512670 -0.271055 0.130638 -1.389161 -0.097427 -0.010558 -1.389161 -0.097427 -0.010558 -2.168741 0.408393 -0.130487 -1.521283 -0.162960 0.249571 -1.742640 0.162938 0.273060 -1.742640 0.162938 0.273060 -1.193693 0.057498 0.067922 -1.509329 -0.276070 0.368148 -1.229208 -0.503422 0.697554 -2.108573 -0.144449 0.538653 -2.115320 0.477148 -0.650694 -1.701463 1.374985 1.105521 -0.475803 -0.197554 0.144548 -0.493074 0.986145 -0.157807 -0.760966 1.221347 -0.171023 -0.534031 -0.027290 0.079810 -0.489391 -0.664402 0.251686
0.000000 0.000000 0.000000 0.000000 0.000000 0.000000 -1.400201 -0.029466 0.462854 -1.667274 -0.091257 0.164175 -1.481091 -0.277130 0.142616 -1.360527 -0.101761 -0.019929 -1.360527 -0.101761 -0.019929 -2.175897 0.424014 -0.134131 -1.529482 -0.168746 0.258136 -1.735973 0.151201 0.244307 -1.735973 0.151201 0.244307 -1.185407 0.054067 0.076928 -1.499390 -0.296093 0.349226 -1.227023 -0.508742 0.689156 -2.103081 -0.149907 0.551411 -2.109972 0.487973 -0.665823 -1.715664 1.381262 1.083641 -0.560448 -0.180204 0.175128 -0.586237 0.948928 -0.167891 -1.041791 0.900270 0.057339 -0.520518 0.002980 0.070089 -0.478891 -0.633421 0.237074
0.000000 0.000000 0.000000 0.000000 0.000000 0.000000 -1.369999 -0.071392 0.443102 -1.667701 -0.065703 0.163326 -1.506353 -0.281460 0.163499 -1.383603 -0.138566 -0.051375 -1.383603 -0.138566 -0.051375 -2.156343 0.411552 -0.117721 -1.531810 -0.160803 0.250145 -1.750335 0.143852 0.272325 -1.750335 0.143852 0.272325 -1.190112 0.059642 0.071139 -1.503070 -0.286072 0.362261 -1.218934 -0.513685 0.696455 -2.098201 -0.121266 0.513939 -2.102917 0.496570 -0.649012 -1.787495 1.422011 1.064380 -0.581969 -0.204468 0.172219 -0.598347 0.991110 -0.204704 -1.124543 0.955993 0.000278 -0.519054 -0.018154 0.074480 -0.476450 -0.656168 0.241518
0.000000 0.000000 0.000000 0.000000 0.000000 0.000000 -1.380407 -0.084452 0.451747 -1.664708 -0.076230 0.164251 -1.497832 -0.270885 0.148382 -1.364842 -0.148884 -0.087431 -1.364842 -0.148884 -0.087431 -2.187264 0.412862 -0.112758 -1.551016 -0.162953 0.237879 -1.763280 0.131118 0.260304 -1.763280 0.131118 0.260304 -1.197115 0.050000 0.079356 -1.502901 -0.280351 0.381579 -1.234740 -0.508033 0.712151 -2.126457 -0.120746 0.515659 -2.130907 0.475904 -0.645318 -1.951042 1.517755 0.948493 -0.591025 -0.222474 0.181523 -0.608554 1.006768 -0.213581 -1.255502 0.906683 0.001598 -0.535312 -0.011683 0.062809 -0.495814 -0.648308 0.235341
0.000000 0.000000 0.000000 0.000000 0.000000 0.000000 -1.423986 -0.076400 0.462477 -1.706797 -0.085974 0.147293 -1.539452 -0.277533 0.169729 -1.402185 -0.152098 -0.085778 -1.402185 -0.152098 -0.085778 -2.204590 0.412006 -0.103706 -1.569275 -0.150739 0.228275 -1.769787 0.143424 0.259343 -1.769787 0.143424 0.259343 -1.193730 0.037844 0.079574 -1.501137 -0.287700 0.383889 -1.240479 -0.507428 0.721105 -2.140697 -0.138623 0.515407 -2.135953 0.459469 -0.665424 -1.994635 1.493927 0.900093 -0.621229 -0.216784 0.187226 -0.639467 0.978471 -0.217140 -1.286397 0.981246 0.014209 -0.543051 -0.012566 0.054965 -0.506044 -0.646719 0.229750
0.000000 0.000000 0.000000 0.000000 0.000000 0.000000 -1.365641 -0.062830 0.425503 -1.696234 -0.077617 0.158178 -1.598142 -0.271232 0.176660 -1.543297 -0.059181 0.010173 -1.543297 -0.059181 0.010173 -2.171104 0.380336 -0.097560 -1.540904 -0.147010 0.234976 -1.733656 0.158921 0.211963 -1.733656 0.158921 0.211963 -1.181860 0.030846 0.048786 -1.493760 -0.280054 0.364791 -1.253487 -0.494295 0.712853 -2.183379 -0.132638 0.532588 -2.177314 0.451636 -0.689735 -2.184731 1.522566 0.676039 -0.586593 -0.226396 0.175722 -0.600566 1.011193 -0.218112 -1.336819 1.054881 -0.036034 -0.544346 -0.022891 0.063035 -0.504843 -0.658062 0.238408
0.000000 0.000000 0.000000 0.000000 0.000000 0.000000 -1.407414 -0.049704 0.448142 -1.661828 -0.070006 0.182237 -1.487033 -0.274723 0.158240 -1.378408 -0.096889 -0.019641 -1.378408 -0.096889 -0.019641 -2.171728 0.421972 -0.084496 -1.540495 -0.162946 0.230630 -1.727261 0.121461 0.223532 -1.727261 0.121461 0.223532 -1.185893 0.016616 0.061938 -1.477886 -0.303837 0.363956 -1.227126 -0.515495 0.711233 -2.152258 -0.121793 0.537168 -2.153064 0.483255 -0.685769 -2.193765 1.498787 0.657181 -0.562357 -0.242100 0.186245 -0.585312 1.010110 -0.197708 -1.344507 1.039024 -0.011166 -0.522603 0.000192 0.049208 -0.487693 -0.637197 0.217913
0.000000 0.000000 0.000000 0.000000 0.000000 0.000000 -1.408285 -0.034874 0.450271 -1.650309 -0.062863 0.174995 -1.461757 -0.283345 0.158372 -1.338890 -0.104880 -0.040572 -1.338890 -0.104880 -0.040572 -2.189160 0.418175 -0.087611 -1.557878 -0.159442 0.237081 -1.748342 0.133097 0.229759 -1.748342 0.133097 0.229759 -1.201074 0.013866 0.062539 -1.481926 -0.311882 0.358334 -1.226483 -0.515773 0.713876 -2.155591 -0.132178 0.533198 -2.146435 0.482846 -0.712047 -2.205212 1.506303 0.588751 -0.570203 -0.235167 0.192178 -0.596024 1.015025 -0.197585 -1.371762 1.027045 0.000156 -0.546145 0.003412 0.054724 -0.508589 -0.631341 0.230532
0.000000 0.000000 0.000000 0.000000 0.000000 0.000000 -1.443141 -0.045289 0.444910 -1.719204 -0.089765 0.166787 -1.597716 -0.265711 0.182075 -1.548957 -0.030803 0.049417 -1.548957 -0.030803 0.049417 -2.191578 0.418795 -0.101028 -1.555269 -0.156248 0.237613 -1.736035 0.132955 0.234545 -1.736035 0.132955 0.234545 -1.222507 0.025741 0.060308 -1.485552 -0.303207 0.360083 -1.222595 -0.515179 0.710725 -2.167437 -0.133456 0.542330 -2.164861 0.466159 -0.691882 -2.243905 1.535549 0.514020 -0.467210 -0.228321 0.183551 -0.505927 1.013587 -0.134771 -1.025878 1.198588 -0.222148 -0.541168 -0.008098 0.055843 -0.503565 -0.645177 0.230692
0.000000 0.000000 0.000000 0.000000 0.000000 0.000000 -1.404272 -0.076917 0.431220 -1.682505 -0.076798 0.174613 -1.582697 -0.266263 0.174380 -1.572062 -0.012788 0.105693 -1.572062 -0.012788 0.105693 -2.190077 0.383207 -0.081878 -1.560325 -0.130025 0.225822 -1.752134 0.167693 0.219846 -1.752134 0.167693 0.219846 -1.209389 0.033403 0.057929 -1.486532 -0.285744 0.373060 -1.263816 -0.516253 0.714674 -2.184371 -0.138777 0.546378 -2.178193 0.455415 -0.702926 -2.225080 1.523770 0.495964 -0.536894 -0.214235 0.157225 -0.549872 1.001342 -0.194330 -1.174852 1.084964 -0.078540 -0.565844 -0.054938 0.041283 -0.533589 -0.689176 0.224906
0.000000 0.000000 0.000000 0.000000 0.000000 0.000000 -1.352968 -0.097584 0.422788 -1.583142 -0.022125 0.181167 -1.422817 -0.309449 0.148494 -1.343204 -0.098056 -0.018848 -1.343204 -0.098056 -0.018848 -2.159155 0.406073 -0.084051 -1.525581 -0.155486 0.236017 -1.731042 0.146747 0.221589 -1.731042 0.146747 0.221589 -1.180039 -0.000526 0.047699 -1.473888 -0.302504 0.361614 -1.272884 -0.511952 0.717986 -2.139077 -0.182447 0.531982 -2.110283 0.465948 -0.745732 -2.208273 1.405331 0.433610 -0.538700 -0.233536 0.145952 -0.541427 1.015304 -0.214377 -1.217042 1.096977 -0.022143 -0.552534 0.016656 0.062419 -0.511652 -0.619886 0.240462
0.000000 0.000000 0.000000 0.000000 0.000000 0.000000 -1.413098 -0.039383 0.439383 -1.626624 -0.060268 0.183139 -1.458181 -0.272718 0.154101 -1.353618 -0.146611 -0.089694 -1.353618 -0.146611 -0.089694 -2.166693 0.406333 -0.075477 -1.534701 -0.151994 0.220239 -1.715386 0.136075 0.200102 -1.715386 0.136075 0.200102 -1.205308 0.006727 0.052838 -1.456169 -0.310036 0.350821 -1.265303 -0.516384 0.709267 -2.139810 -0.151140 0.527128 -2.129346 0.466943 -0.694814 -2.205383 1.438264 0.433427 -0.610040 -0.259525 0.176703 -0.617360 0.991771 -0.236711 -1.337200 1.141346 0.019010 -0.572235 -0.014775 0.063324 -0.531414 -0.648186 0.247656
0.000000 0.000000 0.000000 0.000000 0.000000 0.000000 -1.385006 0.028981 0.449612 -1.611381 -0.054700 0.194427 -1.451166 -0.286128 0.154397 -1.344903 -0.165692 -0.108775 -1.344903 -0.165692 -0.108775 -2.129439 0.499557 -0.081855 -1.529289 -0.236829 0.254522 -1.730080 0.070301 0.216958 -1.730080 0.070301 0.216958 -1.225565 -0.000574 0.054757 -1.449131 -0.320450 0.322926 -1.253265 -0.497667 0.692764 -2.128007 -0.152600 0.535986 -2.114831 0.489589 -0.720077 -2.188781 1.433028 0.421437 -0.605320 -0.243566 0.184162 -0.618429 1.020490 -0.232236 -1.365196 1.145318 0.034412 -0.564110 0.014327 0.065401 -0.522462 -0.615620 0.245492
0.000000 0.000000 0.000000 0.000000 0.000000 0.000000 -1.442246 0.007467 0.427468 -1.646889 -0.061913 0.172957 -1.456713 -0.278167 0.174168 -1.312670 -0.193801 -0.165087 -1.312670 -0.193801 -0.165087 -2.194005 0.423013 -0.095198 -1.561052 -0.157036 0.235273 -1.734966 0.122718 0.207487 -1.734966 0.122718 0.207487 -1.267418 -0.006805 0.040249 -1.467019 -0.309542 0.362821 -1.255372 -0.519548 0.727770 -2.144731 -0.141208 0.516255 -2.132054 0.470451 -0.697783 -2.147459 1.453774 0.469999 -0.600524 -0.211481 0.143713 -0.597809 0.963576 -0.233600 -1.056963 1.402663 0.119179 -0.575525 0.009738 0.054892 -0.536333 -0.626476 0.241116
0.000000 0.000000 0.000000 0.000000 0.000000 0.000000 -1.429708 -0.002527 0.412576 -1.649466 -0.066738 0.159696 -1.483950 -0.269111 0.195029 -1.327834 -0.212174 -0.186411 -1.327834 -0.212174 -0.186411 -2.170566 0.411092 -0.081300 -1.538267 -0.161772 0.228059 -1.706508 0.084133 0.196680 -1.706508 0.084133 0.196680 -1.235309 -0.017382 0.047855 -1.442634 -0.309512 0.373486 -1.253581 -0.533935 0.725318 -2.093621 -0.164037 0.498409 -2.071137 0.485222 -0.705871 -2.058381 1.445985 0.482892 -0.614686 -0.246006 0.184307 -0.627613 0.993270 -0.229843 -1.217623 1.114178 0.100292 -0.573755 0.004688 0.040043 -0.539686 -0.631161 0.226140
0.000000 0.000000 0.000000 0.000000 0.000000 0.000000 -1.432576 -0.025544 0.404258 -1.648665 -0.067465 0.167356 -1.481717 -0.269064 0.177806 -1.320152 -0.224597 -0.202866 -1.320152 -0.224597 -0.202866 -2.163617 0.393328 -0.078934 -1.529954 -0.151942 0.215652 -1.690461 0.093437 0.176887 -1.690461 0.093437 0.176887 -1.237834 -0.011389 0.046116 -1.448681 -0.307307 0.377110 -1.270048 -0.533452 0.734404 -2.105472 -0.182647 0.524961 -2.086037 0.469701 -0.708091 -2.070524 1.461386 0.466123 -0.619844 -0.257716 0.173801 -0.624006 0.988932 -0.244137 -1.221637 1.113062 0.108345 -0.591545 -0.001716 0.038935 -0.557313 -0.637053 0.231159
0.000000 0.000000 0.000000 0.000000 0.000000 0.000000 -1.445400 -0.031780 0.403202 -1.717906 -0.098824 0.157545 -1.628275 -0.248831 0.214174 -1.567088 -0.124917 -0.057502 -1.567088 -0.124917 -0.057502 -2.203033 0.397931 -0.085108 -1.563067 -0.146381 0.233276 -1.727994 0.089889 0.206700 -1.727994 0.089889 0.206700 -1.227118 -0.016862 0.041542 -1.452382 -0.295838 0.384550 -1.279076 -0.523621 0.740478 -2.131438 -0.205191 0.542542 -2.102974 0.450922 -0.738531 -2.091021 1.431359 0.423797 -0.699241 -0.233234 0.185610 -0.701714 0.967068 -0.271345 -1.298066 1.153101 0.199364 -0.582571 0.010372 0.029872 -0.551455 -0.623387 0.218687
0.000000 0.000000 0.000000 0.000000 0.000000 0.000000 -1.422369 -0.009814 0.428868 -1.630073 -0.059067 0.173357 -1.464639 -0.274129 0.173003 -1.357045 -0.169872 -0.093545 -1.357045 -0.169872 -0.093545 -2.192409 0.391820 -0.067932 -1.560852 -0.146290 0.217026 -1.725572 0.107147 0.187016 -1.725572 0.107147 0.187016 -1.240099 -0.014500 0.043349 -1.447845 -0.301452 0.374145 -1.291648 -0.521637 0.735692 -2.143460 -0.190079 0.533677 -2.112778 0.456872 -0.746917 -2.075206 1.454871 0.415284 -0.685604 -0.223874 0.188161 -0.689035 1.022667 -0.278297 -1.306993 1.200793 0.204549 -0.591815 -0.019084 0.034539 -0.559626 -0.653494 0.226956
0.000000 0.000000 0.000000 0.000000 0.000000 0.000000 -1.446380 -0.011431 0.427017 -1.638801 -0.077545 0.164530 -1.453955 -0.261247 0.183739 -1.342711 -0.190851 -0.148297 -1.342711 -0.190851 -0.148297 -2.193604 0.410650 -0.084775 -1.562773 -0.156127 0.225965 -1.720051 0.106909 0.202228 -1.720051 0.106909 0.202228 -1.265086 -0.020332 0.041606 -1.446077 -0.305058 0.373053 -1.284587 -0.522839 0.735914 -2.081980 -0.182893 0.517337 -2.063217 0.480730 -0.701013 -1.975541 1.462339 0.462090 -0.685766 -0.243130 0.152021 -0.666472 0.989014 -0.301815 -0.804467 1.572304 0.208712 -0.587433 0.001752 0.044614 -0.551636 -0.631110 0.234432
0.000000 0.000000 0.000000 0.000000 0.000000 0.000000 -1.462983 -0.016879 0.425082 -1.662153 -0.079841 0.178609 -1.473536 -0.265118 0.166135 -1.360832 -0.195583 -0.148331 -1.360832 -0.195583 -0.148331 -2.190124 0.399834 -0.074394 -1.564341 -0.154447 0.210059 -1.727430 0.150069 0.211842 -1.727430 0.150069 0.211842 -1.267296 -0.019870 0.051751 -1.434742 -0.304079 0.380772 -1.286463 -0.535216 0.731413 -2.132998 -0.211661 0.552140 -2.097361 0.463011 -0.770808 -1.993979 1.445442 0.322889 -0.670455 -0.281783 0.192626 -0.673138 0.990234 -0.271948 -0.995538 1.097330 0.088018 -0.559413 0.034860 0.037050 -0.526055 -0.601077 0.217964
0.000000 0.000000 0.000000 0.000000 0.000000 0.000000 -1.351981 0.144166 0.435721 -1.656206 -0.059580 0.186249 -1.573005 -0.255755 0.196073 -1.561396 -0.100717 -0.026474 -1.561396 -0.100717 -0.026474 -2.046491 0.558194 -0.057890 -1.527696 -0.317861 0.231976 -1.734192 0.017316 0.225415 -1.734192 0.017316 0.225415 -1.301365 -0.000230 0.065142 -1.421203 -0.354617 0.295302 -1.282857 -0.519721 0.682714 -2.155889 -0.182784 0.528412 -2.114228 0.471136 -0.785104 -2.015559 1.402335 0.329243 -0.660583 -0.286385 0.179798 -0.652078 1.037454 -0.294320 -0.992846 1.156618 0.046856 -0.568361 0.045504 0.060632 -0.526910 -0.587215 0.242699
0.000000 0.000000 0.000000 0.000000 0.000000 0.000000 -1.451814 0.031585 0.391470 -1.646705 -0.066594 0.181006 -1.462880 -0.264141 0.179534 -1.373668 -0.139549 -0.049947 -1.373668 -0.139549 -0.049947 -2.192729 0.412338 -0.064664 -1.567431 -0.163005 0.227439 -1.725363 0.151091 0.233712 -1.725363 0.151091 0.233712 -1.308729 -0.049567 0.020604 -1.442622 -0.333619 0.352905 -1.288496 -0.550660 0.722454 -2.108088 -0.203321 0.515312 -2.070440 0.466350 -0.747304 -1.909055 1.446533 0.374290 -0.719601 -0.273767 0.204292 -0.717348 1.031489 -0.311002 -1.186661 0.997428 0.062021 -0.595715 0.052261 0.057782 -0.553603 -0.581788 0.249646
0.000000 0.000000 0.000000 0.000000 0.000000 0.000000 -1.475659 0.003571 0.393687 -1.647916 -0.071840 0.182992 -1.450214 -0.269828 0.169348 -1.360820 -0.135399 -0.050049 -1.360820 -0.135399 -0.050049 -2.201695 0.400869 -0.047230 -1.582829 -0.145472 0.202090 -1.729228 0.142943 0.219574 -1.729228 0.142943 0.219574 -1.290810 -0.045212 0.033778 -1.411263 -0.319571 0.376806 -1.274323 -0.553358 0.735931 -2.122644 -0.181631 0.531557 -2.098910 0.471291 -0.730416 -1.912486 1.492323 0.344740 -0.765763 -0.258933 0.207022 -0.763639 0.978596 -0.314055 -1.257869 1.193127 0.199816 -0.577495 0.023102 0.028684 -0.546309 -0.614217 0.216680
0.000000 0.000000 0.000000 0.000000 0.000000 0.000000 -1.466778 0.023008 0.393342 -1.644366 -0.070422 0.170881 -1.453169 -0.266132 0.187542 -1.363788 -0.131699 -0.062574 -1.363788 -0.131699 -0.062574 -2.197556 0.418375 -0.052446 -1.584354 -0.161677 0.209055 -1.729117 0.137778 0.211305 -1.729117 0.137778 0.211305 -1.291402 -0.043104 0.037472 -1.407619 -0.316028 0.375090 -1.281987 -0.545352 0.733961 -2.125172 -0.185007 0.539928 -2.095796 0.483344 -0.759005 -1.909668 1.469684 0.328375 -0.751821 -0.257738 0.195741 -0.742540 1.008530 -0.325556 -1.249295 1.203412 0.168949 -0.591870 0.012059 0.030981 -0.559866 -0.622582 0.223212
0.000000 0.000000 0.000000 0.000000 0.000000 0.000000 -1.482061 0.018876 0.391941 -1.665552 -0.050483 0.160833 -1.457085 -0.292255 0.189666 -1.371138 -0.155738 -0.080059 -1.371138 -0.155738 -0.080059 -2.195953 0.433334 -0.079846 -1.576923 -0.173756 0.228336 -1.709290 0.096476 0.208588 -1.709290 0.096476 0.208588 -1.307919 -0.046252 0.031956 -1.401039 -0.307544 0.379742 -1.298240 -0.536605 0.741696 -2.174546 -0.184051 0.541137 -2.133177 0.463155 -0.793423 -1.922072 1.506792 0.274037 -0.702648 -0.262393 0.161262 -0.682309 0.991115 -0.313309 -0.720253 1.413440 0.051511 -0.592850 0.019916 0.050018 -0.554250 -0.615593 0.242062
0.000000 0.000000 0.000000 0.000000 0.000000 0.000000 -1.502764 0.006262 0.395080 -1.744483 -0.090010 0.150634 -1.606117 -0.258318 0.224520 -1.575546 -0.100105 -0.020184 -1.575546 -0.100105 -0.020184 -2.217462 0.432052 -0.082967 -1.593659 -0.154447 0.231049 -1.725151 0.107932 0.208156 -1.725151 0.107932 0.208156 -1.317031 -0.049768 0.033618 -1.406839 -0.305457 0.380284 -1.310551 -0.532821 0.737449 -2.165694 -0.193671 0.553972 -2.124951 0.467969 -0.799601 -1.921240 1.492149 0.258621 -0.697010 -0.269015 0.176889 -0.683161 1.024895 -0.312135 -0.736369 1.431638 0.051264 -0.608769 0.014235 0.045668 -0.571400 -0.617701 0.242377
0.000000 0.000000 0.000000 0.000000 0.000000 0.000000 -1.448845 0.045520 0.420514 -1.639836 -0.054727 0.169031 -1.442909 -0.284377 0.181378 -1.373573 -0.145333 -0.061094 -1.373573 -0.145333 -0.061094 -2.166491 0.455489 -0.057337 -1.569251 -0.197921 0.215222 -1.712155 0.089070 0.179759 -1.712155 0.089070 0.179759 -1.318107 -0.042990 0.040347 -1.396867 -0.316011 0.366535 -1.309916 -0.538057 0.725134 -2.140839 -0.176170 0.538011 -2.109785 0.482659 -0.767196 -1.889274 1.516275 0.290962 -0.710243 -0.266545 0.170477 -0.693432 0.991537 -0.312760 -0.784091 1.295511 0.025628 -0.613357 0.018657 0.038855 -0.577942 -0.612483 0.237089
0.000000 0.000000 0.000000 0.000000 0.000000 0.000000 -1.481992 0.019419 0.408689 -1.655462 -0.059575 0.166387 -1.449420 -0.288236 0.193259 -1.371491 -0.146093 -0.080039 -1.371491 -0.146093 -0.080039 -2.214672 0.422770 -0.065972 -1.602203 -0.162813 0.222089 -1.744631 0.138037 0.177172 -1.744631 0.138037 0.177172 -1.322680 -0.043226 0.034534 -1.406342 -0.309602 0.368407 -1.319559 -0.531857 0.726101 -2.139058 -0.178819 0.538218 -2.101828 0.492148 -0.788240 -1.874092 1.503098 0.292973 -0.725661 -0.275507 0.185357 -0.712921 0.997855 -0.317405 -0.844173 1.206782 0.032865 -0.624949 0.027622 0.040081 -0.588299 -0.603831 0.242270
0.000000 0.000000 0.000000 0.000000 0.000000 0.000000 -1.462015 0.036921 0.409706 -1.650718 -0.059554 0.146845 -1.452241 -0.278679 0.207009 -1.362772 -0.157228 -0.088193 -1.362772 -0.157228 -0.088193 -2.191362 0.435477 -0.067456 -1.578375 -0.177016 0.222859 -1.717622 0.104787 0.190591 -1.717622 0.104787 0.190591 -1.322258 -0.049261 0.038895 -1.403632 -0.310669 0.381456 -1.321877 -0.540433 0.739509 -2.135534 -0.184973 0.534700 -2.096319 0.487512 -0.786436 -1.881644 1.457563 0.297200 -0.726939 -0.293339 0.180043 -0.705857 1.009755 -0.333830 -0.847052 1.237709 0.015561 -0.624151 0.029548 0.033906 -0.589433 -0.602535 0.236217
0.000000 0.000000 0.000000 0.000000 0.000000 0.000000 -1.469761 0.020954 0.404554 -1.693619 -0.063583 0.157472 -1.544503 -0.273250 0.224269 -1.511979 -0.114615 -0.032572 -1.511979 -0.114615 -0.032572 -2.196039 0.413717 -0.065043 -1.573775 -0.166312 0.224494 -1.712479 0.112823 0.184354 -1.712479 0.112823 0.184354 -1.320127 -0.047963 0.029340 -1.408581 -0.302886 0.378537 -1.343521 -0.538850 0.736439 -2.122071 -0.174747 0.527911 -2.083421 0.506241 -0.788608 -1.832692 1.491478 0.320710 -0.815625 -0.293860 0.207353 -0.788666 1.038414 -0.391328 -0.954648 1.353711 -0.196987 -0.611372 0.003598 0.025642 -0.580696 -0.629132 0.224352
0.000000 0.000000 0.000000 0.000000 0.000000 0.000000 -1.514217 0.006141 0.426154 -1.682454 -0.056824 0.160616 -1.464541 -0.278344 0.209092 -1.369891 -0.175906 -0.104571 -1.369891 -0.175906 -0.104571 -2.200031 0.436014 -0.057556 -1.590966 -0.157103 0.206328 -1.732008 0.132520 0.191470 -1.732008 0.132520 0.191470 -1.345388 -0.057530 0.050309 -1.362692 -0.319532 0.383125 -1.312328 -0.556190 0.731274 -2.150240 -0.170644 0.527201 -2.103860 0.499498 -0.812723 -1.829580 1.503595 0.264181 -0.819384 -0.295417 0.228601 -0.812029 0.984066 -0.353099 -1.076314 1.243233 -0.011093 -0.603124 0.039151 0.023868 -0.572255 -0.593674 0.219363
0.000000 0.000000 0.000000 0.000000 0.000000 0.000000 -1.484969 0.002391 0.411087 -1.661739 -0.050221 0.172719 -1.456256 -0.285980 0.211272 -1.372635 -0.167041 -0.113828 -1.372635 -0.167041 -0.113828 -2.187286 0.419004 -0.048059 -1.578177 -0.157087 0.209717 -1.722666 0.139869 0.195067 -1.722666 0.139869 0.195067 -1.337131 -0.062897 0.032651 -1.361815 -0.324602 0.367840 -1.321460 -0.550482 0.729233 -2.172699 -0.184164 0.530201 -2.112399 0.487056 -0.846887 -1.832121 1.507275 0.235259 -0.800241 -0.274887 0.219242 -0.788528 1.042572 -0.364528 -1.061310 1.275955 -0.014793 -0.628965 0.037936 0.023352 -0.597483 -0.590904 0.226578
0.000000 0.000000 0.000000 0.000000 0.000000 0.000000 -1.440857 0.016124 0.407028 -1.633031 -0.047406 0.162759 -1.444546 -0.277780 0.208782 -1.360921 -0.173805 -0.127860 -1.360921 -0.173805 -0.127860 -2.170235 0.405622 -0.050219 -1.566187 -0.165131 0.215369 -1.715871 0.139852 0.195270 -1.715871 0.139852 0.195270 -1.337869 -0.047705 0.030670 -1.369279 -0.312649 0.372555 -1.329602 -0.551666 0.731222 -2.182051 -0.190992 0.531523 -2.114153 0.482665 -0.865340 -1.831430 1.488116 0.222983 -0.799984 -0.272386 0.206261 -0.779268 1.050196 -0.376875 -1.052961 1.260210 -0.031327 -0.618793 0.027094 0.021450 -0.588351 -0.606284 0.222798
0.000000 0.000000 0.000000 0.000000 0.000000 0.000000 -1.465022 0.044246 0.405443 -1.649402 -0.048013 0.165296 -1.449381 -0.279155 0.216566 -1.347920 -0.196868 -0.145852 -1.347920 -0.196868 -0.145852 -2.183843 0.432176 -0.041892 -1.570970 -0.173669 0.221738 -1.728798 0.125523 0.206274 -1.728798 0.125523 0.206274 -1.333456 -0.061007 0.037276 -1.359236 -0.325588 0.370401 -1.327553 -0.559693 0.727267 -2.157278 -0.176618 0.543187 -2.107927 0.503640 -0.834523 -1.815965 1.512895 0.229293 -0.794406 -0.290257 0.220481 -0.779389 1.060830 -0.373615 -1.081858 1.250186 -0.044116 -0.610065 0.027171 0.020259 -0.580423 -0.605901 0.218520
0.000000 0.000000 0.000000 0.000000 0.000000 0.000000 -1.441290 0.017214 0.389202 -1.639078 -0.038874 0.154183 -1.460666 -0.287277 0.222496 -1.382568 -0.198274 -0.152782 -1.382568 -0.198274 -0.152782 -2.183941 0.414739 -0.053426 -1.567468 -0.168497 0.215628 -1.720301 0.132604 0.209476 -1.720301 0.132604 0.209476 -1.321733 -0.051832 0.048966 -1.375063 -0.295991 0.397574 -1.339852 -0.553636 0.733528 -2.139335 -0.167098 0.534551 -2.097384 0.512699 -0.811365 -1.750704 1.501998 0.258234 -0.818206 -0.280229 0.222075 -0.800570 1.061866 -0.387283 -1.150781 1.148880 -0.208126 -0.626721 0.014419 0.008087 -0.600905 -0.616515 0.212066
0.000000 0.000000 0.000000 0.000000 0.000000 0.000000 -1.433110 -0.005661 0.383363 -1.616432 -0.030870 0.159749 -1.425763 -0.277209 0.211489 -1.338322 -0.198715 -0.137780 -1.338322 -0.198715 -0.137780 -2.176229 0.394534 -0.024030 -1.563654 -0.145550 0.200182 -1.722996 0.160444 0.205921 -1.722996 0.160444 0.205921 -1.315432 -0.078831 0.022556 -1.381057 -0.319178 0.375557 -1.360458 -0.554364 0.733025 -2.184218 -0.192606 0.527876 -2.113115 0.480759 -0.870025 -1.781706 1.463112 0.195201 -0.850745 -0.284990 0.197499 -0.813951 1.016370 -0.411903 -1.153421 1.122954 -0.259994 -0.643252 0.013828 0.008474 -0.616639 -0.616730 0.218093
0.000000 0.000000 0.000000 0.000000 0.000000 0.000000 -1.448110 0.001860 0.381257 -1.676989 -0.051547 0.151144 -1.545749 -0.271985 0.239371 -1.521066 -0.146266 -0.077517 -1.521066 -0.146266 -0.077517 -2.200212 0.397036 -0.033909 -1.583291 -0.156704 0.203769 -1.746098 0.185498 0.217838 -1.746098 0.185498 0.217838 -1.298609 -0.060495 0.025212 -1.377786 -0.301436 0.383756 -1.358335 -0.550757 0.739279 -2.174061 -0.184611 0.534529 -2.106802 0.499483 -0.873631 -1.763887 1.443551 0.196726 -0.837647 -0.289981 0.218591 -0.814903 1.030192 -0.394183 -1.160576 1.194365 -0.241610 -0.629384 0.012487 0.021424 -0.599099 -0.619247 0.226127
0.000000 0.000000 0.000000 0.000000 0.000000 0.000000 -1.460582 0.023148 0.384086 -1.615206 -0.022775 0.173409 -1.418072 -0.290643 0.220128 -1.349912 -0.175926 -0.136099 -1.349912 -0.175926 -0.136099 -2.187980 0.425282 -0.021304 -1.586011 -0.170913 0.209644 -1.747750 0.154122 0.242792 -1.747750 0.154122 0.242792 -1.328802 -0.075960 0.013703 -1.390132 -0.315186 0.370370 -1.397196 -0.543740 0.737491 -2.168809 -0.166571 0.534716 -2.118275 0.501377 -0.835346 -1.722198 1.444045 0.248741 -0.870617 -0.239158 0.158149 -0.815433 1.012487 -0.436718 -1.163335 1.173897 -0.334433 -0.646868 -0.007244 0.023737 -0.615826 -0.637779 0.234340
0.000000 0.000000 0.000000 0.000000 0.000000 0.000000 -1.460652 0.024366 0.383108 -1.659041 -0.061721 0.159148 -1.520644 -0.265531 0.241304 -1.516024 -0.115169 -0.048163 -1.516024 -0.115169 -0.048163 -2.197077 0.396273 -0.042129 -1.576160 -0.157167 0.213958 -1.719380 0.153484 0.228542 -1.719380 0.153484 0.228542 -1.322708 -0.065658 0.016433 -1.399135 -0.295143 0.380599 -1.390656 -0.534071 0.740944 -2.156976 -0.171466 0.530607 -2.100533 0.511973 -0.848929 -1.703476 1.392001 0.248662 -0.845496 -0.267090 0.163367 -0.789860 1.029030 -0.433179 -1.115735 1.376878 -0.286288 -0.615437 0.010004 0.034960 -0.581421 -0.621744 0.234360
0.000000 0.000000 0.000000 0.000000 0.000000 0.000000 -1.551357 -0.034747 0.390909 -1.668995 -0.039836 0.174491 -1.451454 -0.305465 0.206825 -1.411076 -0.132094 -0.068439 -1.411076 -0.132094 -0.068439 -2.220118 0.404538 -0.027402 -1.608966 -0.118766 0.178532 -1.743921 0.148375 0.220041 -1.743921 0.148375 0.220041 -1.339499 -0.078039 0.037378 -1.400510 -0.315097 0.394554 -1.377067 -0.564392 0.746153 -2.195607 -0.161910 0.521663 -2.119579 0.512393 -0.903489 -1.670639 1.375238 0.213006 -0.809399 -0.298299 0.183139 -0.768739 1.023635 -0.400389 -0.956082 1.336769 -0.224497 -0.607630 0.015113 0.030743 -0.575085 -0.617608 0.227820
0.000000 0.000000 0.000000 0.000000 0.000000 0.000000 -1.518358 -0.029727 0.389910 -1.642276 -0.048183 0.166027 -1.430309 -0.298157 0.217103 -1.383681 -0.142293 -0.064554 -1.383681 -0.142293 -0.064554 -2.214250 0.388831 -0.034836 -1.601053 -0.131954 0.193199 -1.737807 0.148251 0.206779 -1.737807 0.148251 0.206779 -1.336840 -0.057111 0.015860 -1.412110 -0.289860 0.385658 -1.399032 -0.548566 0.743498 -2.170916 -0.152772 0.531721 -2.109566 0.532190 -0.880018 -1.644660 1.366250 0.215000 -0.809325 -0.311695 0.197841 -0.774203 1.032452 -0.398252 -1.010354 1.312652 -0.200275 -0.620281 0.016828 0.032473 -0.586389 -0.617784 0.234459
0.000000 0.000000 0.000000 0.000000 0.000000 0.000000 -1.513100 -0.033261 0.398853 -1.634563 -0.062350 0.159398 -1.421481 -0.284199 0.234657 -1.353482 -0.164723 -0.126257 -1.353482 -0.164723 -0.126257 -2.206570 0.387837 -0.042926 -1.583961 -0.137720 0.200230 -1.718586 0.123462 0.217946 -1.718586 0.123462 0.217946 -1.316844 -0.047118 0.016732 -1.416116 -0.280872 0.383204 -1.425436 -0.535290 0.742489 -2.172585 -0.164749 0.524006 -2.107094 0.515604 -0.874265 -1.567881 1.411181 0.250088 -0.880917 -0.273466 0.123987 -0.791739 1.014011 -0.486745 -1.001950 1.379365 -0.209696 -0.630538 0.001094 0.022777 -0.600263 -0.629128 0.227493
0.000000 0.000000 0.000000 0.000000 0.000000 0.000000 -1.470622 -0.025381 0.393270 -1.602399 -0.041390 0.162884 -1.410946 -0.283746 0.238191 -1.354617 -0.195457 -0.144577 -1.354617 -0.195457 -0.144577 -2.183103 0.388194 -0.037766 -1.557014 -0.149800 0.213961 -1.687249 0.111689 0.211526 -1.687249 0.111689 0.211526 -1.291573 -0.056295 0.015584 -1.381596 -0.277783 0.381339 -1.433857 -0.534500 0.735868 -2.196687 -0.170197 0.553198 -2.137123 0.499722 -0.876750 -1.588853 1.438478 0.219329 -0.878839 -0.269778 0.137039 -0.791990 1.056172 -0.493410 -1.117019 1.278799 -0.216385 -0.615532 -0.026586 0.015028 -0.589246 -0.657744 0.215439
0.000000 0.000000 0.000000 0.000000 0.000000 0.000000 -1.485679 -0.032400 0.396087 -1.640790 -0.059499 0.155726 -1.507058 -0.269798 0.250402 -1.560330 -0.071639 0.027979 -1.560330 -0.071639 0.027979 -2.180350 0.381526 -0.044377 -1.550737 -0.149565 0.212138 -1.667255 0.057246 0.177572 -1.667255 0.057246 0.177572 -1.303158 -0.059903 0.016825 -1.365583 -0.271413 0.386454 -1.429003 -0.525101 0.740723 -2.186422 -0.151913 0.537431 -2.124315 0.524634 -0.886317 -1.552995 1.409503 0.204861 -0.895943 -0.258308 0.110375 -0.799280 1.009921 -0.500764 -1.119908 1.348680 -0.344229 -0.631308 -0.025077 0.023110 -0.601892 -0.653680 0.227898
0.000000 0.000000 0.000000 0.000000 0.000000 0.000000 -1.481138 -0.027802 0.400909 -1.573034 -0.048229 0.154884 -1.377998 -0.287332 0.208471 -1.396487 -0.089993 0.018374 -1.396487 -0.089993 0.018374 -2.201848 0.401492 -0.052239 -1.578479 -0.150361 0.218489 -1.711382 0.054693 0.167836 -1.711382 0.054693 0.167836 -1.295857 -0.057363 0.023681 -1.357550 -0.253665 0.398792 -1.429194 -0.526859 0.739435 -2.200709 -0.170061 0.537982 -2.110819 0.528318 -0.954134 -1.533126 1.356611 0.180401 -0.876140 -0.276625 0.128048 -0.788636 1.020952 -0.484464 -1.133528 1.332361 -0.177198 -0.638255 -0.004223 0.017895 -0.609466 -0.633875 0.225358
0.000000 0.000000 0.000000 0.000000 0.000000 0.000000 -1.482350 -0.010283 0.401609 -1.649978 -0.057803 0.150994 -1.532302 -0.272514 0.258822 -1.615314 -0.040273 0.088760 -1.615314 -0.040273 0.088760 -2.195118 0.391068 -0.031145 -1.577647 -0.149107 0.201161 -1.714319 0.056575 0.163488 -1.714319 0.056575 0.163488 -1.310332 -0.057916 0.023106 -1.352931 -0.274934 0.389997 -1.432450 -0.537716 0.741123 -2.187487 -0.157236 0.501192 -2.095922 0.533099 -0.936017 -1.472057 1.365214 0.199388 -0.874553 -0.271070 0.122470 -0.784424 1.025556 -0.487559 -1.116629 1.324382 -0.104237 -0.628112 -0.011835 0.023494 -0.598088 -0.642584 0.227677
0.000000 0.000000 0.000000 0.000000 0.000000 0.000000 -1.460112 -0.016351 0.396537 -1.552438 -0.005097 0.158640 -1.346723 -0.308314 0.227868 -1.378674 -0.081348 0.036902 -1.378674 -0.081348 0.036902 -2.175926 0.399261 -0.020855 -1.559165 -0.157603 0.211454 -1.698583 0.040895 0.160470 -1.698583 0.040895 0.160470 -1.299521 -0.066228 0.019031 -1.349233 -0.281014 0.380233 -1.440768 -0.529873 0.734918 -2.219242 -0.143460 0.528866 -2.132044 0.534511 -0.956532 -1.483015 1.382271 0.164159 -0.873748 -0.273789 0.100929 -0.770201 1.018213 -0.501671 -1.089174 1.298477 -0.006249 -0.642338 -0.006257 0.025240 -0.611154 -0.634645 0.233481
0.000000 0.000000 0.000000 0.000000 0.000000 0.000000 -1.461787 -0.043187 0.380300 -1.558939 -0.019087 0.150823 -1.363501 -0.296487 0.234901 -1.397952 -0.082919 0.029256 -1.397952 -0.082919 0.029256 -2.171734 0.405743 -0.023697 -1.557421 -0.157620 0.207443 -1.698806 0.039603 0.179770 -1.698806 0.039603 0.179770 -1.305087 -0.065270 0.014686 -1.359679 -0.271091 0.386140 -1.450190 -0.530071 0.738640 -2.234748 -0.140288 0.534222 -2.154752 0.518229 -0.940005 -1.488215 1.406765 0.169812 -0.882404 -0.256737 0.099674 -0.777183 1.036420 -0.510927 -1.092897 1.332063 -0.005800 -0.626485 -0.006755 0.039637 -0.591192 -0.636411 0.242278
0.000000 0.000000 0.000000 0.000000 0.000000 0.000000 -1.481673 -0.036859 0.402099 -1.562267 -0.051262 0.142694 -1.354378 -0.281855 0.240240 -1.364073 -0.122720 -0.002231 -1.364073 -0.122720 -0.002231 -2.206855 0.381204 -0.038284 -1.580903 -0.146314 0.203603 -1.721684 0.072401 0.176368 -1.721684 0.072401 0.176368 -1.298890 -0.046420 0.021717 -1.359897 -0.241527 0.403640 -1.449817 -0.525938 0.748342 -2.181748 -0.151437 0.548229 -2.111747 0.549176 -0.924470 -1.443890 1.377361 0.168601 -0.895931 -0.267714 0.112562 -0.793559 1.032180 -0.513583 -1.153300 1.292376 -0.040790 -0.625847 -0.014952 0.018952 -0.597426 -0.646655 0.222851
0.000000 0.000000 0.000000 0.000000 0.000000 0.000000 -1.482291 -0.033958 0.400382 -1.560372 -0.040269 0.143472 -1.346336 -0.286866 0.249136 -1.349013 -0.132606 -0.030105 -1.349013 -0.132606 -0.030105 -2.205627 0.378888 -0.040930 -1.576968 -0.143918 0.215038 -1.715548 0.065902 0.187401 -1.715548 0.065902 0.187401 -1.294277 -0.046775 0.022669 -1.360295 -0.242979 0.400828 -1.462148 -0.520046 0.746660 -2.215420 -0.153456 0.524825 -2.106818 0.550636 -1.006553 -1.433826 1.330596 0.123440 -0.911616 -0.262944 0.113226 -0.805628 1.039454 -0.526789 -1.158183 1.331793 -0.059657 -0.628926 -0.015162 0.019966 -0.600101 -0.646260 0.224712
0.000000 0.000000 0.000000 0.000000 0.000000 0.000000 -1.616969 -0.100946 0.299336 -1.689276 -0.100379 0.159954 -1.496834 -0.312766 0.276494 -1.558036 -0.048934 -0.009462 -1.558036 -0.048934 -0.009462 -2.223484 0.356369 -0.041322 -1.596032 -0.142356 0.201926 -1.720013 0.101056 0.186663 -1.720013 0.101056 0.186663 -1.303171 0.009301 0.020861 -1.365696 -0.189853 0.401700 -1.477303 -0.498686 0.732702 -2.224238 -0.144978 0.551808 -2.142381 0.536144 -0.961439 -1.422462 1.383721 0.119083 -0.923742 -0.274412 0.119016 -0.814361 1.042403 -0.538077 -1.178242 1.372825 -0.057586 -0.635110 -0.032591 0.017231 -0.607656 -0.661762 0.223826
0.000000 0.000000 0.000000 0.000000 0.000000 0.000000 -1.630802 -0.093106 0.266334 -1.641555 -0.090938 0.155305 -1.382689 -0.365679 0.252922 -1.407936 -0.088681 -0.020283 -1.407936 -0.088681 -0.020283 -2.183707 0.338907 -0.060704 -1.554932 -0.156608 0.188196 -1.649106 0.062106 0.196768 -1.649106 0.062106 0.196768 -1.302312 0.045413 0.035010 -1.367084 -0.163756 0.404667 -1.490879 -0.477380 0.725482 -2.252520 -0.141374 0.535720 -2.144919 0.536022 -1.017977 -1.392859 1.365015 0.088294 -0.902097 -0.284133 0.090877 -0.776123 1.043543 -0.547499 -1.146049 1.391343 -0.052895 -0.651127 -0.020856 0.041270 -0.615121 -0.646163 0.251209
0.000000 0.000000 0.000000 0.000000 0.000000 0.000000 -1.571550 -0.103514 0.217659 -1.609131 -0.035587 0.135972 -1.354839 -0.381049 0.276153 -1.368861 -0.105334 -0.061638 -1.368861 -0.105334 -0.061638 -2.202971 0.346396 -0.066635 -1.594889 -0.127765 0.201864 -1.711237 0.107555 0.200804 -1.711237 0.107555 0.200804 -1.273225 0.029779 0.053488 -1.351924 -0.165677 0.421480 -1.493946 -0.481735 0.738494 -2.235653 -0.121077 0.543482 -2.149735 0.554845 -0.983871 -1.348601 1.409933 0.129857 -0.925494 -0.292412 0.099722 -0.797366 1.039943 -0.560784 -1.190149 1.403304 -0.127291 -0.634995 -0.025559 0.062220 -0.592862 -0.652387 0.266429
0.000000 0.000000 0.000000 0.000000 0.000000 0.000000 -1.530185 -0.063330 0.286875 -1.624358 -0.061690 0.167787 -1.463029 -0.297406 0.278342 -1.602594 0.014907 0.092318 -1.602594 0.014907 0.092318 -2.198629 0.355601 0.003579 -1.587053 -0.159129 0.192637 -1.723539 0.145652 0.209677 -1.723539 0.145652 0.209677 -1.245282 -0.031793 -0.001797 -1.327999 -0.217980 0.371294 -1.491305 -0.489377 0.718439 -2.291491 -0.123008 0.502653 -2.153604 0.537032 -1.080016 -1.281220 1.305380 0.071245 -0.934541 -0.310265 0.112870 -0.809494 1.029517 -0.560161 -1.270243 1.428451 -0.099679 -0.630644 -0.013381 0.053172 -0.591090 -0.641811 0.256502
0.000000 0.000000 0.000000 0.000000 0.000000 0.000000 -1.505610 0.002777 0.323264 -1.606797 -0.016019 0.134599 -1.472568 -0.314487 0.303594 -1.643892 0.030360 0.182183 -1.643892 0.030360 0.182183 -2.188854 0.380784 -0.007914 -1.574278 -0.157281 0.204074 -1.719124 0.148624 0.231714 -1.719124 0.148624 0.231714 -1.286614 -0.054824 0.001273 -1.353792 -0.244851 0.374675 -1.495115 -0.506222 0.725859 -2.269283 -0.085703 0.500791 -2.172580 0.554245 -0.998905 -1.226554 1.376104 0.105361 -0.920379 -0.304572 0.115642 -0.799707 1.044437 -0.551618 -1.305296 1.366549 -0.042309 -0.640296 -0.053304 0.050251 -0.602583 -0.681854 0.257664
0.000000 0.000000 0.000000 0.000000 0.000000 0.000000 -1.508717 -0.008010 0.332982 -1.536202 -0.005021 0.121857 -1.328921 -0.332451 0.286704 -1.428010 -0.039283 0.118789 -1.428010 -0.039283 0.118789 -2.166612 0.369854 -0.005324 -1.559015 -0.172127 0.187858 -1.698454 0.140582 0.225668 -1.698454 0.140582 0.225668 -1.292335 -0.055285 -0.000497 -1.367995 -0.219794 0.390053 -1.504798 -0.492923 0.740921 -2.278982 -0.106797 0.523218 -2.158644 0.560008 -1.066601 -1.199075 1.314491 0.064825 -0.930099 -0.306353 0.103234 -0.795967 1.051124 -0.573002 -1.307248 1.370330 -0.019668 -0.655584 -0.051853 0.036350 -0.621816 -0.679597 0.249270
0.000000 0.000000 0.000000 0.000000 0.000000 0.000000 -1.576694 -0.004810 0.273838 -1.559916 0.047710 0.125589 -1.292197 -0.437356 0.319694 -1.376888 -0.085308 0.068052 -1.376888 -0.085308 0.068052 -2.116694 0.480283 -0.006152 -1.580693 -0.275906 0.200205 -1.725309 0.074089 0.204752 -1.725309 0.074089 0.204752 -1.296271 -0.016871 -0.004198 -1.370982 -0.180706 0.358555 -1.515409 -0.448242 0.692834 -2.260853 -0.084177 0.520393 -2.158567 0.582013 -1.036343 -1.187690 1.343142 0.084279 -0.926551 -0.313418 0.079046 -0.771982 1.060248 -0.595889 -1.279695 1.384573 -0.019062 -0.670737 -0.006492 0.053866 -0.629924 -0.625743 0.267947
0.000000 0.000000 0.000000 0.000000 0.000000 0.000000 -1.633065 -0.060969 0.277249 -1.647552 -0.044340 0.133639 -1.434271 -0.376255 0.326353 -1.560719 -0.010290 0.079473 -1.560719 -0.010290 0.079473 -2.191251 0.396971 -0.031665 -1.596919 -0.210230 0.200080 -1.713530 0.151254 0.218860 -1.713530 0.151254 0.218860 -1.324640 -0.001085 -0.003397 -1.379721 -0.174645 0.375478 -1.514098 -0.456081 0.714025 -2.246817 -0.090004 0.505004 -2.140714 0.583271 -1.029642 -1.173134 1.329267 0.087687 -0.927909 -0.314706 0.094641 -0.784060 1.057761 -0.584421 -1.282399 1.390597 0.019152 -0.672824 -0.011266 0.062290 -0.628963 -0.634161 0.278144
0.000000 0.000000 0.000000 0.000000 0.000000 0.000000 -1.532828 -0.011921 0.346290 -1.521543 -0.007182 0.142683 -1.305652 -0.336640 0.286407 -1.409313 -0.070381 0.081965 -1.409313 -0.070381 0.081965 -2.160827 0.375460 -0.002890 -1.556927 -0.178875 0.189328 -1.676738 0.174497 0.268278 -1.676738 0.174497 0.268278 -1.346727 -0.052976 -0.035850 -1.409265 -0.224902 0.355000 -1.550014 -0.472137 0.722373 -2.245607 -0.101051 0.518468 -2.140806 0.577630 -1.029469 -1.148947 1.329801 0.095456 -0.938048 -0.270904 0.062777 -0.790006 1.033386 -0.587591 -1.300177 1.406414 -0.014899 -0.640057 -0.055769 0.069983 -0.596020 -0.683896 0.276599
0.000000 0.000000 0.000000 0.000000 0.000000 0.000000 -1.734257 -0.179672 0.372180 -1.626423 -0.060349 0.130334 -1.348941 -0.369598 0.309238 -1.396016 -0.102157 -0.000183 -1.396016 -0.102157 -0.000183 -2.249744 0.330404 -0.074110 -1.615039 -0.114910 0.179692 -1.674754 0.151141 0.250268 -1.674754 0.151141 0.250268 -1.419725 0.033705 0.026974 -1.429246 -0.166231 0.398468 -1.527658 -0.461695 0.725724 -2.240951 -0.098972 0.525843 -2.135494 0.589728 -1.040883 -1.137276 1.302650 0.028710 -0.927858 -0.317573 0.095213 -0.785633 1.048712 -0.580708 -1.198952 1.552441 -0.197508 -0.648924 -0.033453 0.056399 -0.608529 -0.658578 0.265202
0.000000 0.000000 0.000000 0.000000 0.000000 0.000000 -1.687937 -0.158383 0.354309 -1.610149 -0.055401 0.129250 -1.365521 -0.371298 0.329679 -1.418616 -0.119955 -0.008223 -1.418616 -0.119955 -0.008223 -2.219307 0.326571 -0.048359 -1.588499 -0.139159 0.188498 -1.658765 0.139660 0.233447 -1.658765 0.139660 0.233447 -1.390648 0.053348 0.002468 -1.414111 -0.154011 0.373706 -1.532343 -0.458119 0.709020 -2.261386 -0.096588 0.509517 -2.140753 0.581286 -1.066274 -1.130108 1.320924 0.020437 -0.893229 -0.332378 0.120782 -0.770677 1.064816 -0.546688 -1.204147 1.477607 -0.182120 -0.649742 -0.056737 0.057866 -0.609431 -0.683605 0.267841
0.000000 0.000000 0.000000 0.000000 0.000000 0.000000 -1.611122 -0.146317 0.335413 -1.530899 -0.011802 0.132803 -1.280108 -0.388353 0.314871 -1.316192 -0.140190 -0.049882 -1.316192 -0.140190 -0.049882 -2.177220 0.318471 -0.048037 -1.558747 -0.149225 0.200102 -1.644109 0.115197 0.233476 -1.644109 0.115197 0.233476 -1.353454 0.038306 -0.016025 -1.411359 -0.158709 0.351495 -1.570183 -0.435731 0.694894 -2.263278 -0.093197 0.517718 -2.141469 0.589477 -1.079477 -1.130902 1.328735 -0.011840 -0.902157 -0.309765 0.032723 -0.725331 1.053169 -0.607139 -1.100992 1.431638 -0.194784 -0.690614 -0.051799 0.079617 -0.642077 -0.671793 0.300812
0.000000 0.000000 0.000000 0.000000 0.000000 0.000000 -1.748017 -0.130386 0.382830 -1.688408 -0.025511 0.124687 -1.478420 -0.369482 0.357795 -1.587206 -0.098415 0.044852 -1.587206 -0.098415 0.044852 -2.247012 0.374722 -0.062110 -1.620686 -0.125941 0.193094 -1.674994 0.102421 0.222342 -1.674994 0.102421 0.222342 -1.451949 -0.016021 -0.000245 -1.452070 -0.213093 0.364250 -1.555376 -0.466685 0.709906 -2.261055 -0.090592 0.494589 -2.130255 0.591537 -1.085214 -1.065226 1.347657 0.003162 -0.908991 -0.333064 0.059220 -0.741182 1.051436 -0.600183 -1.099471 1.446187 -0.166850 -0.685671 -0.067327 0.075377 -0.639001 -0.689606 0.296030
0.000000 0.000000 0.000000 0.000000 0.000000 0.000000 -1.659670 -0.092155 0.340405 -1.558844 0.000135 0.130988 -1.329535 -0.395986 0.338050 -1.393081 -0.162568 -0.011590 -1.393081 -0.162568 -0.011590 -2.188757 0.356543 -0.034390 -1.560064 -0.168247 0.205300 -1.626205 0.055125 0.182378 -1.626205 0.055125 0.182378 -1.402199 -0.001686 -0.038991 -1.445039 -0.180832 0.336377 -1.603320 -0.429287 0.689444 -2.255774 -0.089655 0.513178 -2.129442 0.603186 -1.091461 -1.041434 1.402785 0.011284 -0.959778 -0.292512 0.006730 -0.756210 1.045513 -0.663444 -1.130870 1.523559 -0.268936 -0.679023 -0.058904 0.090424 -0.627567 -0.680102 0.307781
0.000000 0.000000 0.000000 0.000000 0.000000 0.000000 -1.647583 -0.059744 0.296413 -1.602180 0.058004 0.073302 -1.403439 -0.443592 0.441290 -1.529911 -0.141413 0.075541 -1.529911 -0.141413 0.075541 -2.147116 0.444132 -0.041053 -1.547900 -0.239046 0.246313 -1.622473 0.011248 0.172870 -1.622473 0.011248 0.172870 -1.375406 -0.017182 -0.041825 -1.421455 -0.173381 0.324223 -1.586078 -0.415108 0.666099 -2.254740 -0.086040 0.504088 -2.116191 0.616552 -1.118335 -1.018214 1.394195 -0.019852 -0.936297 -0.304678 0.011309 -0.736597 1.051828 -0.648611 -1.132764 1.541618 -0.272739 -0.688803 -0.019337 0.100193 -0.632678 -0.638205 0.319165
0.000000 0.000000 0.000000 0.000000 0.000000 0.000000 -1.576728 -0.028392 0.259026 -1.577915 0.079521 0.003052 -1.421515 -0.463290 0.491028 -1.618582 -0.080950 0.151034 -1.618582 -0.080950 0.151034 -2.027085 0.526808 -0.002031 -1.532418 -0.332880 0.221507 -1.660637 -0.038885 0.170108 -1.660637 -0.038885 0.170108 -1.312381 -0.037837 -0.063246 -1.381264 -0.186384 0.296548 -1.590668 -0.410420 0.637776 -2.299238 -0.116148 0.487442 -2.098595 0.591306 -1.224657 -1.009730 1.312899 -0.088549 -0.940515 -0.330600 0.020403 -0.732049 1.066762 -0.661741 -1.138196 1.606210 -0.302294 -0.707851 0.037640 0.124266 -0.641515 -0.577932 0.346887
0.000000 0.000000 0.000000 0.000000 0.000000 0.000000 -1.753299 -0.139828 0.332552 -1.618681 0.044836 0.089053 -1.400339 -0.431643 0.403125 -1.591808 -0.043099 0.192105 -1.591808 -0.043099 0.192105 -2.266062 0.334674 -0.032215 -1.635129 -0.105341 0.183005 -1.706608 0.170750 0.163783 -1.706608 0.170750 0.163783 -1.452724 -0.040172 -0.020763 -1.437926 -0.215783 0.357015 -1.572820 -0.477190 0.702183 -2.286544 -0.112168 0.552319 -2.154225 0.574374 -1.118396 -1.023856 1.370706 -0.100434 -0.951105 -0.311730 0.071488 -0.779261 1.079800 -0.630733 -1.240344 1.559263 -0.334253 -0.674959 0.011161 0.104993 -0.616299 -0.612117 0.319944
0.000000 0.000000 0.000000 0.000000 0.000000 0.000000 -1.745712 -0.206998 0.350411 -1.589294 0.023212 0.116357 -1.377987 -0.418602 0.359720 -1.590299 -0.002349 0.215346 -1.590299 -0.002349 0.215346 -2.258279 0.332263 -0.059499 -1.620999 -0.101706 0.186671 -1.686997 0.129621 0.215836 -1.686997 0.129621 0.215836 -1.424238 0.011725 0.004111 -1.419899 -0.177226 0.378994 -1.564994 -0.481130 0.707189 -2.296915 -0.098705 0.521715 -2.150734 0.578534 -1.136780 -0.987674 1.362551 -0.110630 -0.971319 -0.322293 0.096773 -0.808309 1.076125 -0.631215 -1.309474 1.550090 -0.384516 -0.677509 -0.024207 0.067811 -0.631674 -0.650797 0.286609
0.000000 0.000000 0.000000 0.000000 0.000000 0.000000 -1.671559 -0.128650 0.275640 -1.564442 0.092785 0.060348 -1.383358 -0.499770 0.464211 -1.626641 -0.022893 0.269390 -1.626641 -0.022893 0.269390 -2.168802 0.462279 -0.053503 -1.569672 -0.245434 0.264527 -1.677132 0.053757 0.215387 -1.677132 0.053757 0.215387 -1.370495 0.008169 -0.046068 -1.398548 -0.172074 0.307839 -1.597067 -0.433090 0.640617 -2.280889 -0.094983 0.538373 -2.133209 0.608109 -1.160231 -0.946018 1.365745 -0.136445 -0.919583 -0.334095 0.048264 -0.731969 1.083358 -0.632317 -1.136213 1.531832 -0.244575 -0.736811 0.004380 0.074717 -0.686445 -0.609927 0.309247
0.000000 0.000000 0.000000 0.000000 0.000000 0.000000 -1.662025 -0.139278 0.325728 -1.465460 0.082865 0.113124 -1.235760 -0.456227 0.369507 -1.349199 -0.144558 0.089127 -1.349199 -0.144558 0.089127 -2.193502 0.329580 -0.025468 -1.555400 -0.134525 0.210411 -1.636526 0.101043 0.190036 -1.636526 0.101043 0.190036 -1.365391 -0.001692 -0.042987 -1.405712 -0.183044 0.331051 -1.584054 -0.458435 0.673956 -2.307815 -0.101747 0.534964 -2.150651 0.581418 -1.171000 -0.933233 1.368621 -0.153224 -0.976933 -0.339077 0.071204 -0.783816 1.088539 -0.668176 -1.248630 1.496837 -0.338986 -0.695237 -0.008546 0.086126 -0.642463 -0.631754 0.309126
0.000000 0.000000 0.000000 0.000000 0.000000 0.000000 -1.647714 -0.134842 0.330958 -1.471407 0.076368 0.099875 -1.282910 -0.441301 0.380527 -1.344924 -0.218666 0.003955 -1.344924 -0.218666 0.003955 -2.203912 0.325396 -0.026093 -1.564099 -0.127269 0.209928 -1.649495 0.076549 0.174652 -1.649495 0.076549 0.174652 -1.355705 0.003688 -0.037289 -1.416658 -0.182307 0.333152 -1.610844 -0.461251 0.673923 -2.286175 -0.096994 0.523413 -2.131041 0.600486 -1.163327 -0.860384 1.360813 -0.188661 -0.987369 -0.336657 0.071064 -0.795452 1.074956 -0.669417 -1.267685 1.462218 -0.326859 -0.701890 -0.030614 0.086563 -0.649557 -0.652949 0.311976
0.000000 0.000000 0.000000 0.000000 0.000000 0.000000 -1.615593 -0.129413 0.325135 -1.430301 0.109333 0.091201 -1.241786 -0.476192 0.378886 -1.269735 -0.293948 -0.025198 -1.269735 -0.293948 -0.025198 -2.167520 0.331801 -0.035045 -1.523177 -0.146102 0.227580 -1.601666 0.044740 0.170608 -1.601666 0.044740 0.170608 -1.327202 0.001713 -0.044009 -1.391828 -0.178023 0.326354 -1.590778 -0.454903 0.667012 -2.273750 -0.083296 0.528014 -2.119160 0.630147 -1.179009 -0.850253 1.335437 -0.216091 -0.951777 -0.334168 0.063601 -0.762016 1.093534 -0.652790 -1.166542 1.494714 -0.331397 -0.705512 -0.040305 0.088157 -0.653022 -0.661193 0.314452
0.000000 0.000000 0.000000 0.000000 0.000000 0.000000 -1.759400 -0.188137 0.350475 -1.502979 0.078621 0.116002 -1.279632 -0.445535 0.357684 -1.285501 -0.227201 -0.107324 -1.285501 -0.227201 -0.107324 -2.218442 0.365236 -0.045985 -1.579847 -0.108291 0.208432 -1.628481 0.006349 0.168610 -1.628481 0.006349 0.168610 -1.447522 -0.020703 -0.022015 -1.430359 -0.206006 0.340525 -1.594529 -0.461263 0.684175 -2.306005 -0.083552 0.544390 -2.153585 0.603847 -1.183001 -0.839254 1.308046 -0.259896 -0.943731 -0.337513 0.069939 -0.758019 1.100864 -0.646069 -1.241723 1.543106 -0.401477 -0.718924 -0.045699 0.065560 -0.673369 -0.666935 0.297517
0.000000 0.000000 0.000000 0.000000 0.000000 0.000000 -1.694673 -0.134246 0.352601 -1.463405 0.074240 0.096944 -1.265500 -0.440739 0.374954 -1.271243 -0.238276 -0.075909 -1.271243 -0.238276 -0.075909 -2.220791 0.340021 -0.042782 -1.589768 -0.115034 0.228273 -1.657015 0.018223 0.149248 -1.657015 0.018223 0.149248 -1.424730 -0.000288 -0.026879 -1.422356 -0.189481 0.340712 -1.605989 -0.460771 0.684687 -2.328499 -0.083455 0.537521 -2.169277 0.584982 -1.190503 -0.856014 1.299796 -0.274901 -0.973736 -0.340787 0.075802 -0.781111 1.100152 -0.668521 -1.282822 1.541949 -0.445357 -0.709997 -0.050063 0.061412 -0.666277 -0.671921 0.290634
0.000000 0.000000 0.000000 0.000000 0.000000 0.000000 -1.677995 -0.119272 0.344647 -1.468981 0.093006 0.080464 -1.286228 -0.465822 0.403366 -1.269765 -0.317011 -0.069677 -1.269765 -0.317011 -0.069677 -2.221894 0.317983 -0.043452 -1.597365 -0.112436 0.230311 -1.670420 0.027230 0.144391 -1.670420 0.027230 0.144391 -1.402110 0.007831 -0.032298 -1.408806 -0.177012 0.338175 -1.604800 -0.456614 0.680682 -2.302024 -0.079401 0.536630 -2.151283 0.607321 -1.176350 -0.827801 1.309700 -0.269134 -0.963981 -0.338813 0.078044 -0.772711 1.115752 -0.665371 -1.302230 1.546399 -0.464086 -0.695068 -0.045373 0.062766 -0.651378 -0.667282 0.286611
0.000000 0.000000 0.000000 0.000000 0.000000 0.000000 -1.676700 -0.159838 0.299197 -1.502992 0.136475 0.029333 -1.329670 -0.500291 0.480968 -1.317756 -0.331118 -0.067314 -1.317756 -0.331118 -0.067314 -2.186966 0.384603 0.005574 -1.574749 -0.173849 0.221018 -1.667788 -0.029199 0.100483 -1.667788 -0.029199 0.100483 -1.370327 -0.000343 -0.059582 -1.400292 -0.165413 0.307822 -1.622525 -0.426934 0.647387 -2.296840 -0.079311 0.516460 -2.116517 0.630253 -1.230694 -0.796312 1.260959 -0.292510 -0.959348 -0.349766 0.066870 -0.757297 1.115272 -0.673522 -1.284204 1.559115 -0.491166 -0.739455 -0.020198 0.073155 -0.690105 -0.636796 0.309972
0.000000 0.000000 0.000000 0.000000 0.000000 0.000000 -1.655253 -0.137698 0.321795 -1.495884 0.133915 0.060422 -1.362218 -0.483673 0.438792 -1.407641 -0.301931 -0.034119 -1.407641 -0.301931 -0.034119 -2.196677 0.357426 -0.022012 -1.558931 -0.153743 0.238430 -1.635215 -0.014962 0.098498 -1.635215 -0.014962 0.098498 -1.364121 -0.013288 -0.048297 -1.404054 -0.188167 0.320150 -1.622322 -0.450228 0.664072 -2.296805 -0.094068 0.505070 -2.110605 0.613721 -1.223139 -0.791698 1.281952 -0.305042 -0.940098 -0.363389 0.071234 -0.738809 1.129714 -0.665624 -1.275737 1.520868 -0.454076 -0.723690 -0.016639 0.075343 -0.674033 -0.634784 0.307031
0.000000 0.000000 0.000000 0.000000 0.000000 0.000000 -1.710101 -0.167366 0.329298 -1.545095 0.134053 0.043697 -1.395410 -0.491916 0.460579 -1.456888 -0.313457 0.036976 -1.456888 -0.313457 0.036976 -2.215028 0.337815 -0.046988 -1.567092 -0.121504 0.228420 -1.614078 -0.022470 0.111365 -1.614078 -0.022470 0.111365 -1.399023 -0.007411 -0.037648 -1.413375 -0.186071 0.334945 -1.613082 -0.454986 0.678981 -2.284381 -0.096573 0.522467 -2.100269 0.629417 -1.231587 -0.782411 1.272462 -0.298937 -0.927122 -0.358094 0.069705 -0.731493 1.129033 -0.653083 -1.275730 1.529640 -0.441868 -0.703315 -0.016196 0.076449 -0.653813 -0.637644 0.302113
0.000000 0.000000 0.000000 0.000000 0.000000 0.000000 -1.773427 -0.187116 0.327367 -1.591346 0.137250 0.039589 -1.424027 -0.508795 0.484949 -1.503064 -0.313059 0.084402 -1.503064 -0.313059 0.084402 -2.244366 0.353937 -0.063080 -1.589857 -0.105838 0.245948 -1.625612 -0.047300 0.135333 -1.625612 -0.047300 0.135333 -1.448516 -0.011564 -0.034050 -1.444202 -0.193288 0.328053 -1.627454 -0.451612 0.667713 -2.299720 -0.088469 0.496702 -2.105637 0.620354 -1.238806 -0.791382 1.298756 -0.312903 -0.954717 -0.351233 0.054086 -0.738788 1.133490 -0.688110 -1.278342 1.526275 -0.457704 -0.711847 -0.014376 0.070139 -0.664250 -0.633262 0.298052
0.000000 0.000000 0.000000 0.000000 0.000000 0.000000 -1.774810 -0.178389 0.360976 -1.538850 0.147233 0.054659 -1.289828 -0.489044 0.441568 -1.298100 -0.302751 -0.003846 -1.298100 -0.302751 -0.003846 -2.209308 0.370282 -0.065197 -1.559713 -0.101434 0.228498 -1.583811 -0.115044 0.076420 -1.583811 -0.115044 0.076420 -1.469846 -0.027274 -0.018734 -1.455193 -0.205350 0.345379 -1.609450 -0.474002 0.678424 -2.270970 -0.067579 0.464924 -2.077160 0.656650 -1.232849 -0.769203 1.381463 -0.300256 -0.988529 -0.359755 0.089986 -0.775284 1.162187 -0.710366 -1.294204 1.398886 -0.221591 -0.697542 -0.012606 0.065507 -0.651760 -0.633849 0.289359
0.000000 0.000000 0.000000 0.000000 0.000000 0.000000 -1.752491 -0.188514 0.354945 -1.525247 0.174847 0.017429 -1.278629 -0.503755 0.459327 -1.238999 -0.349530 -0.042390 -1.238999 -0.349530 -0.042390 -2.201800 0.385460 -0.074820 -1.551303 -0.107591 0.249033 -1.588445 -0.143077 0.081205 -1.588445 -0.143077 0.081205 -1.445021 -0.012895 -0.008995 -1.434704 -0.218964 0.339139 -1.605835 -0.470350 0.679957 -2.278082 -0.066216 0.467729 -2.082606 0.654187 -1.239326 -0.790131 1.404291 -0.288704 -0.988225 -0.363571 0.094441 -0.780711 1.149916 -0.702230 -1.298097 1.386800 -0.206173 -0.705857 0.005818 0.062995 -0.659933 -0.614720 0.289296
0.000000 0.000000 0.000000 0.000000 0.000000 0.000000 -1.785006 -0.222444 0.335037 -1.569365 0.158714 0.008481 -1.335891 -0.527514 0.488711 -1.275050 -0.401468 -0.044978 -1.275050 -0.401468 -0.044978 -2.215805 0.353006 -0.077707 -1.557246 -0.093966 0.241277 -1.595095 -0.142585 0.038716 -1.595095 -0.142585 0.038716 -1.459489 0.017646 -0.005810 -1.450287 -0.182814 0.349140 -1.619827 -0.469010 0.676959 -2.275715 -0.080433 0.487956 -2.084010 0.646791 -1.235385 -0.800672 1.432178 -0.285848 -1.011550 -0.359876 0.093847 -0.795042 1.153042 -0.724184 -1.308838 1.386050 -0.214125 -0.705727 -0.003754 0.057583 -0.661879 -0.624585 0.284283
0.000000 0.000000 0.000000 0.000000 0.000000 0.000000 -1.784385 -0.209201 0.322618 -1.556097 0.164050 0.012946 -1.306051 -0.531466 0.491722 -1.219046 -0.413305 -0.077803 -1.219046 -0.413305 -0.077803 -2.205411 0.342104 -0.060914 -1.550229 -0.105801 0.236432 -1.590749 -0.169784 0.018303 -1.590749 -0.169784 0.018303 -1.458789 0.012959 -0.026759 -1.455923 -0.182292 0.332789 -1.628062 -0.464395 0.663264 -2.297032 -0.074484 0.470752 -2.092034 0.636391 -1.254998 -0.803335 1.431918 -0.321318 -0.982074 -0.371090 0.084154 -0.763149 1.159049 -0.711375 -1.278776 1.370024 -0.194143 -0.708700 -0.007086 0.049848 -0.667346 -0.627966 0.277926
0.000000 0.000000 0.000000 0.000000 0.000000 0.000000 -1.768534 -0.196462 0.323091 -1.587097 0.197232 0.015959 -1.395516 -0.535956 0.500416 -1.393367 -0.422108 0.025925 -1.393367 -0.422108 0.025925 -2.204239 0.345144 -0.040787 -1.554395 -0.091146 0.252297 -1.626885 -0.158260 0.018949 -1.626885 -0.158260 0.018949 -1.449742 -0.010401 -0.037519 -1.458026 -0.194929 0.328140 -1.636469 -0.467697 0.666138 -2.304591 -0.071035 0.477825 -2.103943 0.632281 -1.252681 -0.815679 1.469972 -0.330891 -1.039340 -0.355053 0.099251 -0.810911 1.174629 -0.755910 -1.312928 1.476901 -0.376930 -0.711513 -0.025949 0.059180 -0.667621 -0.647395 0.288457
0.000000 0.000000 0.000000 0.000000 0.000000 0.000000 -1.797308 -0.202008 0.315645 -1.573643 0.187755 0.029593 -1.337812 -0.550217 0.492612 -1.283043 -0.433398 0.006272 -1.283043 -0.433398 0.006272 -2.219455 0.331498 -0.045292 -1.571204 -0.068343 0.238570 -1.651486 -0.134811 0.036508 -1.651486 -0.134811 0.036508 -1.469720 0.004637 -0.037527 -1.464855 -0.175880 0.329815 -1.635390 -0.466658 0.655951 -2.281459 -0.058487 0.470263 -2.082811 0.663678 -1.254317 -0.790862 1.489216 -0.323825 -1.059321 -0.376241 0.111195 -0.825378 1.165702 -0.770824 -1.324342 1.465721 -0.382673 -0.741590 -0.032255 0.038741 -0.703613 -0.650363 0.278205
0.000000 0.000000 0.000000 0.000000 0.000000 0.000000 -1.804275 -0.219098 0.295699 -1.577059 0.201964 -0.007861 -1.331371 -0.547929 0.500290 -1.249117 -0.437707 0.006744 -1.249117 -0.437707 0.006744 -2.192597 0.309335 -0.068406 -1.526431 -0.062246 0.234648 -1.586907 -0.152467 0.045119 -1.586907 -0.152467 0.045119 -1.470694 0.010143 -0.033583 -1.461013 -0.170975 0.341781 -1.630480 -0.472028 0.667338 -2.289693 -0.061128 0.484373 -2.091971 0.658406 -1.260361 -0.796310 1.507133 -0.344696 -1.033449 -0.381736 0.105679 -0.799970 1.177180 -0.758278 -1.281915 1.482652 -0.386931 -0.740159 -0.020073 0.057890 -0.695444 -0.639124 0.296380
0.000000 0.000000 0.000000 0.000000 0.000000 0.000000 -1.771172 -0.223287 0.300833 -1.638376 0.224692 -0.026953 -1.482102 -0.568320 0.549311 -1.536109 -0.425145 0.168174 -1.536109 -0.425145 0.168174 -2.177053 0.315882 -0.043284 -1.538129 -0.065998 0.233188 -1.651238 -0.090540 -0.004246 -1.651238 -0.090540 -0.004246 -1.444995 -0.016610 -0.048490 -1.469644 -0.185409 0.318724 -1.651362 -0.459473 0.655016 -2.289075 -0.067123 0.488861 -2.077236 0.666603 -1.290242 -0.781079 1.517172 -0.373604 -1.017789 -0.389679 0.081530 -0.770836 1.169802 -0.759093 -1.273378 1.480227 -0.423585 -0.775051 -0.016750 0.054823 -0.729930 -0.632876 0.304687
0.000000 0.000000 0.000000 0.000000 0.000000 0.000000 -1.633415 -0.179710 0.273212 -1.536819 0.225988 -0.031853 -1.398625 -0.548314 0.531349 -1.480800 -0.356979 0.231337 -1.480800 -0.356979 0.231337 -2.089475 0.268384 -0.005386 -1.478895 -0.070055 0.244868 -1.640020 -0.048782 -0.004144 -1.640020 -0.048782 -0.004144 -1.370449 0.001965 -0.071787 -1.437136 -0.159789 0.308595 -1.653823 -0.453012 0.640210 -2.297979 -0.065468 0.477796 -2.079134 0.660531 -1.297646 -0.757669 1.470473 -0.406974 -1.038562 -0.396892 0.099024 -0.789236 1.181747 -0.776219 -1.367070 1.463887 -0.428532 -0.734419 -0.018847 0.067637 -0.686801 -0.637448 0.303580
0.000000 0.000000 0.000000 0.000000 0.000000 0.000000 -1.725558 -0.208810 0.296044 -1.608044 0.240273 -0.040016 -1.460731 -0.570654 0.538892 -1.572036 -0.373010 0.279580 -1.572036 -0.373010 0.279580 -2.089277 0.311217 -0.053907 -1.391082 -0.094726 0.235199 -1.499778 -0.119480 0.017089 -1.499778 -0.119480 0.017089 -1.363706 -0.002593 -0.052338 -1.436621 -0.169986 0.324069 -1.651138 -0.460305 0.656226 -2.284629 -0.060049 0.470258 -2.070073 0.672782 -1.288018 -0.742795 1.489176 -0.404199 -1.049026 -0.420686 0.110711 -0.797120 1.171340 -0.782613 -1.351828 1.482667 -0.452571 -0.725909 -0.023867 0.084673 -0.673268 -0.642897 0.317309
0.000000 0.000000 0.000000 0.000000 0.000000 0.000000 -1.727288 -0.206722 0.323038 -1.598625 0.248229 -0.035550 -1.432136 -0.558132 0.512192 -1.532534 -0.335997 0.307573 -1.532534 -0.335997 0.307573 -2.059632 0.320316 -0.056170 -1.392955 -0.094473 0.234799 -1.514845 -0.171724 -0.003383 -1.514845 -0.171724 -0.003383 -1.409223 -0.008747 -0.033865 -1.480164 -0.193766 0.327127 -1.643401 -0.468965 0.662275 -2.311563 -0.052091 0.489746 -2.101845 0.659294 -1.296364 -0.792671 1.511551 -0.397748 -1.030972 -0.432950 0.115551 -0.781124 1.184584 -0.773752 -1.234053 1.477856 -0.345300 -0.721575 -0.016350 0.074973 -0.671926 -0.636112 0.306519
0.000000 0.000000 0.000000 0.000000 0.000000 0.000000 -1.735135 -0.230034 0.295831 -1.564535 0.264528 -0.036797 -1.325802 -0.567007 0.509331 -1.316985 -0.386622 0.176812 -1.316985 -0.386622 0.176812 -2.075691 0.287568 -0.050341 -1.403578 -0.055432 0.241210 -1.539144 -0.193828 -0.044883 -1.539144 -0.193828 -0.044883 -1.406871 -0.018561 -0.049382 -1.488917 -0.172586 0.325479 -1.673948 -0.466110 0.648088 -2.277272 -0.058228 0.478600 -2.065343 0.683708 -1.290639 -0.750830 1.538179 -0.395759 -1.008104 -0.393784 0.052316 -0.742110 1.164492 -0.768878 -1.186080 1.439234 -0.315190 -0.758142 -0.005773 0.065080 -0.710071 -0.621734 0.308297
0.000000 0.000000 0.000000 0.000000 0.000000 0.000000 -1.754209 -0.219175 0.300962 -1.637082 0.273913 -0.044864 -1.464480 -0.593066 0.531739 -1.536331 -0.411710 0.300142 -1.536331 -0.411710 0.300142 -2.071906 0.287814 -0.047868 -1.399610 -0.047589 0.240239 -1.568980 -0.177030 -0.057172 -1.568980 -0.177030 -0.057172 -1.426846 -0.017446 -0.048777 -1.482124 -0.193343 0.318965 -1.669464 -0.473512 0.653705 -2.294497 -0.073741 0.493947 -2.066224 0.669765 -1.323450 -0.762881 1.486189 -0.403709 -1.085894 -0.431332 0.082466 -0.820180 1.086915 -0.795503 -1.203707 1.448811 -0.239569 -0.777843 -0.008926 0.044185 -0.735752 -0.624942 0.295226
0.000000 0.000000 0.000000 0.000000 0.000000 0.000000 -1.728125 -0.212330 0.301911 -1.626112 0.276704 -0.045170 -1.474409 -0.585552 0.532918 -1.570382 -0.386678 0.318264 -1.570382 -0.386678 0.318264 -2.011035 0.303924 -0.041205 -1.338914 -0.077160 0.240203 -1.488536 -0.227374 -0.056546 -1.488536 -0.227374 -0.056546 -1.403682 -0.014639 -0.052916 -1.464982 -0.197912 0.313435 -1.654933 -0.475851 0.652137 -2.272660 -0.066740 0.486236 -2.042465 0.697951 -1.328989 -0.741610 1.465634 -0.382526 -1.006804 -0.421496 0.096103 -0.763677 1.165469 -0.748942 -1.147243 1.479103 -0.170133 -0.750899 -0.012345 0.042901 -0.710419 -0.630097 0.285083
0.000000 0.000000 0.000000 0.000000 0.000000 0.000000 -1.825025 -0.226568 0.294248 -1.677876 0.261922 -0.060886 -1.487227 -0.624527 0.556707 -1.594039 -0.365275 0.371868 -1.594039 -0.365275 0.371868 -2.070346 0.288925 -0.063658 -1.401034 -0.060468 0.228956 -1.543749 -0.232602 -0.087174 -1.543749 -0.232602 -0.087174 -1.486748 0.013179 -0.041479 -1.523387 -0.166030 0.323261 -1.682851 -0.455872 0.644845 -2.298203 -0.072117 0.492763 -2.058148 0.676726 -1.348018 -0.752453 1.462587 -0.418842 -1.089594 -0.426126 0.066008 -0.804006 1.108274 -0.819744 -1.151629 1.490701 -0.193322 -0.753216 -0.013608 0.044204 -0.712303 -0.630933 0.287023
0.000000 0.000000 0.000000 0.000000 0.000000 0.000000 -1.779889 -0.237640 0.280542 -1.641011 0.278913 -0.072536 -1.467479 -0.618129 0.545722 -1.580003 -0.374563 0.411986 -1.580003 -0.374563 0.411986 -2.055502 0.274194 -0.055596 -1.392946 -0.039504 0.228824 -1.561586 -0.228218 -0.060535 -1.561586 -0.228218 -0.060535 -1.461770 0.012749 -0.043285 -1.517814 -0.167103 0.324469 -1.684855 -0.458965 0.651260 -2.285801 -0.059239 0.487625 -2.065795 0.684939 -1.313443 -0.738053 1.480528 -0.417411 -1.115780 -0.428865 0.068145 -0.818790 1.107624 -0.844218 -1.145140 1.529554 -0.186932 -0.738694 -0.006368 0.073304 -0.688671 -0.624103 0.310032
0.000000 0.000000 0.000000 0.000000 0.000000 0.000000 -1.734038 -0.240385 0.287359 -1.614406 0.291662 -0.082756 -1.463213 -0.613948 0.537883 -1.584517 -0.377544 0.454000 -1.584517 -0.377544 0.454000 -1.984156 0.279409 -0.056815 -1.314067 -0.059187 0.223620 -1.465988 -0.272439 -0.085595 -1.465988 -0.272439 -0.085595 -1.415893 -0.013393 -0.053287 -1.505904 -0.175477 0.322850 -1.699402 -0.460841 0.659157 -2.276415 -0.081340 0.481296 -2.030418 0.688966 -1.346202 -0.703886 1.449423 -0.439279 -1.040016 -0.431326 0.084499 -0.768444 1.165116 -0.792046 -1.097083 1.527553 -0.093702 -0.725827 -0.009895 0.073268 -0.676284 -0.629771 0.306303
0.000000 0.000000 0.000000 0.000000 0.000000 0.000000 -1.733570 -0.255033 0.285251 -1.608202 0.327722 -0.077108 -1.485314 -0.618482 0.539368 -1.645824 -0.322769 0.485172 -1.645824 -0.322769 0.485172 -1.990997 0.282063 -0.052667 -1.322698 -0.035371 0.239791 -1.485970 -0.280027 -0.083790 -1.485970 -0.280027 -0.083790 -1.404441 -0.057800 -0.059953 -1.501012 -0.194162 0.325133 -1.693226 -0.466253 0.667190 -2.291705 -0.066215 0.496260 -2.060334 0.684335 -1.337863 -0.700149 1.489352 -0.487833 -1.151561 -0.419082 0.093845 -0.860846 1.112920 -0.860833 -1.130563 1.659026 -0.195009 -0.716615 -0.014113 0.049296 -0.675208 -0.636216 0.280753
0.000000 0.000000 0.000000 0.000000 0.000000 0.000000 -1.786636 -0.266834 0.271049 -1.629116 0.324905 -0.091405 -1.483959 -0.663169 0.556534 -1.698784 -0.269362 0.631691 -1.698784 -0.269362 0.631691 -2.015960 0.274450 -0.071144 -1.344349 -0.023805 0.227739 -1.521663 -0.286329 -0.115719 -1.521663 -0.286329 -0.115719 -1.450059 -0.066124 -0.075222 -1.571727 -0.162424 0.315043 -1.735196 -0.430302 0.655155 -2.264820 -0.078934 0.466282 -2.020055 0.695715 -1.335401 -0.648887 1.457831 -0.488850 -1.185815 -0.410288 0.064639 -0.859509 1.113820 -0.911109 -1.093423 1.739833 -0.251290 -0.768838 0.002299 0.059710 -0.721828 -0.612495 0.306318
0.000000 0.000000 0.000000 0.000000 0.000000 0.000000 -1.797329 -0.269415 0.260047 -1.644702 0.332283 -0.098158 -1.518326 -0.654441 0.557656 -1.736037 -0.277684 0.638175 -1.736037 -0.277684 0.638175 -2.046093 0.256826 -0.056618 -1.376162 -0.001780 0.232025 -1.574359 -0.257079 -0.089922 -1.574359 -0.257079 -0.089922 -1.455176 -0.056388 -0.076983 -1.570731 -0.159728 0.316561 -1.725803 -0.436782 0.655626 -2.292162 -0.073946 0.458513 -2.034947 0.680103 -1.357437 -0.666446 1.448903 -0.511871 -1.130401 -0.397226 0.085086 -0.830678 1.171645 -0.870374 -1.070885 1.777653 -0.192206 -0.758391 -0.010153 0.061672 -0.711641 -0.625645 0.304984
0.000000 0.000000 0.000000 0.000000 0.000000 0.000000 -1.783810 -0.248648 0.269563 -1.633825 0.314500 -0.122722 -1.520188 -0.662518 0.567695 -1.718472 -0.332880 0.658945 -1.718472 -0.332880 0.658945 -2.040717 0.239248 -0.059091 -1.370095 -0.000155 0.232145 -1.572675 -0.248546 -0.101233 -1.572675 -0.248546 -0.101233 -1.449273 -0.044801 -0.075703 -1.572203 -0.146615 0.318532 -1.727989 -0.429689 0.653089 -2.282555 -0.069879 0.477821 -2.036270 0.693878 -1.352769 -0.657102 1.496509 -0.522657 -1.168279 -0.382747 0.043019 -0.840011 1.133021 -0.907619 -1.053470 1.789483 -0.264102 -0.737139 -0.009933 0.070415 -0.688209 -0.628095 0.306911
0.000000 0.000000 0.000000 0.000000 0.000000 0.000000 -1.732640 -0.225135 0.294758 -1.607470 0.320019 -0.145573 -1.522919 -0.643415 0.553129 -1.712763 -0.338039 0.671009 -1.712763 -0.338039 0.671009 -2.034581 0.237244 -0.069450 -1.371844 0.003960 0.236181 -1.622157 -0.150295 -0.075168 -1.622157 -0.150295 -0.075168 -1.419473 -0.054573 -0.065021 -1.540952 -0.166388 0.326890 -1.726312 -0.438202 0.672743 -2.276191 -0.072156 0.484093 -2.029740 0.700801 -1.356337 -0.643471 1.465960 -0.526956 -1.178812 -0.379792 0.053193 -0.851533 1.141380 -0.914864 -1.063346 1.820788 -0.289354 -0.741958 -0.007193 0.074381 -0.691455 -0.624984 0.312269
0.000000 0.000000 0.000000 0.000000 0.000000 0.000000 -1.743022 -0.218611 0.285492 -1.588403 0.319959 -0.144953 -1.477920 -0.633965 0.564934 -1.620247 -0.386629 0.689951 -1.620247 -0.386629 0.689951 -2.044270 0.236436 -0.057126 -1.372445 -0.006510 0.229974 -1.644303 -0.085307 -0.007322 -1.644303 -0.085307 -0.007322 -1.421367 -0.031790 -0.069072 -1.553534 -0.154383 0.322042 -1.733090 -0.433671 0.667609 -2.291778 -0.066483 0.485220 -2.039708 0.695777 -1.371846 -0.642794 1.492675 -0.559636 -1.186201 -0.393399 0.045926 -0.852309 1.117809 -0.919058 -1.048980 1.811908 -0.310139 -0.750136 -0.035740 0.057958 -0.705646 -0.653918 0.299938
0.000000 0.000000 0.000000 0.000000 0.000000 0.000000 -1.751308 -0.253866 0.258123 -1.605061 0.324022 -0.156619 -1.581737 -0.677327 0.567276 -1.774203 -0.349587 0.684790 -1.774203 -0.349587 0.684790 -2.043553 0.229968 -0.061751 -1.375957 0.005039 0.218574 -1.638084 -0.122184 0.003946 -1.638084 -0.122184 0.003946 -1.410770 -0.017201 -0.069527 -1.546445 -0.141030 0.323626 -1.737450 -0.415333 0.676070 -2.246238 -0.068597 0.484774 -1.992889 0.741801 -1.375466 -0.617424 1.474766 -0.509517 -1.178938 -0.384591 0.051850 -0.842704 1.153340 -0.925151 -1.014884 1.848372 -0.314768 -0.755471 -0.044327 0.059653 -0.710554 -0.662209 0.303523
0.000000 0.000000 0.000000 0.000000 0.000000 0.000000 -1.727163 -0.238398 0.276552 -1.578769 0.339730 -0.164257 -1.545543 -0.639465 0.558450 -1.710946 -0.320856 0.697668 -1.710946 -0.320856 0.697668 -2.048124 0.233974 -0.044639 -1.386159 0.010590 0.218197 -1.671654 -0.066073 0.008106 -1.671654 -0.066073 0.008106 -1.399026 -0.041420 -0.060509 -1.537797 -0.169084 0.330227 -1.744588 -0.429660 0.685128 -2.262996 -0.083529 0.478608 -1.995859 0.716418 -1.385567 -0.628145 1.474675 -0.519609 -1.191944 -0.394058 0.055040 -0.855255 1.133436 -0.928344 -1.027198 1.841051 -0.329479 -0.752952 -0.054367 0.048474 -0.712194 -0.672172 0.291933
0.000000 0.000000 0.000000 0.000000 0.000000 0.000000 -1.737114 -0.266010 0.256922 -1.556952 0.347251 -0.181927 -1.486686 -0.646151 0.575457 -1.609247 -0.373336 0.729010 -1.609247 -0.373336 0.729010 -1.993944 0.246991 -0.065097 -1.323704 -0.024108 0.225941 -1.574653 -0.128077 0.033889 -1.574653 -0.128077 0.033889 -1.397859 -0.028688 -0.057680 -1.546145 -0.150627 0.332761 -1.750799 -0.419554 0.685774 -2.293876 -0.076421 0.482391 -2.009440 0.706415 -1.425192 -0.625668 1.428450 -0.574273 -1.213839 -0.371859 0.055037 -0.868826 1.154867 -0.953849 -1.009771 1.870193 -0.357320 -0.757102 -0.044795 0.043536 -0.717582 -0.660911 0.287809
0.000000 0.000000 0.000000 0.000000 0.000000 0.000000 -1.762537 -0.262645 0.264618 -1.567936 0.338600 -0.194896 -1.514534 -0.671808 0.602037 -1.610408 -0.401690 0.711257 -1.610408 -0.401690 0.711257 -2.002066 0.235244 -0.073256 -1.329908 -0.012062 0.221246 -1.590488 -0.129809 0.000840 -1.590488 -0.129809 0.000840 -1.424503 -0.013680 -0.054294 -1.542392 -0.120086 0.334942 -1.739660 -0.403664 0.675660 -2.285946 -0.067920 0.500291 -2.018578 0.718183 -1.412232 -0.632279 1.474983 -0.566399 -1.218473 -0.368390 0.056945 -0.873984 1.156179 -0.956582 -1.024398 1.863406 -0.388678 -0.761253 -0.059185 0.046450 -0.721301 -0.674098 0.291881
0.000000 0.000000 0.000000 0.000000 0.000000 0.000000 -1.759915 -0.279813 0.254580 -1.565747 0.355371 -0.203599 -1.546284 -0.662421 0.592835 -1.653355 -0.390072 0.698159 -1.653355 -0.390072 0.698159 -1.991120 0.226912 -0.064614 -1.325251 0.000220 0.208641 -1.579379 -0.131312 0.001055 -1.579379 -0.131312 0.001055 -1.420743 -0.026748 -0.054224 -1.550659 -0.131377 0.338848 -1.747922 -0.410806 0.681268 -2.279296 -0.081450 0.456826 -1.989190 0.710245 -1.415385 -0.607246 1.476494 -0.566497 -1.233808 -0.380862 0.059390 -0.878988 1.149815 -0.972535 -1.019183 1.852481 -0.409019 -0.751727 -0.051818 0.052236 -0.709933 -0.667525 0.294275
0.000000 0.000000 0.000000 0.000000 0.000000 0.000000 -1.764456 -0.261867 0.242730 -1.572781 0.335979 -0.223161 -1.579292 -0.684090 0.596296 -1.660811 -0.450104 0.725383 -1.660811 -0.450104 0.725383 -2.043541 0.211496 -0.066839 -1.383504 0.005963 0.227525 -1.683776 -0.069639 0.028167 -1.683776 -0.069639 0.028167 -1.432266 -0.006181 -0.061074 -1.572362 -0.110637 0.339593 -1.754247 -0.398620 0.684985 -2.308331 -0.082807 0.480447 -2.008293 0.694967 -1.447414 -0.599251 1.440228 -0.629632 -1.229445 -0.385252 0.054210 -0.870397 1.149372 -0.973154 -1.182751 1.678433 -0.273606 -0.767462 -0.054010 0.038431 -0.729584 -0.669459 0.286464
0.000000 0.000000 0.000000 0.000000 0.000000 0.000000 -1.759719 -0.257502 0.250343 -1.551152 0.352509 -0.227208 -1.558212 -0.685296 0.596174 -1.623137 -0.370197 0.684334 -1.623137 -0.370197 0.684334 -1.969750 0.223677 -0.074571 -1.301762 -0.007052 0.230355 -1.572852 -0.139759 -0.007128 -1.572852 -0.139759 -0.007128 -1.425375 -0.006744 -0.065629 -1.566833 -0.116323 0.329330 -1.756774 -0.397239 0.679231 -2.290631 -0.059424 0.494515 -2.006086 0.732596 -1.447279 -0.596062 1.433019 -0.615030 -1.257183 -0.384255 0.080862 -0.906562 1.146849 -0.982617 -1.254833 1.748354 -0.380581 -0.773369 -0.056566 0.052167 -0.731086 -0.670057 0.301148
0.000000 0.000000 0.000000 0.000000 0.000000 0.000000 -1.776859 -0.270845 0.259641 -1.555832 0.370556 -0.236875 -1.536522 -0.674216 0.606570 -1.563694 -0.378504 0.688945 -1.563694 -0.378504 0.688945 -1.976091 0.236152 -0.082097 -1.308508 0.004364 0.223379 -1.580934 -0.163373 -0.014412 -1.580934 -0.163373 -0.014412 -1.438262 -0.035606 -0.060907 -1.578970 -0.124393 0.327587 -1.756564 -0.396898 0.667154 -2.285556 -0.083524 0.479786 -1.981501 0.721125 -1.455070 -0.570608 1.467497 -0.628256 -1.232116 -0.397153 0.052688 -0.865362 1.145284 -0.979739 -1.178102 1.753587 -0.377627 -0.770916 -0.043423 0.050879 -0.728647 -0.656829 0.298759
0.000000 0.000000 0.000000 0.000000 0.000000 0.000000 -1.802356 -0.273442 0.238222 -1.577793 0.380244 -0.244770 -1.571052 -0.697809 0.608035 -1.594993 -0.390453 0.711279 -1.594993 -0.390453 0.711279 -1.983909 0.233992 -0.075461 -1.314919 -0.006040 0.229670 -1.569778 -0.201838 -0.039549 -1.569778 -0.201838 -0.039549 -1.458276 -0.028259 -0.079317 -1.587018 -0.105929 0.320731 -1.753127 -0.385069 0.668335 -2.304831 -0.060181 0.440160 -1.984005 0.721805 -1.476462 -0.539577 1.475796 -0.684762 -1.245453 -0.411533 0.051520 -0.854743 1.159736 -1.009957 -1.168679 1.791332 -0.461546 -0.780655 -0.040465 0.041606 -0.740938 -0.653004 0.292865
0.000000 0.000000 0.000000 0.000000 0.000000 0.000000 -1.774909 -0.260790 0.248766 -1.566477 0.387681 -0.233412 -1.590144 -0.672760 0.587238 -1.607154 -0.403357 0.719538 -1.607154 -0.403357 0.719538 -1.963452 0.225597 -0.059781 -1.293809 -0.006169 0.235105 -1.562819 -0.155814 -0.061511 -1.562819 -0.155814 -0.061511 -1.441093 -0.033103 -0.077282 -1.574520 -0.129453 0.310844 -1.757674 -0.384763 0.662387 -2.324713 -0.060753 0.478666 -2.004084 0.713907 -1.499858 -0.556831 1.461418 -0.711036 -1.230481 -0.399672 0.049400 -0.848129 1.170969 -0.997282 -1.157961 1.798701 -0.446659 -0.797952 -0.055334 0.024866 -0.763722 -0.665874 0.282297
0.000000 0.000000 0.000000 0.000000 0.000000 0.000000 -1.779871 -0.267752 0.228642 -1.569391 0.389208 -0.267289 -1.586798 -0.681881 0.608658 -1.598842 -0.339721 0.726331 -1.598842 -0.339721 0.726331 -1.996094 0.226618 -0.067066 -1.357815 0.004465 0.244373 -1.659137 -0.097155 -0.014631 -1.659137 -0.097155 -0.014631 -1.443159 -0.015155 -0.077462 -1.568821 -0.119866 0.311933 -1.759751 -0.388518 0.659579 -2.322029 -0.062436 0.441171 -1.988782 0.710249 -1.497254 -0.538874 1.455060 -0.710185 -1.223663 -0.407062 0.044893 -0.838978 1.166879 -0.993715 -1.160664 1.709252 -0.326907 -0.769457 -0.042051 0.049039 -0.727854 -0.654938 0.296222
0.000000 0.000000 0.000000 0.000000 0.000000 0.000000 -1.779961 -0.257040 0.236831 -1.568133 0.397926 -0.268718 -1.593674 -0.666183 0.586529 -1.593479 -0.354942 0.718777 -1.593479 -0.354942 0.718777 -1.978038 0.237984 -0.075355 -1.313674 -0.006002 0.241942 -1.597670 -0.130035 0.008024 -1.597670 -0.130035 0.008024 -1.434031 -0.012159 -0.077183 -1.558306 -0.125150 0.317308 -1.749887 -0.393095 0.671699 -2.290864 -0.062217 0.481329 -1.984520 0.739983 -1.476373 -0.530219 1.448141 -0.688410 -1.239117 -0.391192 0.063213 -0.860557 1.187173 -1.003972 -1.157568 1.744415 -0.335412 -0.760096 -0.039565 0.048925 -0.718617 -0.654505 0.293545
0.000000 0.000000 0.000000 0.000000 0.000000 0.000000 -1.771182 -0.235613 0.245663 -1.565054 0.403871 -0.279200 -1.591266 -0.652651 0.578937 -1.557560 -0.321894 0.663954 -1.557560 -0.321894 0.663954 -1.998361 0.221211 -0.082473 -1.346524 0.004527 0.267026 -1.657517 -0.056959 0.003108 -1.657517 -0.056959 0.003108 -1.429534 0.001746 -0.075976 -1.564059 -0.126296 0.309245 -1.766864 -0.395040 0.660830 -2.333963 -0.076596 0.459582 -1.984733 0.699966 -1.525720 -0.526598 1.399276 -0.741383 -1.234991 -0.398185 0.048706 -0.850311 1.171193 -1.001980 -1.198297 1.639273 -0.242589 -0.782146 -0.044103 0.046542 -0.740943 -0.656330 0.298115
0.000000 0.000000 0.000000 0.000000 0.000000 0.000000 -1.740184 -0.161500 0.269203 -1.590245 0.387738 -0.282827 -1.649813 -0.630151 0.580467 -1.600440 -0.311864 0.621253 -1.600440 -0.311864 0.621253 -1.965610 0.232828 -0.099043 -1.301182 -0.022919 0.284992 -1.613253 -0.062916 -0.014109 -1.613253 -0.062916 -0.014109 -1.419160 0.007941 -0.087863 -1.555890 -0.128172 0.293512 -1.770070 -0.392455 0.641994 -2.337400 -0.067072 0.457134 -1.975722 0.713014 -1.552611 -0.497597 1.387243 -0.779256 -1.222438 -0.404952 0.025625 -0.818219 1.178043 -1.010791 -1.140512 1.673141 -0.251559 -0.794708 -0.045797 0.050414 -0.751986 -0.656031 0.305585
0.000000 0.000000 0.000000 0.000000 0.000000 0.000000 -1.784488 -0.250086 0.224197 -1.594669 0.425723 -0.303845 -1.672538 -0.668161 0.601230 -1.613705 -0.374182 0.600588 -1.613705 -0.374182 0.600588 -1.976524 0.238594 -0.081891 -1.333217 -0.017933 0.267603 -1.664546 -0.024921 0.048975 -1.664546 -0.024921 0.048975 -1.439134 0.010674 -0.073483 -1.559162 -0.126746 0.307406 -1.781112 -0.398223 0.654225 -2.382849 -0.095712 0.474783 -1.995255 0.655769 -1.583107 -0.488504 1.330266 -0.847056 -1.245793 -0.407437 0.032322 -0.836539 1.169496 -1.026967 -1.088560 1.693747 -0.274073 -0.783360 -0.037606 0.048372 -0.741322 -0.649186 0.299945
0.000000 0.000000 0.000000 0.000000 0.000000 0.000000 -1.777729 -0.245697 0.228172 -1.601070 0.416549 -0.315343 -1.675596 -0.661423 0.597593 -1.578705 -0.388935 0.576271 -1.578705 -0.388935 0.576271 -1.958161 0.232861 -0.078834 -1.314533 -0.014602 0.244940 -1.651001 -0.013277 0.049999 -1.651001 -0.013277 0.049999 -1.453399 0.013980 -0.071696 -1.557017 -0.131510 0.310084 -1.771682 -0.401482 0.658980 -2.330528 -0.084662 0.491530 -1.978369 0.707878 -1.544730 -0.438392 1.370602 -0.835998 -1.252802 -0.436777 0.057602 -0.848057 1.158498 -1.024195 -1.116633 1.616077 -0.191630 -0.752842 -0.004663 0.062075 -0.706155 -0.618951 0.302835
0.000000 0.000000 0.000000 0.000000 0.000000 0.000000 -1.789991 -0.248958 0.208056 -1.597497 0.415935 -0.332379 -1.705466 -0.703179 0.617104 -1.638114 -0.360710 0.689225 -1.638114 -0.360710 0.689225 -1.959498 0.203839 -0.054190 -1.326245 -0.012094 0.226661 -1.651893 -0.019475 0.024346 -1.651893 -0.019475 0.024346 -1.468548 0.027161 -0.083604 -1.581110 -0.105882 0.306215 -1.769005 -0.395665 0.648961 -2.359414 -0.054435 0.424522 -1.983839 0.700094 -1.565708 -0.405857 1.368032 -0.888503 -1.277481 -0.392887 0.048033 -0.871553 1.170070 -1.044761 -1.163450 1.664742 -0.230203 -0.807491 -0.028089 0.051354 -0.763067 -0.638983 0.311064
0.000000 0.000000 0.000000 0.000000 0.000000 0.000000 -1.757316 -0.223932 0.215038 -1.587326 0.433960 -0.339980 -1.742489 -0.693153 0.592820 -1.659463 -0.414583 0.680799 -1.659463 -0.414583 0.680799 -1.940038 0.209560 -0.046530 -1.312476 -0.007241 0.226851 -1.645128 -0.014715 0.051725 -1.645128 -0.014715 0.051725 -1.454468 0.026325 -0.091391 -1.578355 -0.119038 0.302779 -1.773951 -0.403201 0.656742 -2.388272 -0.059575 0.448498 -1.999543 0.678800 -1.596874 -0.416321 1.353676 -0.923945 -1.279776 -0.411240 0.076123 -0.880896 1.176831 -1.042274 -1.160718 1.674558 -0.222907 -0.785809 -0.055664 0.048467 -0.744163 -0.668962 0.301938
0.000000 0.000000 0.000000 0.000000 0.000000 0.000000 -1.783577 -0.249673 0.165825 -1.574634 0.447153 -0.335902 -1.738018 -0.709362 0.594301 -1.665831 -0.345394 0.668851 -1.665831 -0.345394 0.668851 -1.940117 0.208602 -0.032438 -1.287169 -0.019094 0.225439 -1.589234 -0.099088 0.042266 -1.589234 -0.099088 0.042266 -1.446887 0.027526 -0.107568 -1.572824 -0.119500 0.282305 -1.792566 -0.385920 0.642431 -2.385247 -0.064353 0.464729 -1.997153 0.681529 -1.601636 -0.382168 1.353534 -0.953282 -1.333185 -0.439215 0.059869 -0.895876 1.126994 -1.091014 -1.135456 1.679424 -0.282795 -0.811814 -0.047927 0.065556 -0.763435 -0.658531 0.326632
0.000000 0.000000 0.000000 0.000000 0.000000 0.000000 -1.779791 -0.256040 0.185323 -1.580366 0.438261 -0.377147 -1.755116 -0.720046 0.602966 -1.647666 -0.338652 0.667393 -1.647666 -0.338652 0.667393 -1.977066 0.193683 -0.073318 -1.367792 -0.000610 0.231060 -1.695080 -0.064609 0.031001 -1.695080 -0.064609 0.031001 -1.436861 0.035788 -0.078691 -1.555794 -0.103702 0.305694 -1.777200 -0.383483 0.649584 -2.362410 -0.058171 0.443475 -1.976151 0.705386 -1.591638 -0.318763 1.345873 -0.973157 -1.285548 -0.429091 0.078133 -0.875643 1.172671 -1.052769 -1.052147 1.695731 -0.208299 -0.773427 -0.018730 0.064819 -0.725594 -0.631720 0.312554
0.000000 0.000000 0.000000 0.000000 0.000000 0.000000 -1.833440 -0.259115 0.204303 -1.639919 0.448517 -0.372037 -1.877630 -0.719924 0.576775 -1.761997 -0.375028 0.662964 -1.761997 -0.375028 0.662964 -1.962866 0.210335 -0.080843 -1.303200 -0.019822 0.224073 -1.600223 -0.111098 0.040292 -1.600223 -0.111098 0.040292 -1.489478 0.037995 -0.071066 -1.570344 -0.060711 0.333090 -1.780660 -0.389765 0.656802 -2.392747 -0.031697 0.473826 -2.018759 0.699831 -1.608231 -0.306456 1.317998 -1.046040 -1.275326 -0.386006 0.051021 -0.862919 1.198217 -1.055693 -0.994506 1.730932 -0.231529 -0.777892 -0.059510 0.068253 -0.730359 -0.672469 0.318210
0.000000 0.000000 0.000000 0.000000 0.000000 0.000000 -1.759350 -0.253481 0.212124 -1.599819 0.474380 -0.397893 -1.896057 -0.719774 0.566130 -1.782599 -0.353527 0.702884 -1.782599 -0.353527 0.702884 -1.965325 0.218011 -0.048963 -1.380419 -0.017702 0.224254 -1.737813 -0.047775 0.068363 -1.737813 -0.047775 0.068363 -1.458391 0.024729 -0.073704 -1.525305 -0.121856 0.305280 -1.777242 -0.402237 0.651369 -2.366112 -0.045492 0.467743 -1.981068 0.720166 -1.613398 -0.270664 1.327958 -1.047021 -1.278962 -0.438204 0.068838 -0.861172 1.169513 -1.053241 -1.025056 1.715096 -0.255995 -0.777798 -0.048744 0.058205 -0.733239 -0.660584 0.307783
0.000000 0.000000 0.000000 0.000000 0.000000 0.000000 -1.783851 -0.230919 0.218744 -1.607218 0.478288 -0.383363 -1.892571 -0.720837 0.554567 -1.776848 -0.353993 0.716943 -1.776848 -0.353993 0.716943 -1.954297 0.202961 -0.045571 -1.330563 -0.034941 0.230596 -1.668807 -0.030071 0.041456 -1.668807 -0.030071 0.041456 -1.450512 0.036054 -0.084033 -1.522813 -0.106468 0.296676 -1.779516 -0.392543 0.643815 -2.379308 -0.028221 0.454690 -1.998682 0.716488 -1.611037 -0.266139 1.316771 -1.067652 -1.260516 -0.403815 0.064449 -0.856048 1.200448 -1.040413 -0.993644 1.743257 -0.233998 -0.799501 -0.045432 0.048312 -0.757201 -0.655899 0.305365
0.000000 0.000000 0.000000 0.000000 0.000000 0.000000 -1.765997 -0.166424 0.232474 -1.632872 0.470882 -0.385311 -1.955843 -0.744854 0.556945 -1.860015 -0.342721 0.730101 -1.860015 -0.342721 0.730101 -1.939776 0.219861 -0.117483 -1.305701 -0.064395 0.337697 -1.638126 -0.042356 0.075713 -1.638126 -0.042356 0.075713 -1.448652 0.060764 -0.091893 -1.521964 -0.090072 0.281343 -1.792960 -0.371162 0.621019 -2.391795 -0.036690 0.480693 -1.997713 0.708560 -1.641532 -0.256398 1.278343 -1.086481 -1.312894 -0.423822 0.034066 -0.863023 1.152409 -1.094654 -0.980950 1.717685 -0.302382 -0.815085 -0.032264 0.036052 -0.775733 -0.640676 0.298015
0.000000 0.000000 0.000000 0.000000 0.000000 0.000000 -1.781804 -0.196595 0.229071 -1.625475 0.480459 -0.404097 -1.985698 -0.710712 0.523973 -1.874466 -0.304445 0.724284 -1.874466 -0.304445 0.724284 -1.949515 0.211515 -0.083203 -1.326470 -0.033443 0.273686 -1.659721 -0.029217 0.076783 -1.659721 -0.029217 0.076783 -1.439485 0.064838 -0.076609 -1.506304 -0.106582 0.303965 -1.782174 -0.408325 0.650979 -2.383398 -0.036795 0.479812 -1.987425 0.718604 -1.644352 -0.223395 1.263909 -1.103863 -1.262575 -0.430558 0.077090 -0.858141 1.186131 -1.037485 -0.955043 1.743701 -0.231289 -0.809670 -0.054443 0.034662 -0.771756 -0.664562 0.295826
0.000000 0.000000 0.000000 0.000000 0.000000 0.000000 -1.771669 -0.194378 0.221086 -1.631784 0.498950 -0.406703 -2.037244 -0.727929 0.519012 -1.915652 -0.283560 0.790080 -1.915652 -0.283560 0.790080 -1.935674 0.194930 -0.037219 -1.357841 -0.030701 0.235074 -1.724881 0.025766 0.055943 -1.724881 0.025766 0.055943 -1.431068 0.064631 -0.065861 -1.493298 -0.124537 0.306415 -1.768594 -0.416833 0.657077 -2.386090 -0.022561 0.443925 -1.984065 0.723347 -1.643857 -0.184591 1.238376 -1.130689 -1.289191 -0.424171 0.114241 -0.903736 1.185776 -1.041318 -1.069051 1.759093 -0.256466 -0.791611 -0.059124 0.013131 -0.761428 -0.671548 0.269501
0.000000 0.000000 0.000000 0.000000 0.000000 0.000000 -1.786717 -0.207791 0.217590 -1.647137 0.493418 -0.408713 -2.098368 -0.718788 0.504760 -1.988821 -0.245728 0.767893 -1.988821 -0.245728 0.767893 -1.931226 0.191327 -0.073474 -1.331725 -0.016993 0.256179 -1.678853 0.013054 0.113852 -1.678853 0.013054 0.113852 -1.442547 0.069845 -0.075849 -1.499890 -0.106817 0.302016 -1.767636 -0.407458 0.650462 -2.380647 -0.014558 0.442735 -1.998094 0.726160 -1.617519 -0.182542 1.248121 -1.130653 -1.255860 -0.405044 0.097601 -0.870678 1.221958 -1.029326 -1.010812 1.777172 -0.224827 -0.772394 -0.059254 0.027648 -0.738120 -0.673741 0.277488
0.000000 0.000000 0.000000 0.000000 0.000000 0.000000 -1.825133 -0.201000 0.210851 -1.666336 0.486458 -0.409989 -2.108022 -0.738593 0.508472 -1.990966 -0.264122 0.793547 -1.990966 -0.264122 0.793547 -1.944489 0.179084 -0.076806 -1.325627 -0.027760 0.237573 -1.653604 0.003959 0.091034 -1.653604 0.003959 0.091034 -1.480072 0.099544 -0.068517 -1.522595 -0.071232 0.312335 -1.787710 -0.398901 0.649374 -2.428373 -0.040447 0.456559 -1.997189 0.677525 -1.682468 -0.196218 1.182315 -1.155254 -1.336275 -0.427648 0.071580 -0.900994 1.151381 -1.098400 -1.038238 1.734317 -0.317068 -0.799013 -0.084565 0.013538 -0.769481 -0.696681 0.272849
0.000000 0.000000 0.000000 0.000000 0.000000 0.000000 -1.823113 -0.209204 0.195824 -1.648988 0.497503 -0.421896 -2.089152 -0.720476 0.503967 -1.949655 -0.272402 0.801241 -1.949655 -0.272402 0.801241 -1.935428 0.181537 -0.051348 -1.327706 -0.022884 0.228754 -1.661490 0.026024 0.091394 -1.661490 0.026024 0.091394 -1.479999 0.090573 -0.080476 -1.516273 -0.082841 0.301355 -1.790281 -0.397313 0.647594 -2.387716 -0.014943 0.439571 -1.974852 0.733493 -1.664450 -0.144436 1.201361 -1.168280 -1.372095 -0.440689 0.072920 -0.917029 1.130652 -1.129955 -1.066853 1.732262 -0.356802 -0.791034 -0.097504 0.021315 -0.759942 -0.708607 0.277285
0.000000 0.000000 0.000000 0.000000 0.000000 0.000000 -1.870660 -0.177420 0.174491 -1.698645 0.514183 -0.431196 -2.155610 -0.742363 0.528134 -2.001442 -0.311309 0.758878 -2.001442 -0.311309 0.758878 -1.925058 0.219835 -0.127440 -1.286976 -0.065110 0.315692 -1.585456 -0.019666 0.081923 -1.585456 -0.019666 0.081923 -1.519351 0.098615 -0.099163 -1.545897 -0.074797 0.268783 -1.815872 -0.373414 0.603574 -2.414262 -0.018404 0.444985 -1.985734 0.710083 -1.689035 -0.146468 1.160714 -1.195123 -1.475935 -0.426025 0.061020 -0.985247 1.071828 -1.206820 -1.450152 1.663970 -0.557232 -0.808760 -0.058462 0.045193 -0.767851 -0.666733 0.304985
0.000000 0.000000 0.000000 0.000000 0.000000 0.000000 -1.853145 -0.148686 0.184383 -1.688740 0.523193 -0.438869 -2.133056 -0.724932 0.493174 -1.956410 -0.278269 0.679376 -1.956410 -0.278269 0.679376 -1.943638 0.220235 -0.134749 -1.341081 -0.036676 0.315318 -1.647062 -0.004992 0.091832 -1.647062 -0.004992 0.091832 -1.507549 0.088919 -0.099854 -1.523355 -0.088319 0.274134 -1.798302 -0.384932 0.614773 -2.437978 -0.029386 0.442517 -1.991891 0.681329 -1.706024 -0.146114 1.147498 -1.208030 -1.338232 -0.416065 0.098121 -0.908337 1.193656 -1.108358 -1.369248 1.742189 -0.437873 -0.809949 -0.041499 0.057545 -0.763702 -0.654451 0.319068
0.000000 0.000000 0.000000 0.000000 0.000000 0.000000 -1.882917 -0.143029 0.180244 -1.727200 0.513286 -0.460149 -2.173738 -0.707378 0.523021 -1.962333 -0.301597 0.651211 -1.962333 -0.301597 0.651211 -1.936081 0.230978 -0.171397 -1.304982 -0.066183 0.354845 -1.590773 -0.045306 0.103061 -1.590773 -0.045306 0.103061 -1.531691 0.101603 -0.101153 -1.523013 -0.081983 0.262501 -1.806701 -0.379049 0.599276 -2.389607 -0.019677 0.441199 -1.959449 0.736230 -1.688965 -0.120301 1.149517 -1.192657 -1.380393 -0.467540 0.077161 -0.910532 1.120083 -1.142229 -1.352301 1.715107 -0.479211 -0.828253 -0.020591 0.065991 -0.779282 -0.619914 0.327614
0.000000 0.000000 0.000000 0.000000 0.000000 0.000000 -1.862534 -0.097665 0.162394 -1.704991 0.550689 -0.493390 -2.109005 -0.721824 0.530907 -1.823007 -0.371247 0.563547 -1.823007 -0.371247 0.563547 -1.915043 0.248182 -0.162463 -1.327937 -0.058265 0.343434 -1.616006 -0.043814 0.069182 -1.616006 -0.043814 0.069182 -1.515340 0.087340 -0.106750 -1.511213 -0.098686 0.250202 -1.798415 -0.381279 0.586075 -2.458465 -0.034095 0.459480 -2.001808 0.662327 -1.726841 -0.146779 1.110062 -1.232661 -1.263307 -0.412527 0.064171 -0.842964 1.216751 -1.057897 -1.174992 1.904170 -0.420601 -0.838131 -0.008386 0.060037 -0.789307 -0.613627 0.327752
0.000000 0.000000 0.000000 0.000000 0.000000 0.000000 -1.749655 -0.054140 0.223450 -1.693734 0.526910 -0.506307 -2.142540 -0.665557 0.511204 -1.826029 -0.321243 0.527635 -1.826029 -0.321243 0.527635 -1.872049 0.232699 -0.177021 -1.342382 -0.057410 0.365863 -1.654265 -0.015392 0.103347 -1.654265 -0.015392 0.103347 -1.486143 0.076110 -0.094034 -1.530277 -0.118799 0.274543 -1.815766 -0.419789 0.615148 -2.413092 -0.054702 0.449588 -1.960533 0.690093 -1.701244 -0.086195 1.112694 -1.215902 -1.414541 -0.457074 0.097356 -0.961224 1.093192 -1.145120 -1.445464 1.725659 -0.457860 -0.830597 -0.035113 0.050580 -0.785741 -0.645115 0.318449
0.000000 0.000000 0.000000 0.000000 0.000000 0.000000 -1.676740 -0.041493 0.229175 -1.672592 0.525158 -0.529051 -2.185942 -0.657697 0.492495 -1.846573 -0.388032 0.568067 -1.846573 -0.388032 0.568067 -1.811616 0.226408 -0.180452 -1.294489 -0.079298 0.378844 -1.603604 -0.007358 0.128420 -1.603604 -0.007358 0.128420 -1.478692 0.099625 -0.113434 -1.531004 -0.088955 0.263817 -1.813911 -0.407836 0.603210 -2.446924 -0.025770 0.436786 -1.969722 0.687771 -1.752329 -0.098189 1.084094 -1.253349 -1.410177 -0.416970 0.053358 -0.935941 1.119922 -1.166401 -1.364737 1.783981 -0.454868 -0.827477 -0.049914 0.058368 -0.781014 -0.658755 0.324629
0.000000 0.000000 0.000000 0.000000 0.000000 0.000000 -1.776082 -0.020187 0.272953 -1.736114 0.524891 -0.533421 -2.236250 -0.638988 0.473520 -1.886982 -0.372699 0.539773 -1.886982 -0.372699 0.539773 -1.877265 0.264466 -0.235324 -1.335062 -0.099356 0.385714 -1.637168 -0.007052 0.132753 -1.637168 -0.007052 0.132753 -1.463116 0.100557 -0.082610 -1.512704 -0.086328 0.283086 -1.794201 -0.404743 0.609527 -2.391417 -0.012654 0.433880 -1.954343 0.742560 -1.700834 -0.072940 1.142174 -1.225857 -1.381486 -0.453729 0.085333 -0.920667 1.131678 -1.140238 -1.342104 1.801928 -0.429750 -0.812390 -0.029253 0.071097 -0.761741 -0.637313 0.330777
0.000000 0.000000 0.000000 0.000000 0.000000 0.000000 -1.742373 -0.036051 0.268552 -1.707400 0.537291 -0.534611 -2.230790 -0.626881 0.460060 -1.864542 -0.384796 0.556688 -1.864542 -0.384796 0.556688 -1.788583 0.275968 -0.220134 -1.213026 -0.116797 0.338838 -1.481208 -0.043412 0.108575 -1.481208 -0.043412 0.108575 -1.450187 0.086689 -0.099994 -1.508199 -0.106066 0.269597 -1.792476 -0.405489 0.610716 -2.386477 -0.015381 0.425645 -1.943733 0.746293 -1.702975 -0.059420 1.142672 -1.224592 -1.305615 -0.436976 0.082731 -0.867918 1.198135 -1.092807 -1.281377 1.851448 -0.359588 -0.822947 -0.033655 0.072128 -0.771528 -0.642570 0.336042
0.000000 0.000000 0.000000 0.000000 0.000000 0.000000 -1.719443 -0.033293 0.273124 -1.717087 0.521484 -0.551980 -2.267137 -0.632691 0.465549 -1.893864 -0.366044 0.530313 -1.893864 -0.366044 0.530313 -1.836439 0.252956 -0.213040 -1.327824 -0.106192 0.362557 -1.631529 -0.037787 0.116758 -1.631529 -0.037787 0.116758 -1.440873 0.123983 -0.097431 -1.523382 -0.064938 0.277085 -1.804031 -0.397262 0.606834 -2.398288 -0.016907 0.440720 -1.959025 0.733621 -1.704727 -0.075559 1.138970 -1.229663 -1.383942 -0.477907 0.088907 -0.909501 1.127899 -1.149762 -1.281616 1.833764 -0.427009 -0.829091 -0.046144 0.067600 -0.779546 -0.653794 0.333578
0.000000 0.000000 0.000000 0.000000 0.000000 0.000000 -1.751662 -0.041828 0.275499 -1.716969 0.551090 -0.539730 -2.287627 -0.619175 0.450486 -1.892014 -0.341923 0.514606 -1.892014 -0.341923 0.514606 -1.863508 0.266332 -0.197002 -1.363748 -0.100466 0.387053 -1.685971 0.047221 0.146465 -1.685971 0.047221 0.146465 -1.450889 0.082732 -0.096582 -1.530403 -0.114272 0.265562 -1.815732 -0.406018 0.608376 -2.428320 -0.046235 0.476658 -1.972884 0.688006 -1.726030 -0.118224 1.116455 -1.219473 -1.454267 -0.476903 0.121913 -0.966729 1.110983 -1.201364 -1.199923 1.926267 -0.506837 -0.821500 -0.036785 0.059274 -0.774627 -0.644353 0.322541
0.000000 0.000000 0.000000 0.000000 0.000000 0.000000 -1.753932 -0.049042 0.267423 -1.734625 0.544677 -0.553058 -2.316922 -0.595188 0.431168 -1.953038 -0.332287 0.465285 -1.953038 -0.332287 0.465285 -1.866713 0.255189 -0.201444 -1.378242 -0.104518 0.386200 -1.707016 0.058562 0.165664 -1.707016 0.058562 0.165664 -1.442293 0.103395 -0.093798 -1.515969 -0.089558 0.272389 -1.800024 -0.401872 0.605833 -2.400239 -0.034868 0.451090 -1.933492 0.730459 -1.738378 -0.080769 1.123039 -1.222349 -1.380623 -0.465929 0.081088 -0.899596 1.146004 -1.157591 -1.141115 1.929915 -0.460771 -0.804320 -0.013559 0.068052 -0.754262 -0.622642 0.325056
0.000000 0.000000 0.000000 0.000000 0.000000 0.000000 -1.822796 -0.201047 0.200293 -1.722111 0.572726 -0.575695 -2.314234 -0.581783 0.468498 -2.009764 -0.318199 0.470740 -2.009764 -0.318199 0.470740 -1.873128 0.195254 -0.071339 -1.384337 -0.051215 0.247513 -1.700843 0.058554 0.162615 -1.700843 0.058554 0.162615 -1.479684 0.109212 -0.080891 -1.539373 -0.077511 0.296387 -1.815431 -0.417949 0.625517 -2.486948 -0.037688 0.484224 -2.002116 0.642857 -1.777332 -0.140846 1.061974 -1.270051 -1.427655 -0.443212 0.106597 -0.962395 1.126794 -1.173046 -1.137243 1.948127 -0.468786 -0.809609 -0.093015 0.060520 -0.764653 -0.705234 0.322485
0.000000 0.000000 0.000000 0.000000 0.000000 0.000000 -1.901284 -0.170455 0.276049 -1.763379 0.567010 -0.576046 -2.345105 -0.571430 0.451349 -2.015475 -0.301627 0.480389 -2.015475 -0.301627 0.480389 -1.915678 0.194875 -0.092013 -1.371275 -0.051467 0.212775 -1.662712 0.065436 0.150302 -1.662712 0.065436 0.150302 -1.566311 0.108670 -0.048903 -1.549482 -0.054408 0.332999 -1.814351 -0.411488 0.648253 -2.426288 -0.020680 0.462769 -1.958071 0.716946 -1.757012 -0.052719 1.078133 -1.279046 -1.378769 -0.491256 0.093787 -0.893757 1.142815 -1.157532 -1.098959 1.632682 -0.068994 -0.817352 -0.082746 0.033390 -0.780760 -0.692447 0.297694
0.000000 0.000000 0.000000 0.000000 0.000000 0.000000 -1.903292 -0.158344 0.289358 -1.768097 0.559365 -0.594385 -2.361642 -0.541644 0.425829 -1.985419 -0.323638 0.477634 -1.985419 -0.323638 0.477634 -1.921767 0.194265 -0.104034 -1.375397 -0.047481 0.210693 -1.663039 0.059913 0.152976 -1.663039 0.059913 0.152976 -1.572865 0.128071 -0.023888 -1.530492 -0.059339 0.345986 -1.795645 -0.415313 0.657131 -2.431182 -0.021795 0.470799 -1.971732 0.707925 -1.747343 -0.066648 1.081730 -1.276167 -1.414371 -0.464385 0.090600 -0.932199 1.122828 -1.174259 -1.200697 1.660450 -0.138466 -0.818085 -0.083764 0.023678 -0.784678 -0.693325 0.288498
0.000000 0.000000 0.000000 0.000000 0.000000 0.000000 -1.744426 -0.175590 0.248828 -1.694323 0.605677 -0.575003 -2.311382 -0.474094 0.415271 -1.979677 -0.365537 0.463931 -1.979677 -0.365537 0.463931 -1.800622 0.204969 -0.016743 -1.322357 -0.038142 0.187836 -1.648773 0.045294 0.153509 -1.648773 0.045294 0.153509 -1.518597 0.049945 -0.085507 -1.535318 -0.132566 0.292500 -1.812786 -0.419054 0.651546 -2.449857 -0.033168 0.464654 -1.961876 0.687668 -1.776783 -0.040377 1.031374 -1.301281 -1.377250 -0.450045 0.110693 -0.925492 1.162295 -1.140506 -1.186406 1.733000 -0.095447 -0.840899 -0.127676 -0.017502 -0.821970 -0.736488 0.257304
0.000000 0.000000 0.000000 0.000000 0.000000 0.000000 -1.860946 -0.168581 0.297470 -1.733956 0.608368 -0.589440 -2.333638 -0.485472 0.408605 -1.968942 -0.379136 0.453771 -1.968942 -0.379136 0.453771 -1.879887 0.220085 -0.086029 -1.349520 -0.033228 0.199676 -1.654369 0.033525 0.148046 -1.654369 0.033525 0.148046 -1.526783 0.058506 -0.053286 -1.542331 -0.098387 0.335855 -1.809219 -0.414360 0.682626 -2.417665 -0.024879 0.490182 -1.966647 0.720454 -1.743628 -0.036889 1.081473 -1.306316 -1.404598 -0.467580 0.151224 -0.963876 1.147127 -1.147560 -1.254969 1.737802 -0.049965 -0.821559 -0.118213 0.009721 -0.794001 -0.728144 0.276962
0.000000 0.000000 0.000000 0.000000 0.000000 0.000000 -1.760307 -0.212221 0.252435 -1.666038 0.610912 -0.592016 -2.303193 -0.464036 0.415908 -1.931558 -0.361045 0.461177 -1.931558 -0.361045 0.461177 -1.771834 0.220781 -0.025826 -1.254507 -0.053280 0.193082 -1.559591 -0.048666 0.118949 -1.559591 -0.048666 0.118949 -1.494823 0.052973 -0.071911 -1.520045 -0.105354 0.315429 -1.791631 -0.415793 0.670238 -2.426509 -0.037785 0.494336 -1.958467 0.706955 -1.760906 -0.022382 1.035378 -1.291846 -1.395023 -0.450661 0.148506 -0.959060 1.167534 -1.144282 -1.224302 1.757613 -0.033337 -0.803455 -0.137103 -0.021520 -0.787469 -0.748420 0.240924
0.000000 0.000000 0.000000 0.000000 0.000000 0.000000 -1.871868 -0.169906 0.304124 -1.653998 0.607063 -0.644013 -2.245012 -0.430226 0.334759 -1.735051 -0.456743 0.488570 -1.735051 -0.456743 0.488570 -1.866392 0.234484 -0.087317 -1.313867 -0.045801 0.195258 -1.619672 -0.018770 0.129874 -1.619672 -0.018770 0.129874 -1.542541 0.045060 -0.051532 -1.547327 -0.115447 0.334596 -1.814666 -0.409278 0.695372 -2.456126 -0.025338 0.490279 -1.980146 0.686661 -1.778519 -0.024529 1.012662 -1.342042 -1.371794 -0.489140 0.127835 -0.914395 1.156547 -1.138839 -1.127317 1.818939 -0.035792 -0.807427 -0.127615 0.016533 -0.778539 -0.738342 0.278919
0.000000 0.000000 0.000000 0.000000 0.000000 0.000000 -1.861789 -0.148978 0.311161 -1.714635 0.613564 -0.622832 -2.359744 -0.419904 0.379580 -1.896920 -0.438263 0.413592 -1.896920 -0.438263 0.413592 -1.869742 0.215606 -0.083581 -1.347035 -0.038282 0.206689 -1.679818 0.002756 0.116842 -1.679818 0.002756 0.116842 -1.535285 0.074135 -0.046134 -1.531742 -0.109082 0.326409 -1.802507 -0.414872 0.676134 -2.445137 -0.041067 0.471349 -1.947845 0.691181 -1.787819 -0.005285 1.003411 -1.317689 -1.410096 -0.475243 0.120722 -0.937751 1.140683 -1.170249 -1.183004 1.781216 0.019318 -0.775602 -0.115408 0.017677 -0.746853 -0.728522 0.269307
0.000000 0.000000 0.000000 0.000000 0.000000 0.000000 -1.850984 -0.141560 0.307721 -1.656223 0.603043 -0.670148 -2.303354 -0.411316 0.331493 -1.720649 -0.490865 0.425885 -1.720649 -0.490865 0.425885 -1.830674 0.213494 -0.080322 -1.283914 -0.048141 0.202663 -1.613935 -0.068659 0.099208 -1.613935 -0.068659 0.099208 -1.526749 0.074543 -0.053082 -1.554849 -0.099716 0.328929 -1.824178 -0.406552 0.683414 -2.477756 -0.037453 0.497723 -1.962250 0.667801 -1.828455 -0.012634 0.961164 -1.351533 -1.450615 -0.476184 0.108038 -0.959141 1.104046 -1.199199 -1.256690 1.709457 0.028076 -0.797254 -0.139433 0.004288 -0.773222 -0.750433 0.263627
0.000000 0.000000 0.000000 0.000000 0.000000 0.000000 -1.885349 -0.114926 0.343728 -1.683271 0.619346 -0.663154 -2.362583 -0.384526 0.325647 -1.780704 -0.482421 0.393642 -1.780704 -0.482421 0.393642 -1.872679 0.231254 -0.126700 -1.332171 -0.031793 0.232665 -1.693384 0.008802 0.130649 -1.693384 0.008802 0.130649 -1.573826 0.057441 -0.042829 -1.544122 -0.127054 0.326178 -1.815652 -0.404378 0.688324 -2.467964 -0.035834 0.473470 -1.958072 0.675001 -1.809969 -0.011538 0.996821 -1.366113 -1.397895 -0.454940 0.099814 -0.915675 1.166625 -1.176646 -1.165675 1.774104 0.082428 -0.818003 -0.125085 -0.004735 -0.795689 -0.733885 0.261241
0.000000 0.000000 0.000000 0.000000 0.000000 0.000000 -1.881935 -0.107430 0.340471 -1.686134 0.607407 -0.673263 -2.371283 -0.389357 0.322381 -1.780921 -0.454047 0.363127 -1.780921 -0.454047 0.363127 -1.866757 0.210677 -0.108712 -1.322791 -0.037303 0.234212 -1.688530 0.032991 0.117108 -1.688530 0.032991 0.117108 -1.568651 0.082701 -0.042368 -1.549146 -0.106218 0.331446 -1.818104 -0.403311 0.694671 -2.465222 -0.032353 0.467154 -1.956108 0.679970 -1.808409 0.002444 0.987445 -1.369076 -1.431200 -0.482678 0.138664 -0.956122 1.134997 -1.185131 -1.214432 1.803399 0.043274 -0.795261 -0.144484 -0.007620 -0.775245 -0.757312 0.252191
0.000000 0.000000 0.000000 0.000000 0.000000 0.000000 -1.865593 -0.119945 0.330766 -1.642837 0.617514 -0.691979 -2.350961 -0.371995 0.298090 -1.703177 -0.494602 0.366699 -1.703177 -0.494602 0.366699 -1.820305 0.219883 -0.102029 -1.266404 -0.049646 0.216598 -1.629742 -0.002511 0.121900 -1.629742 -0.002511 0.121900 -1.551799 0.066584 -0.046919 -1.531631 -0.116376 0.330440 -1.799756 -0.410865 0.694476 -2.485905 -0.010145 0.459380 -1.972460 0.676177 -1.826791 -0.029615 0.971503 -1.340217 -1.418536 -0.482943 0.157607 -0.970854 1.131882 -1.157147 -1.233693 1.782929 0.134595 -0.782334 -0.125397 -0.010670 -0.763038 -0.737565 0.243977
0.000000 0.000000 0.000000 0.000000 0.000000 0.000000 -1.852010 -0.082531 0.361038 -1.660188 0.620330 -0.696375 -2.370153 -0.338217 0.271493 -1.709275 -0.515015 0.366491 -1.709275 -0.515015 0.366491 -1.839358 0.212147 -0.143417 -1.295052 -0.037958 0.254277 -1.675906 0.024567 0.145282 -1.675906 0.024567 0.145282 -1.554288 0.074052 -0.032210 -1.541772 -0.104176 0.348589 -1.806638 -0.417284 0.702835 -2.531522 -0.033323 0.489976 -1.991042 0.616549 -1.859506 -0.070833 0.943401 -1.363940 -1.481370 -0.475880 0.160855 -1.009984 1.105105 -1.207913 -1.245201 1.762958 0.085399 -0.771479 -0.141280 -0.005829 -0.751559 -0.754828 0.245559
0.000000 0.000000 0.000000 0.000000 0.000000 0.000000 -1.916492 -0.147871 0.335335 -1.620358 0.626899 -0.719669 -2.314742 -0.336229 0.267029 -1.655128 -0.542910 0.355935 -1.655128 -0.542910 0.355935 -1.828464 0.247579 -0.094026 -1.253916 -0.077369 0.197988 -1.629908 -0.052494 0.107880 -1.629908 -0.052494 0.107880 -1.595828 0.061448 -0.031902 -1.548638 -0.116053 0.345500 -1.814941 -0.400066 0.712195 -2.459232 -0.015085 0.476307 -1.981519 0.690762 -1.781367 -0.052364 1.078844 -1.391813 -1.358552 -0.467331 0.114428 -0.901306 1.179311 -1.136608 -1.101217 1.724188 0.203071 -0.771329 -0.138530 0.005741 -0.747581 -0.751524 0.256478
0.000000 0.000000 0.000000 0.000000 0.000000 0.000000 -1.910069 -0.139845 0.335365 -1.628351 0.641463 -0.728138 -2.328959 -0.315004 0.265190 -1.674334 -0.544040 0.339096 -1.674334 -0.544040 0.339096 -1.812777 0.248117 -0.080671 -1.222628 -0.069528 0.182849 -1.592599 -0.047851 0.113592 -1.592599 -0.047851 0.113592 -1.592054 0.059494 -0.035644 -1.549348 -0.113819 0.346359 -1.814166 -0.406767 0.711101 -2.453319 -0.028397 0.474759 -1.959270 0.692265 -1.794265 -0.025904 1.039324 -1.361470 -1.378047 -0.455522 0.099725 -0.908884 1.168329 -1.154675 -1.088280 1.758287 0.178155 -0.793606 -0.137651 -0.010675 -0.774400 -0.749933 0.248287
0.000000 0.000000 0.000000 0.000000 0.000000 0.000000 -1.901508 -0.160386 0.312960 -1.637399 0.657052 -0.744055 -2.370622 -0.301509 0.265758 -1.735192 -0.515531 0.296583 -1.735192 -0.515531 0.296583 -1.830439 0.248326 -0.079028 -1.278266 -0.080334 0.186917 -1.676705 -0.065141 0.081535 -1.676705 -0.065141 0.081535 -1.579083 0.068492 -0.037670 -1.542543 -0.093663 0.349523 -1.807034 -0.403943 0.707160 -2.436987 -0.021934 0.478706 -1.934493 0.721223 -1.813833 0.014717 1.020363 -1.367655 -1.324468 -0.437095 0.126506 -0.889980 1.236963 -1.115831 -1.066779 1.827994 0.225383 -0.806653 -0.132861 -0.000963 -0.783683 -0.743985 0.261898
0.000000 0.000000 0.000000 0.000000 0.000000 0.000000 -1.883183 -0.162677 0.301101 -1.633962 0.659790 -0.747008 -2.371745 -0.277718 0.264729 -1.734030 -0.479668 0.266912 -1.734030 -0.479668 0.266912 -1.793084 0.233969 -0.076926 -1.208224 -0.069231 0.195428 -1.594343 -0.050816 0.118144 -1.594343 -0.050816 0.118144 -1.575549 0.059759 -0.055452 -1.575299 -0.096793 0.340966 -1.839720 -0.400696 0.711132 -2.498533 -0.046037 0.447778 -1.954103 0.640398 -1.836932 -0.017039 0.962139 -1.374280 -1.439003 -0.441952 0.127359 -0.970336 1.148436 -1.190564 -1.109024 1.838776 0.127968 -0.810415 -0.169955 -0.009241 -0.791618 -0.781011 0.255772
0.000000 0.000000 0.000000 0.000000 0.000000 0.000000 -1.892834 -0.086632 0.341169 -1.720424 0.686668 -0.751646 -2.433464 -0.252535 0.266354 -1.817009 -0.431856 0.315248 -1.817009 -0.431856 0.315248 -1.853905 0.223647 -0.072360 -1.293878 -0.052796 0.207699 -1.711415 0.021038 0.099139 -1.711415 0.021038 0.099139 -1.589995 0.048880 -0.055805 -1.575139 -0.104179 0.333325 -1.841102 -0.389121 0.702154 -2.465711 -0.029349 0.475201 -1.950729 0.685669 -1.822983 -0.002113 0.985332 -1.362083 -1.538561 -0.509468 0.061244 -0.959853 1.032188 -1.294216 -0.975686 0.854115 -1.037266 -0.793485 -0.154024 0.022314 -0.764285 -0.765579 0.280261
0.000000 0.000000 0.000000 0.000000 0.000000 0.000000 -1.870914 -0.066161 0.338371 -1.709411 0.699258 -0.755880 -2.424178 -0.245574 0.250486 -1.804657 -0.434929 0.310901 -1.804657 -0.434929 0.310901 -1.840917 0.222347 -0.070807 -1.285655 -0.048159 0.207574 -1.710252 0.041077 0.107757 -1.710252 0.041077 0.107757 -1.581371 0.044671 -0.063373 -1.568860 -0.114955 0.325131 -1.836697 -0.386235 0.700671 -2.441578 -0.038228 0.472561 -1.930023 0.704150 -1.810891 0.022721 0.989024 -1.341907 -1.458173 -0.496619 0.098485 -0.933131 1.110058 -1.228288 -0.952825 0.913233 -1.004547 -0.791499 -0.148637 0.012967 -0.765156 -0.760614 0.270535
0.000000 0.000000 0.000000 0.000000 0.000000 0.000000 -1.926188 -0.103470 0.323952 -1.704409 0.703497 -0.776176 -2.430685 -0.232807 0.231331 -1.775668 -0.454378 0.334693 -1.775668 -0.454378 0.334693 -1.847709 0.223962 -0.071032 -1.258896 -0.051920 0.178745 -1.664960 0.013239 0.121865 -1.664960 0.013239 0.121865 -1.608892 0.069301 -0.061002 -1.591067 -0.091747 0.332229 -1.857595 -0.393246 0.699134 -2.496499 -0.045901 0.490277 -1.954037 0.647751 -1.854531 -0.020519 0.954623 -1.374991 -1.556320 -0.478936 0.081358 -1.003014 1.035244 -1.291058 -1.066759 0.808348 -1.004011 -0.805940 -0.177403 0.025215 -0.776491 -0.787180 0.287251
0.000000 0.000000 0.000000 0.000000 0.000000 0.000000 -1.923885 -0.108355 0.326886 -1.721736 0.727976 -0.775265 -2.439734 -0.211286 0.228264 -1.818878 -0.431206 0.301732 -1.818878 -0.431206 0.301732 -1.853495 0.239288 -0.086478 -1.267656 -0.049895 0.203176 -1.678499 0.002846 0.154014 -1.678499 0.002846 0.154014 -1.609458 0.055038 -0.060514 -1.577149 -0.104265 0.329222 -1.842477 -0.389654 0.700503 -2.495605 -0.032119 0.478684 -1.957597 0.657628 -1.853332 -0.022623 0.970508 -1.388506 -1.456520 -0.484676 0.111618 -0.952177 1.111597 -1.214248 -1.021409 0.864226 -0.962387 -0.816320 -0.165473 0.024215 -0.786453 -0.773724 0.289196
0.000000 0.000000 0.000000 0.000000 0.000000 0.000000 -1.859200 -0.121766 0.301685 -1.664233 0.736063 -0.800840 -2.407904 -0.196462 0.198047 -1.762322 -0.475345 0.296937 -1.762322 -0.475345 0.296937 -1.804994 0.233447 -0.061334 -1.258522 -0.057163 0.205796 -1.702696 0.004333 0.124137 -1.702696 0.004333 0.124137 -1.591615 0.045720 -0.070220 -1.585266 -0.108307 0.323550 -1.853418 -0.385082 0.699588 -2.522834 -0.051182 0.502406 -1.957729 0.621424 -1.885303 -0.028326 0.920133 -1.389617 -1.518109 -0.474748 0.129056 -1.007152 1.081438 -1.251619 -1.179806 0.818463 -1.054562 -0.846064 -0.188087 -0.006258 -0.826138 -0.795395 0.270413
0.000000 0.000000 0.000000 0.000000 0.000000 0.000000 -1.889572 -0.119796 0.310737 -1.691972 0.745224 -0.807470 -2.431597 -0.180571 0.203532 -1.798455 -0.430298 0.277022 -1.798455 -0.430298 0.277022 -1.819773 0.240367 -0.076264 -1.257774 -0.062804 0.206497 -1.694322 -0.010461 0.122492 -1.694322 -0.010461 0.122492 -1.576971 0.044397 -0.068511 -1.574921 -0.103440 0.324817 -1.843372 -0.380686 0.697863 -2.515965 -0.026635 0.451699 -1.936664 0.650044 -1.899465 0.013013 0.909642 -1.409641 -1.471472 -0.494219 0.142515 -0.977273 1.106795 -1.216592 -1.147917 0.840935 -1.044022 -0.822894 -0.171420 0.010953 -0.797465 -0.778548 0.278285
0.000000 0.000000 0.000000 0.000000 0.000000 0.000000 -1.915216 -0.119763 0.317086 -1.682036 0.732881 -0.822376 -2.383211 -0.155037 0.180735 -1.745213 -0.465426 0.270721 -1.745213 -0.465426 0.270721 -1.834496 0.228737 -0.082025 -1.251837 -0.056638 0.192232 -1.678569 -0.021614 0.142369 -1.678569 -0.021614 0.142369 -1.597514 0.054869 -0.066003 -1.579241 -0.076888 0.334249 -1.843605 -0.376111 0.703196 -2.483224 -0.022546 0.486164 -1.943428 0.682038 -1.867212 0.037416 0.917034 -1.397949 -1.583165 -0.518513 0.107827 -1.008090 1.018139 -1.316922 -0.998463 0.504296 -1.207345 -0.825111 -0.184967 0.029504 -0.793864 -0.794907 0.298662
0.000000 0.000000 0.000000 0.000000 0.000000 0.000000 -1.917546 -0.107853 0.322072 -1.677932 0.745511 -0.829319 -2.386348 -0.130108 0.168414 -1.759607 -0.435702 0.207913 -1.759607 -0.435702 0.207913 -1.854768 0.230372 -0.085813 -1.286041 -0.059036 0.191710 -1.713215 0.003775 0.148096 -1.713215 0.003775 0.148096 -1.607225 0.042299 -0.065998 -1.583409 -0.095631 0.331010 -1.849507 -0.370799 0.705935 -2.477111 -0.034612 0.474354 -1.921440 0.683380 -1.873885 0.099663 0.869249 -1.418852 -1.475619 -0.502407 0.115596 -0.964153 1.083755 -1.222913 -0.800325 0.553033 -1.011318 -0.825995 -0.200936 0.023400 -0.797599 -0.808994 0.292475
0.000000 0.000000 0.000000 0.000000 0.000000 0.000000 -1.930963 -0.113354 0.318789 -1.668380 0.744758 -0.858053 -2.337193 -0.120574 0.168854 -1.725688 -0.476417 0.182081 -1.725688 -0.476417 0.182081 -1.842708 0.224521 -0.089358 -1.243704 -0.066684 0.192719 -1.649481 -0.004775 0.145051 -1.649481 -0.004775 0.145051 -1.615870 0.046731 -0.067915 -1.603373 -0.065524 0.330115 -1.868607 -0.357487 0.697012 -2.560377 -0.021453 0.468277 -1.967645 0.607818 -1.926765 0.019590 0.851272 -1.505623 -1.545963 -0.491419 0.136175 -1.016264 1.064073 -1.277566 -1.105138 0.450284 -1.237458 -0.852772 -0.200892 0.040147 -0.818172 -0.806534 0.317614
0.000000 0.000000 0.000000 0.000000 0.000000 0.000000 -1.904930 -0.136832 0.295660 -1.642738 0.753233 -0.860524 -2.342866 -0.092852 0.149132 -1.740785 -0.487831 0.177418 -1.740785 -0.487831 0.177418 -1.815004 0.237589 -0.070565 -1.226850 -0.065281 0.193955 -1.643328 -0.006556 0.159419 -1.643328 -0.006556 0.159419 -1.595727 0.036805 -0.079378 -1.576509 -0.080524 0.326553 -1.838739 -0.366150 0.701114 -2.496810 -0.017614 0.473151 -1.950028 0.671227 -1.873531 0.067469 0.912204 -1.471300 -1.488076 -0.494920 0.143430 -0.978252 1.110321 -1.239831 -1.079390 0.489763 -1.227872 -0.801708 -0.197074 0.056205 -0.763109 -0.806972 0.316360
0.000000 0.000000 0.000000 0.000000 0.000000 0.000000 -1.916654 -0.129654 0.303918 -1.655189 0.754705 -0.871950 -2.363070 -0.082673 0.138863 -1.765194 -0.476312 0.156073 -1.765194 -0.476312 0.156073 -1.818395 0.225918 -0.067361 -1.218646 -0.072338 0.185276 -1.630406 -0.008166 0.156431 -1.630406 -0.008166 0.156431 -1.597161 0.051359 -0.073068 -1.573925 -0.069022 0.328710 -1.839623 -0.358182 0.698064 -2.530393 -0.008358 0.446171 -1.925334 0.656317 -1.943703 0.088719 0.833487 -1.495643 -1.458417 -0.495428 0.135949 -0.957995 1.122405 -1.216700 -1.061339 0.505559 -1.218852 -0.793213 -0.207991 0.042009 -0.759966 -0.818348 0.299785
0.000000 0.000000 0.000000 0.000000 0.000000 0.000000 -1.884061 -0.099383 0.301586 -1.646488 0.766740 -0.881888 -2.353779 -0.083903 0.131884 -1.753761 -0.449885 0.128959 -1.753761 -0.449885 0.128959 -1.793725 0.224381 -0.060274 -1.199636 -0.074366 0.198164 -1.614316 0.002895 0.152232 -1.614316 0.002895 0.152232 -1.604644 0.054390 -0.085698 -1.584305 -0.078895 0.312591 -1.852420 -0.356734 0.690019 -2.526591 -0.012381 0.478618 -1.938204 0.655024 -1.934008 0.083743 0.836505 -1.500776 -1.451496 -0.499705 0.142608 -0.954494 1.129406 -1.212039 -1.039548 0.519123 -1.194920 -0.814627 -0.231332 0.030554 -0.785567 -0.839820 0.296012
0.000000 0.000000 0.000000 0.000000 0.000000 0.000000 -1.935866 -0.106737 0.312477 -1.654356 0.776448 -0.897133 -2.340030 -0.060551 0.121524 -1.742044 -0.426890 0.101673 -1.742044 -0.426890 0.101673 -1.842151 0.227161 -0.086232 -1.241164 -0.057749 0.206452 -1.651775 0.007807 0.166083 -1.651775 0.007807 0.166083 -1.599497 0.047554 -0.070556 -1.577876 -0.079581 0.326213 -1.844010 -0.356075 0.696136 -2.486377 -0.019449 0.476533 -1.917466 0.690407 -1.903680 0.119948 0.855464 -1.478541 -1.445026 -0.488778 0.129972 -0.941037 1.144401 -1.216858 -1.044120 0.525481 -1.213363 -0.811601 -0.207208 0.043560 -0.777285 -0.816388 0.307490
0.000000 0.000000 0.000000 0.000000 0.000000 0.000000 -1.926232 -0.112999 0.308840 -1.646876 0.776715 -0.902679 -2.314665 -0.033218 0.111105 -1.727898 -0.421889 0.080522 -1.727898 -0.421889 0.080522 -1.831859 0.229703 -0.081042 -1.242504 -0.073146 0.189423 -1.656907 -0.002799 0.160820 -1.656907 -0.002799 0.160820 -1.610883 0.038865 -0.075645 -1.589682 -0.082316 0.330326 -1.853955 -0.359896 0.710762 -2.505297 -0.028598 0.457449 -1.928189 0.660879 -1.898014 0.100479 0.847268 -1.465059 -1.568341 -0.505865 0.140083 -1.015714 1.056640 -1.305700 -1.092210 0.456869 -1.206863 -0.781413 -0.207007 0.052181 -0.745119 -0.818299 0.305819
0.000000 0.000000 0.000000 0.000000 0.000000 0.000000 -1.889546 -0.138241 0.291988 -1.626951 0.784682 -0.924041 -2.345767 -0.030468 0.111433 -1.764383 -0.436336 0.079770 -1.764383 -0.436336 0.079770 -1.798189 0.214348 -0.070155 -1.210123 -0.052963 0.195940 -1.624783 0.014767 0.173045 -1.624783 0.014767 0.173045 -1.602893 0.048554 -0.076782 -1.588187 -0.081393 0.320887 -1.853647 -0.352616 0.699384 -2.495195 -0.006235 0.472719 -1.921407 0.692280 -1.917993 0.111470 0.861668 -1.502397 -1.503315 -0.503747 0.159911 -0.990682 1.105932 -1.251332 -1.080536 0.500921 -1.175354 -0.808831 -0.202831 0.037679 -0.776338 -0.812133 0.300706
0.000000 0.000000 0.000000 0.000000 0.000000 0.000000 -1.902272 -0.126918 0.299947 -1.622105 0.798959 -0.935213 -2.276485 0.013219 0.086826 -1.716146 -0.441221 0.054836 -1.716146 -0.441221 0.054836 -1.797546 0.236503 -0.078225 -1.215864 -0.051897 0.200825 -1.642358 0.022724 0.159627 -1.642358 0.022724 0.159627 -1.586459 0.032555 -0.078625 -1.579777 -0.091818 0.322805 -1.846992 -0.365255 0.698854 -2.533838 -0.003793 0.446798 -1.899866 0.665105 -1.983738 0.129210 0.774520 -1.495099 -1.525703 -0.497936 0.140624 -1.000506 1.079823 -1.265857 -1.007315 0.526797 -1.112580 -0.802696 -0.207533 0.041691 -0.769226 -0.817632 0.302813
0.000000 0.000000 0.000000 0.000000 0.000000 0.000000 -1.942332 -0.098523 0.318743 -1.671977 0.803334 -0.944501 -2.357572 0.005739 0.098681 -1.787243 -0.418089 0.062873 -1.787243 -0.418089 0.062873 -1.832578 0.210718 -0.099567 -1.247933 -0.061986 0.196041 -1.673534 0.030247 0.124762 -1.673534 0.030247 0.124762 -1.629962 0.054077 -0.075299 -1.619831 -0.080542 0.322155 -1.884411 -0.349170 0.707596 -2.588901 -0.038829 0.512956 -1.955737 0.573656 -1.982317 0.058600 0.757469 -1.522501 -1.601689 -0.504635 0.119614 -1.019978 1.033848 -1.339937 -1.065134 0.494600 -1.144067 -0.793020 -0.186811 0.067231 -0.750694 -0.796879 0.323856
0.000000 0.000000 0.000000 0.000000 0.000000 0.000000 -1.925276 -0.116296 0.310613 -1.641941 0.823240 -0.949257 -2.351705 0.025514 0.075174 -1.777591 -0.400595 0.068360 -1.777591 -0.400595 0.068360 -1.788294 0.228088 -0.102304 -1.194010 -0.061057 0.194158 -1.612274 -0.013201 0.150159 -1.612274 -0.013201 0.150159 -1.607342 0.035890 -0.077185 -1.596057 -0.098736 0.324032 -1.864723 -0.368939 0.707022 -2.502859 -0.029923 0.471745 -1.920344 0.666173 -1.910791 0.106313 0.870164 -1.522782 -1.537046 -0.498092 0.172821 -1.023092 1.088431 -1.270422 -1.092448 0.541227 -1.142212 -0.775491 -0.193444 0.070329 -0.732842 -0.805487 0.321481
0.000000 0.000000 0.000000 0.000000 0.000000 0.000000 -1.852563 -0.107760 0.287385 -1.627246 0.827931 -0.969271 -2.383839 0.048241 0.066020 -1.812586 -0.395862 0.077328 -1.812586 -0.395862 0.077328 -1.751391 0.202558 -0.080750 -1.194051 -0.049370 0.219024 -1.635539 0.014124 0.136595 -1.635539 0.014124 0.136595 -1.607066 0.046342 -0.091955 -1.610073 -0.081334 0.311488 -1.866284 -0.341396 0.701744 -2.539140 -0.006677 0.462073 -1.911276 0.655687 -1.980546 0.141808 0.769840 -1.545573 -1.500797 -0.507945 0.188688 -0.997079 1.126941 -1.252432 -1.107371 0.564412 -1.179923 -0.795174 -0.188688 0.069366 -0.752046 -0.799596 0.327116
0.000000 0.000000 0.000000 0.000000 0.000000 0.000000 -1.900385 -0.150141 0.290612 -1.622080 0.852230 -0.973238 -2.435759 0.058538 0.069442 -1.863617 -0.341098 0.049792 -1.863617 -0.341098 0.049792 -1.740860 0.234698 -0.094670 -1.183012 -0.059689 0.208193 -1.622761 -0.023399 0.139412 -1.622761 -0.023399 0.139412 -1.604921 0.009446 -0.085063 -1.613132 -0.104015 0.320067 -1.870754 -0.363763 0.704803 -2.572996 -0.033281 0.496821 -1.931036 0.599392 -1.991481 0.081350 0.763577 -1.519573 -1.528115 -0.521732 0.146453 -0.986859 1.079020 -1.277566 -0.998510 0.557286 -1.167915 -0.795173 -0.187515 0.067532 -0.752750 -0.797131 0.324755
0.000000 0.000000 0.000000 0.000000 0.000000 0.000000 -1.907496 -0.133539 0.297071 -1.613804 0.851451 -0.986058 -2.368561 0.062127 0.048694 -1.793707 -0.346587 0.025610 -1.793707 -0.346587 0.025610 -1.767940 0.211294 -0.084730 -1.223756 -0.040698 0.213827 -1.668014 -0.016000 0.127226 -1.668014 -0.016000 0.127226 -1.595124 0.016906 -0.083601 -1.596311 -0.083863 0.324961 -1.855462 -0.356861 0.704475 -2.564257 0.010772 0.466379 -1.924838 0.642793 -2.009089 0.102631 0.782034 -1.569277 -1.451820 -0.507677 0.161814 -0.963303 1.131816 -1.208036 -0.983528 0.586981 -1.159801 -0.774297 -0.207426 0.052420 -0.738173 -0.818894 0.303557
0.000000 0.000000 0.000000 0.000000 0.000000 0.000000 -1.898195 -0.124696 0.299015 -1.614682 0.864767 -0.996594 -2.375838 0.080685 0.047759 -1.809848 -0.344167 0.017269 -1.809848 -0.344167 0.017269 -1.749871 0.228600 -0.088672 -1.203739 -0.050050 0.217140 -1.643546 -0.024534 0.119158 -1.643546 -0.024534 0.119158 -1.605191 -0.003575 -0.086441 -1.616418 -0.106109 0.322150 -1.880177 -0.346671 0.716447 -2.584968 0.023244 0.480479 -1.962193 0.623486 -2.003148 0.071375 0.782841 -1.588864 -1.483417 -0.531600 0.158713 -0.958587 1.114654 -1.247765 -1.006381 0.547967 -1.196955 -0.793390 -0.213029 0.059081 -0.754772 -0.823307 0.316601
0.000000 0.000000 0.000000 0.000000 0.000000 0.000000 -1.858699 -0.103862 0.295709 -1.613438 0.867094 -1.006981 -2.371665 0.090240 0.030131 -1.810508 -0.334008 -0.016563 -1.810508 -0.334008 -0.016563 -1.725870 0.203073 -0.092054 -1.198396 -0.048390 0.223704 -1.642149 -0.021858 0.104685 -1.642149 -0.021858 0.104685 -1.603342 0.020322 -0.091461 -1.624528 -0.085469 0.320419 -1.887799 -0.339493 0.713769 -2.641686 0.000787 0.501086 -1.981205 0.546592 -2.037353 0.029049 0.735918 -1.600655 -1.507215 -0.520947 0.172551 -0.979942 1.117775 -1.268116 -1.050312 0.578197 -1.329114 -0.801277 -0.214686 0.050278 -0.765369 -0.824603 0.310741
0.000000 0.000000 0.000000 0.000000 0.000000 0.000000 -1.883652 -0.091526 0.289235 -1.610088 0.864187 -1.013607 -2.356550 0.092586 0.012515 -1.801667 -0.340672 -0.043301 -1.801667 -0.340672 -0.043301 -1.740669 0.201961 -0.103963 -1.202258 -0.044390 0.232097 -1.641463 -0.027484 0.111330 -1.641463 -0.027484 0.111330 -1.614325 0.042643 -0.097403 -1.620598 -0.073768 0.315577 -1.883328 -0.337114 0.711187 -2.572334 0.019668 0.486536 -1.976926 0.628690 -1.969035 0.064693 0.813202 -1.594238 -1.400081 -0.521500 0.134956 -0.880745 1.193358 -1.209961 -0.763526 0.749585 -1.332106 -0.793418 -0.239079 0.070572 -0.752087 -0.849576 0.328452
0.000000 0.000000 0.000000 0.000000 0.000000 0.000000 -1.869820 -0.107923 0.280872 -1.605474 0.876380 -1.015768 -2.384782 0.114441 0.004652 -1.837170 -0.329337 -0.061148 -1.837170 -0.329337 -0.061148 -1.718709 0.212574 -0.092774 -1.192923 -0.054543 0.226435 -1.640232 -0.050829 0.112348 -1.640232 -0.050829 0.112348 -1.624481 0.037055 -0.099626 -1.640502 -0.078341 0.311191 -1.904203 -0.339884 0.705648 -2.631659 0.023746 0.500105 -1.981009 0.573943 -2.043370 0.036085 0.740070 -1.612165 -1.555436 -0.525626 0.162687 -1.007816 1.068782 -1.297854 -0.897398 0.612068 -1.373088 -0.808213 -0.252086 0.076698 -0.764954 -0.862097 0.339922
0.000000 0.000000 0.000000 0.000000 0.000000 0.000000 -1.917240 -0.085289 0.315718 -1.616194 0.873375 -1.027009 -2.330484 0.110725 -0.023989 -1.789393 -0.330467 -0.118678 -1.789393 -0.330467 -0.118678 -1.755195 0.195234 -0.135032 -1.198484 -0.046171 0.237147 -1.638178 -0.024092 0.129784 -1.638178 -0.024092 0.129784 -1.604059 0.083509 -0.068781 -1.612426 -0.059592 0.333131 -1.875915 -0.350069 0.712474 -2.599178 0.050564 0.487557 -1.968980 0.629250 -2.035759 0.013875 0.703383 -1.652896 -1.524011 -0.528708 0.164772 -0.990353 1.087250 -1.273056 -0.856557 0.518426 -1.091356 -0.796158 -0.254401 0.084113 -0.750942 -0.864681 0.342948
0.000000 0.000000 0.000000 0.000000 0.000000 0.000000 -1.901183 -0.115146 0.262372 -1.602588 0.893957 -1.036936 -2.370174 0.126491 -0.033466 -1.836257 -0.333198 -0.119106 -1.836257 -0.333198 -0.119106 -1.717030 0.205495 -0.098004 -1.190389 -0.056737 0.226498 -1.648736 -0.013755 0.134163 -1.648736 -0.013755 0.134163 -1.587346 0.061370 -0.103345 -1.620831 -0.076330 0.306457 -1.884807 -0.323452 0.707087 -2.648329 0.069610 0.485601 -1.991455 0.589183 -2.079361 -0.008970 0.667807 -1.704076 -1.498962 -0.565391 0.219326 -0.977037 1.126517 -1.264183 -1.238565 -0.345633 -1.461644 -0.784704 -0.244264 0.102817 -0.733263 -0.855060 0.357149
0.000000 0.000000 0.000000 0.000000 0.000000 0.000000 -1.908834 -0.091896 0.260579 -1.614330 0.903266 -1.053222 -2.379895 0.136343 -0.037021 -1.839124 -0.304931 -0.127194 -1.839124 -0.304931 -0.127194 -1.732115 0.194703 -0.103364 -1.209247 -0.045929 0.227475 -1.653872 -0.015011 0.119456 -1.653872 -0.015011 0.119456 -1.588939 0.042319 -0.106401 -1.646217 -0.076796 0.306370 -1.909894 -0.320361 0.709027 -2.634416 0.035380 0.487921 -1.984630 0.579279 -2.046133 0.032470 0.751964 -1.715487 -1.445724 -0.558959 0.169634 -0.933684 1.125638 -1.216637 -1.134967 -0.677681 -1.625660 -0.818966 -0.244357 0.097737 -0.768459 -0.851433 0.363082
0.000000 0.000000 0.000000 0.000000 0.000000 0.000000 -1.965711 -0.062117 0.306569 -1.645870 0.931518 -1.061278 -2.407123 0.145331 -0.047170 -1.863095 -0.287355 -0.140120 -1.863095 -0.287355 -0.140120 -1.812568 0.196291 -0.152410 -1.303600 -0.032600 0.259836 -1.764495 0.095456 0.182799 -1.764495 0.095456 0.182799 -1.654755 0.065515 -0.079654 -1.628228 -0.087326 0.318683 -1.892803 -0.338447 0.714239 -2.595546 0.016868 0.513375 -1.949353 0.611989 -2.040670 0.077838 0.767711 -1.645760 -1.410217 -0.576771 0.134000 -0.880113 1.130907 -1.203010 -0.531085 -0.378426 -1.612161 -0.802043 -0.233360 0.105878 -0.749018 -0.840509 0.364694
0.000000 0.000000 0.000000 0.000000 0.000000 0.000000 -1.935854 -0.083032 0.286959 -1.615123 0.939918 -1.067127 -2.368618 0.158054 -0.071442 -1.827688 -0.292778 -0.134408 -1.827688 -0.292778 -0.134408 -1.762303 0.200466 -0.130656 -1.259055 -0.042605 0.251330 -1.714321 0.107016 0.179345 -1.714321 0.107016 0.179345 -1.636306 0.065366 -0.092894 -1.624135 -0.081331 0.309205 -1.890289 -0.338330 0.699991 -2.629926 0.019950 0.497325 -1.952050 0.579389 -2.072069 0.066766 0.692679 -1.664168 -1.432915 -0.530969 0.194718 -0.951373 1.161684 -1.201884 -1.190517 -0.770914 -1.491661 -0.791108 -0.244892 0.111559 -0.736891 -0.853471 0.367151
0.000000 0.000000 0.000000 0.000000 0.000000 0.000000 -1.899402 -0.093608 0.275510 -1.621127 0.947474 -1.073738 -2.398206 0.176345 -0.084359 -1.866695 -0.285054 -0.163131 -1.866695 -0.285054 -0.163131 -1.704283 0.188419 -0.122348 -1.198926 -0.053361 0.242875 -1.647949 0.069319 0.157767 -1.647949 0.069319 0.157767 -1.632645 0.089012 -0.088440 -1.601399 -0.061071 0.313243 -1.865968 -0.332674 0.697851 -2.631622 0.029194 0.534030 -1.967165 0.580070 -2.078152 0.016074 0.630636 -1.698018 -1.441365 -0.527903 0.186361 -0.943603 1.168235 -1.220141 -1.267261 -0.819426 -1.505641 -0.786534 -0.240614 0.102039 -0.735275 -0.850359 0.356535
0.000000 0.000000 0.000000 0.000000 0.000000 0.000000 -1.903323 -0.072269 0.291954 -1.653044 0.968176 -1.083814 -2.391869 0.186531 -0.078965 -1.866342 -0.287738 -0.159356 -1.866342 -0.287738 -0.159356 -1.719210 0.192341 -0.136762 -1.236328 -0.056805 0.261332 -1.693111 0.038794 0.157335 -1.693111 0.038794 0.157335 -1.637394 0.092451 -0.093599 -1.633018 -0.055106 0.310822 -1.895199 -0.324555 0.706157 -2.651219 0.032326 0.531205 -1.976192 0.560210 -2.090253 -0.000543 0.578084 -1.726269 -1.305723 -0.561135 0.179770 -0.864011 1.207510 -1.100226 -0.856696 -0.537768 -1.761860 -0.806398 -0.231647 0.122260 -0.747658 -0.839557 0.382658
0.000000 0.000000 0.000000 0.000000 0.000000 0.000000 -1.859024 -0.044291 0.296188 -1.646266 0.987875 -1.077787 -2.375708 0.200019 -0.107791 -1.862144 -0.300640 -0.175002 -1.862144 -0.300640 -0.175002 -1.667233 0.198125 -0.101606 -1.185423 -0.066807 0.241486 -1.633257 0.008512 0.120665 -1.633257 0.008512 0.120665 -1.601166 0.073923 -0.098816 -1.605043 -0.073282 0.298782 -1.874969 -0.339143 0.681986 -2.662889 0.045550 0.530949 -1.999420 0.552956 -2.085720 0.015913 0.585906 -1.723215 -1.436555 -0.518968 0.181183 -0.954923 1.153055 -1.200814 -1.322022 -0.830366 -1.682858 -0.790067 -0.265898 0.100710 -0.740151 -0.875585 0.357017
0.000000 0.000000 0.000000 0.000000 0.000000 0.000000 -1.926842 -0.042365 0.300776 -1.675932 0.998961 -1.096796 -2.347067 0.218463 -0.112359 -1.852787 -0.317719 -0.174220 -1.852787 -0.317719 -0.174220 -1.709928 0.183469 -0.144256 -1.214409 -0.057198 0.244305 -1.637261 -0.030214 0.120631 -1.637261 -0.030214 0.120631 -1.618641 0.080367 -0.079754 -1.627387 -0.049862 0.330291 -1.887733 -0.330872 0.722089 -2.640772 0.021823 0.542390 -1.970563 0.564108 -2.081862 -0.010469 0.557796 -1.761528 -1.324205 -0.558715 0.197606 -0.893235 1.193627 -1.103008 -0.936218 -0.576935 -1.692759 -0.795851 -0.262458 0.118922 -0.739733 -0.871186 0.376560
0.000000 0.000000 0.000000 0.000000 0.000000 0.000000 -1.908831 -0.082742 0.288657 -1.644497 1.024665 -1.106241 -2.345921 0.227803 -0.120325 -1.859119 -0.299267 -0.222368 -1.859119 -0.299267 -0.222368 -1.681040 0.205178 -0.148953 -1.191709 -0.056059 0.259541 -1.626385 -0.021583 0.129908 -1.626385 -0.021583 0.129908 -1.601857 0.040827 -0.111258 -1.647364 -0.072002 0.302991 -1.910908 -0.315027 0.707819 -2.624703 0.037266 0.554877 -1.973413 0.590771 -2.078197 0.046386 0.572674 -1.715527 -1.426891 -0.557738 0.156055 -0.903631 1.150759 -1.217973 -1.581559 -0.390624 -2.164325 -0.815562 -0.291441 0.113248 -0.762002 -0.898854 0.378266
0.000000 0.000000 0.000000 0.000000 0.000000 0.000000 -1.911690 -0.064917 0.286951 -1.660076 1.037639 -1.117254 -2.374589 0.249201 -0.109377 -1.890346 -0.272241 -0.221890 -1.890346 -0.272241 -0.221890 -1.694015 0.200490 -0.144810 -1.211344 -0.052006 0.267698 -1.652931 -0.008335 0.124753 -1.652931 -0.008335 0.124753 -1.605988 0.042661 -0.104931 -1.636483 -0.068823 0.305085 -1.900871 -0.313332 0.703937 -2.656180 0.030034 0.522699 -1.970719 0.554885 -2.096908 0.051349 0.554033 -1.719240 -1.370952 -0.531071 0.162582 -0.879770 1.214234 -1.179214 -1.598343 -0.301719 -2.133419 -0.808470 -0.263191 0.105887 -0.756432 -0.870391 0.367708
0.000000 0.000000 0.000000 0.000000 0.000000 0.000000 -1.935706 -0.062193 0.250007 -1.655050 1.044307 -1.131462 -2.402409 0.254661 -0.116369 -1.918059 -0.267653 -0.212288 -1.918059 -0.267653 -0.212288 -1.691473 0.211289 -0.151628 -1.198841 -0.065591 0.264635 -1.642466 -0.029740 0.133654 -1.642466 -0.029740 0.133654 -1.615979 0.052986 -0.098937 -1.650950 -0.064074 0.315578 -1.914314 -0.320614 0.716562 -2.624369 0.026315 0.577291 -1.991893 0.577984 -2.056580 0.053132 0.608599 -1.713928 -1.435579 -0.544278 0.146667 -0.907316 1.150432 -1.227092 -1.610979 -0.383216 -2.164405 -0.799622 -0.263455 0.125920 -0.741221 -0.871391 0.384510
0.000000 0.000000 0.000000 0.000000 0.000000 0.000000 -1.854047 -0.090887 0.250527 -1.621794 1.089898 -1.130220 -2.417870 0.282553 -0.140291 -1.940179 -0.286175 -0.176643 -1.940179 -0.286175 -0.176643 -1.635594 0.217050 -0.110187 -1.195297 -0.064808 0.250343 -1.676857 0.017573 0.140180 -1.676857 0.017573 0.140180 -1.589967 0.017608 -0.125530 -1.647505 -0.102671 0.285848 -1.914176 -0.309131 0.696110 -2.649983 0.036769 0.552158 -1.981525 0.562377 -2.094609 0.081936 0.611229 -1.672214 -1.435021 -0.542109 0.169816 -0.920624 1.163290 -1.223302 -1.723332 -0.246456 -2.209036 -0.794349 -0.260273 0.125021 -0.736258 -0.868526 0.381767
0.000000 0.000000 0.000000 0.000000 0.000000 0.000000 -1.906323 -0.056777 0.232440 -1.673186 1.097593 -1.145831 -2.458892 0.281192 -0.109537 -1.976408 -0.232383 -0.211973 -1.976408 -0.232383 -0.211973 -1.677949 0.201655 -0.128506 -1.229088 -0.072797 0.269389 -1.718725 0.067379 0.160729 -1.718725 0.067379 0.160729 -1.590181 0.049108 -0.132146 -1.666154 -0.059158 0.286289 -1.933444 -0.307499 0.690985 -2.690570 0.042112 0.571530 -1.984956 0.519739 -2.145171 0.079763 0.591106 -1.702545 -1.456901 -0.550743 0.158606 -0.923604 1.138579 -1.241876 -1.655117 -0.186115 -2.327096 -0.815764 -0.262295 0.136045 -0.753548 -0.869173 0.399899
0.000000 0.000000 0.000000 0.000000 0.000000 0.000000 -1.939049 -0.019661 0.195097 -1.664410 1.111388 -1.139548 -2.468075 0.294266 -0.116116 -2.000853 -0.227334 -0.266509 -2.000853 -0.227334 -0.266509 -1.662401 0.209665 -0.150332 -1.186741 -0.066108 0.264668 -1.640868 0.003026 0.144174 -1.640868 0.003026 0.144174 -1.624146 0.024048 -0.125173 -1.665962 -0.080364 0.293908 -1.931194 -0.311808 0.704425 -2.649928 0.047663 0.561867 -1.975417 0.570548 -2.114308 0.118695 0.593413 -1.661294 -1.437571 -0.544846 0.168788 -0.923913 1.154235 -1.221553 -1.627397 -0.145134 -2.340133 -0.843597 -0.288523 0.108405 -0.790927 -0.893131 0.382528
0.000000 0.000000 0.000000 0.000000 0.000000 0.000000 -1.919597 -0.021596 0.213444 -1.653200 1.123154 -1.143782 -2.466620 0.288134 -0.129417 -1.998770 -0.240099 -0.293550 -1.998770 -0.240099 -0.293550 -1.655324 0.194308 -0.109601 -1.190453 -0.060538 0.244758 -1.648493 0.002213 0.125382 -1.648493 0.002213 0.125382 -1.617806 0.010435 -0.129737 -1.660881 -0.088307 0.290516 -1.925308 -0.311803 0.700976 -2.716807 0.022973 0.569888 -1.984760 0.477820 -2.156212 0.071863 0.521618 -1.646081 -1.430866 -0.540165 0.178803 -0.923733 1.171891 -1.219163 -1.657042 -0.127886 -2.325942 -0.843357 -0.262812 0.116910 -0.786748 -0.867647 0.390329
0.000000 0.000000 0.000000 0.000000 0.000000 0.000000 -1.933061 -0.034021 0.154166 -1.636296 1.133867 -1.170266 -2.489771 0.300890 -0.132917 -2.019140 -0.211768 -0.293217 -2.019140 -0.211768 -0.293217 -1.651271 0.202128 -0.113176 -1.203264 -0.064566 0.231391 -1.673225 -0.004895 0.152566 -1.673225 -0.004895 0.152566 -1.603841 0.021622 -0.116332 -1.648890 -0.085448 0.299322 -1.913193 -0.309666 0.706783 -2.650104 0.071066 0.531937 -1.971957 0.589641 -2.124635 0.128205 0.593422 -1.666627 -1.461062 -0.543050 0.174726 -0.928302 1.162152 -1.253373 -1.667384 -0.132227 -2.363709 -0.826122 -0.273412 0.124791 -0.767717 -0.880178 0.392832
0.000000 0.000000 0.000000 0.000000 0.000000 0.000000 -1.917334 -0.004251 0.160107 -1.661700 1.141445 -1.194845 -2.493211 0.303522 -0.119026 -2.003570 -0.186781 -0.301924 -2.003570 -0.186781 -0.301924 -1.655979 0.175169 -0.103885 -1.213640 -0.063522 0.243559 -1.686244 0.040172 0.137871 -1.686244 0.040172 0.137871 -1.594417 0.051587 -0.120664 -1.656342 -0.067249 0.294929 -1.922449 -0.308804 0.702026 -2.721400 0.062515 0.530802 -1.983884 0.503502 -2.178514 0.080333 0.536257 -1.681319 -1.389987 -0.534064 0.170273 -0.887527 1.214357 -1.200392 -1.627377 -0.044209 -2.342154 -0.808504 -0.261356 0.134688 -0.746812 -0.869244 0.396318
0.000000 0.000000 0.000000 0.000000 0.000000 0.000000 -1.956254 -0.002266 0.118052 -1.629553 1.156415 -1.187942 -2.493553 0.316273 -0.138896 -2.005560 -0.180852 -0.317174 -2.005560 -0.180852 -0.317174 -1.673764 0.219672 -0.137496 -1.227727 -0.077028 0.250174 -1.699023 0.024549 0.155917 -1.699023 0.024549 0.155917 -1.624877 0.008799 -0.100812 -1.661472 -0.090774 0.321880 -1.920790 -0.320128 0.734670 -2.656893 0.047531 0.565113 -1.962905 0.564872 -2.137366 0.134085 0.570321 -1.680406 -1.458020 -0.535154 0.183576 -0.939163 1.166168 -1.244545 -1.703120 -0.131844 -2.337653 -0.793380 -0.253721 0.124509 -0.735008 -0.863494 0.381403
0.000000 0.000000 0.000000 0.000000 0.000000 0.000000 -1.954272 -0.036189 0.124453 -1.630016 1.166587 -1.221438 -2.519390 0.329636 -0.134243 -2.031415 -0.162314 -0.345025 -2.031415 -0.162314 -0.345025 -1.674643 0.178420 -0.136543 -1.244431 -0.054485 0.254609 -1.708185 0.060852 0.161639 -1.708185 0.060852 0.161639 -1.625677 0.042633 -0.077256 -1.657555 -0.076640 0.333254 -1.918907 -0.321506 0.732679 -2.638116 0.036941 0.564860 -1.945577 0.581150 -2.129205 0.179556 0.531400 -1.641812 -1.248033 -0.554855 0.123428 -0.778171 1.254878 -1.088424 -1.238695 0.919854 -1.459244 -0.802525 -0.260025 0.106656 -0.749949 -0.869915 0.367375
0.000000 0.000000 0.000000 0.000000 0.000000 0.000000 -1.969927 -0.006245 0.147746 -1.656405 1.185428 -1.212680 -2.503341 0.330169 -0.127295 -2.016665 -0.152555 -0.362305 -2.016665 -0.152555 -0.362305 -1.655493 0.201124 -0.135365 -1.198917 -0.077481 0.247744 -1.655132 0.021578 0.169356 -1.655132 0.021578 0.169356 -1.638241 0.036069 -0.095938 -1.671816 -0.080948 0.319215 -1.931380 -0.310886 0.729679 -2.721515 0.044703 0.598559 -1.987740 0.482642 -2.184963 0.101689 0.474437 -1.661227 -1.434027 -0.550044 0.161408 -0.910066 1.158699 -1.226474 -1.337880 0.809044 -1.623123 -0.807655 -0.279152 0.084869 -0.763151 -0.886828 0.347280
0.000000 0.000000 0.000000 0.000000 0.000000 0.000000 -1.939378 0.012652 0.157375 -1.655627 1.213989 -1.199227 -2.508979 0.339184 -0.144061 -2.022074 -0.130244 -0.376091 -2.022074 -0.130244 -0.376091 -1.648090 0.202535 -0.136282 -1.206649 -0.076998 0.276455 -1.682824 0.051905 0.156961 -1.682824 0.051905 0.156961 -1.627266 0.012754 -0.126353 -1.674024 -0.090718 0.294116 -1.937420 -0.309926 0.708899 -2.599341 0.066137 0.528331 -1.919046 0.650698 -2.125857 0.200345 0.602299 -1.687025 -1.415349 -0.545329 0.184821 -0.910840 1.190479 -1.212864 -1.567729 0.036926 -2.285498 -0.794394 -0.291137 0.129277 -0.735999 -0.900399 0.387094
0.000000 0.000000 0.000000 0.000000 0.000000 0.000000 -1.956809 0.014602 0.165389 -1.655073 1.234071 -1.215957 -2.511392 0.341985 -0.145675 -2.015030 -0.133596 -0.375938 -2.015030 -0.133596 -0.375938 -1.631287 0.223558 -0.151698 -1.151762 -0.094261 0.283008 -1.608120 0.012753 0.145994 -1.608120 0.012753 0.145994 -1.642921 0.003859 -0.111188 -1.669800 -0.101736 0.303535 -1.929442 -0.299300 0.717657 -2.620444 0.065122 0.544731 -1.935696 0.623216 -2.135619 0.169379 0.598859 -1.688928 -1.438965 -0.549476 0.192436 -0.921736 1.183770 -1.236073 -1.691672 -0.084514 -2.331245 -0.777608 -0.249158 0.133329 -0.716835 -0.858193 0.383947
0.000000 0.000000 0.000000 0.000000 0.000000 0.000000 -1.909830 -0.010155 0.137909 -1.621836 1.235111 -1.226281 -2.498361 0.329349 -0.177405 -2.006552 -0.099187 -0.395732 -2.006552 -0.099187 -0.395732 -1.637273 0.189437 -0.099130 -1.225565 -0.070904 0.254061 -1.705736 0.081701 0.136714 -1.705736 0.081701 0.136714 -1.608785 0.018088 -0.117422 -1.666642 -0.082910 0.303169 -1.930295 -0.311508 0.715224 -2.663828 0.062772 0.577723 -1.967806 0.565477 -2.156118 0.139684 0.567090 -1.739254 -1.375119 -0.531780 0.179435 -0.891390 1.219884 -1.180389 -1.664598 -0.020630 -2.308850 -0.778633 -0.270327 0.135606 -0.717750 -0.880407 0.387462
0.000000 0.000000 0.000000 0.000000 0.000000 0.000000 -1.955878 -0.017392 0.125941 -1.663958 1.235124 -1.273919 -2.520911 0.333948 -0.169267 -1.999909 -0.095196 -0.411953 -1.999909 -0.095196 -0.411953 -1.688330 0.146147 -0.127499 -1.265683 -0.066995 0.248995 -1.733904 0.087512 0.144726 -1.733904 0.087512 0.144726 -1.616603 0.088959 -0.091167 -1.695677 -0.038940 0.326748 -1.955575 -0.297265 0.734451 -2.716019 0.065427 0.594272 -1.984735 0.503312 -2.197762 0.126633 0.495368 -1.770894 -1.399557 -0.546580 0.149048 -0.867955 1.203144 -1.220116 -1.497539 -0.041224 -2.413792 -0.805573 -0.282564 0.124796 -0.748075 -0.890742 0.386111
0.000000 0.000000 0.000000 0.000000 0.000000 0.000000 -1.948987 0.006832 0.126076 -1.653595 1.256572 -1.255624 -2.532615 0.334541 -0.179914 -2.016132 -0.084438 -0.473838 -2.016132 -0.084438 -0.473838 -1.665330 0.175932 -0.126872 -1.238524 -0.079572 0.257299 -1.704588 0.062980 0.156790 -1.704588 0.062980 0.156790 -1.610780 0.063683 -0.092439 -1.675444 -0.066972 0.315341 -1.935712 -0.296944 0.722700 -2.631918 0.093388 0.540862 -1.939798 0.629769 -2.163849 0.179879 0.574732 -1.769541 -1.439216 -0.552218 0.144060 -0.886814 1.169319 -1.250221 -1.466419 -0.081258 -2.447303 -0.797688 -0.279441 0.111173 -0.744863 -0.887323 0.369615
0.000000 0.000000 0.000000 0.000000 0.000000 0.000000 -2.010525 0.047068 0.126112 -1.672984 1.296238 -1.264803 -2.535428 0.350900 -0.196231 -2.008989 -0.052069 -0.431539 -2.008989 -0.052069 -0.431539 -1.689607 0.175922 -0.155364 -1.252399 -0.078387 0.271494 -1.712175 0.069094 0.143832 -1.712175 0.069094 0.143832 -1.683269 0.039622 -0.093036 -1.710299 -0.069575 0.321637 -1.969563 -0.295002 0.735123 -2.699822 0.044027 0.544921 -1.932277 0.521640 -2.204266 0.184059 0.467515 -1.729430 -1.384675 -0.559266 0.136529 -0.845005 1.203297 -1.213313 -1.330086 0.055592 -2.554658 -0.790499 -0.248578 0.135682 -0.728481 -0.857451 0.390853
0.000000 0.000000 0.000000 0.000000 0.000000 0.000000 -1.942609 0.012100 0.089061 -1.644075 1.320013 -1.274227 -2.513173 0.349390 -0.191463 -2.001956 -0.031475 -0.432458 -2.001956 -0.031475 -0.432458 -1.637054 0.181339 -0.123911 -1.259470 -0.071634 0.295971 -1.773098 0.121488 0.210024 -1.773098 0.121488 0.210024 -1.616523 0.007112 -0.122482 -1.683060 -0.081210 0.299070 -1.947059 -0.302243 0.714967 -2.683790 0.063954 0.537830 -1.925483 0.554701 -2.208701 0.200708 0.459408 -1.707512 -1.276288 -0.571416 0.175281 -0.836878 1.224507 -1.082985 -0.895883 -0.004449 -2.256975 -0.797828 -0.239763 0.122768 -0.739435 -0.848613 0.380613
0.000000 0.000000 0.000000 0.000000 0.000000 0.000000 -1.973267 0.071745 0.067965 -1.675785 1.339431 -1.284634 -2.531148 0.339780 -0.201007 -1.983354 -0.019214 -0.426783 -1.983354 -0.019214 -0.426783 -1.636747 0.163972 -0.139396 -1.240441 -0.083259 0.267107 -1.728144 0.126170 0.187704 -1.728144 0.126170 0.187704 -1.636805 0.050699 -0.092607 -1.686664 -0.062676 0.326527 -1.944873 -0.303825 0.740744 -2.613698 0.087340 0.555808 -1.949274 0.642581 -2.134998 0.215195 0.555207 -1.740523 -1.405764 -0.544894 0.178810 -0.888864 1.214898 -1.221257 -1.519428 -0.151141 -2.204490 -0.811949 -0.245843 0.124329 -0.753882 -0.847088 0.384167
0.000000 0.000000 0.000000 0.000000 0.000000 0.000000 -1.989496 0.047605 0.028743 -1.650503 1.354296 -1.282794 -2.509020 0.348928 -0.196478 -2.053544 -0.033282 -0.435593 -2.053544 -0.033282 -0.435593 -1.666080 0.185223 -0.129295 -1.281171 -0.078971 0.262571 -1.766525 0.128533 0.237149 -1.766525 0.128533 0.237149 -1.650038 0.013386 -0.101369 -1.698943 -0.075808 0.320761 -1.960293 -0.312663 0.732431 -2.644744 0.069332 0.572116 -1.908245 0.601482 -2.206407 0.231919 0.489564 -1.751775 -1.388669 -0.558223 0.153749 -0.857345 1.210093 -1.214151 -1.522008 -0.128329 -2.244752 -0.804019 -0.246681 0.133754 -0.742182 -0.854714 0.393483
0.000000 0.000000 0.000000 0.000000 0.000000 0.000000 -1.945141 0.100143 0.056751 -1.664231 1.378991 -1.255949 -2.483293 0.364895 -0.202870 -2.015712 -0.064792 -0.480714 -2.015712 -0.064792 -0.480714 -1.619520 0.199150 -0.123793 -1.246594 -0.104175 0.286783 -1.729355 0.116011 0.219376 -1.729355 0.116011 0.219376 -1.627501 0.008944 -0.109856 -1.656347 -0.084717 0.311143 -1.917354 -0.310381 0.723912 -2.658767 0.094598 0.571679 -1.931633 0.598392 -2.214499 0.218438 0.475992 -1.767321 -1.094236 -0.561640 0.230467 -0.756347 1.407248 -0.949646 -1.142480 0.546474 -1.752404 -0.771238 -0.243590 0.122936 -0.713523 -0.855205 0.372353
0.000000 0.000000 0.000000 0.000000 0.000000 0.000000 -1.974211 0.079318 0.013454 -1.650577 1.392869 -1.280377 -2.493637 0.348595 -0.191076 -2.025317 -0.026508 -0.518029 -2.025317 -0.026508 -0.518029 -1.638641 0.178224 -0.120482 -1.230747 -0.092422 0.263980 -1.687831 0.105209 0.190838 -1.687831 0.105209 0.190838 -1.645097 -0.004852 -0.111718 -1.705759 -0.083698 0.314694 -1.967214 -0.311793 0.732938 -2.707073 0.094918 0.577516 -1.954686 0.538596 -2.239072 0.194220 0.429785 -1.794494 -1.485260 -0.549353 0.161230 -0.921148 1.151589 -1.285712 -1.566677 -0.353212 -2.185072 -0.795354 -0.243682 0.124667 -0.736749 -0.851421 0.381198
0.000000 0.000000 0.000000 0.000000 0.000000 0.000000 -1.888553 0.123817 0.054885 -1.658306 1.442445 -1.268016 -2.469769 0.356916 -0.218976 -1.966666 -0.076271 -0.514895 -1.966666 -0.076271 -0.514895 -1.580976 0.195268 -0.106205 -1.216414 -0.118210 0.296653 -1.682006 0.075146 0.143379 -1.682006 0.075146 0.143379 -1.600621 -0.008229 -0.143044 -1.683193 -0.100046 0.282091 -1.948038 -0.299604 0.706434 -2.661231 0.102659 0.532002 -1.956418 0.601659 -2.179422 0.223221 0.506932 -1.841997 -1.250323 -0.569538 0.172897 -0.804096 1.272336 -1.082988 -1.011117 0.036425 -2.377142 -0.832629 -0.240649 0.118816 -0.774881 -0.845273 0.387647
0.000000 0.000000 0.000000 0.000000 0.000000 0.000000 -1.884426 0.145489 0.029780 -1.647642 1.435648 -1.299703 -2.477730 0.344314 -0.227832 -1.966792 -0.093924 -0.569292 -1.966792 -0.093924 -0.569292 -1.604074 0.155427 -0.092244 -1.275675 -0.104255 0.307111 -1.772314 0.136211 0.130773 -1.772314 0.136211 0.130773 -1.584970 0.022150 -0.135028 -1.667184 -0.059858 0.289774 -1.930944 -0.285788 0.707920 -2.631351 0.129430 0.544628 -1.930110 0.655681 -2.204733 0.247127 0.526257 -1.859142 -1.101795 -0.571849 0.192876 -0.725147 1.390820 -0.969705 -1.127943 0.727422 -1.942232 -0.795410 -0.228704 0.145601 -0.729287 -0.836686 0.401565
0.000000 0.000000 0.000000 0.000000 0.000000 0.000000 -2.080147 0.199772 0.036032 -1.701898 1.447490 -1.335333 -2.517862 0.362739 -0.222297 -2.005799 -0.074176 -0.538845 -2.005799 -0.074176 -0.538845 -1.714605 0.154436 -0.252897 -1.292368 -0.102261 0.326642 -1.746795 0.093980 0.215684 -1.746795 0.093980 0.215684 -1.757916 0.050718 -0.062140 -1.737205 -0.030184 0.363144 -1.979552 -0.299743 0.770611 -2.718566 0.107095 0.547989 -1.917326 0.541130 -2.288336 0.210560 0.446075 -1.869999 -1.203796 -0.587617 0.194167 -0.773698 1.324863 -1.056782 -1.089805 0.829369 -1.895713 -0.833247 -0.237378 0.167479 -0.766796 -0.798202 0.416409
0.000000 0.000000 0.000000 0.000000 0.000000 0.000000 -2.027023 0.159853 -0.010687 -1.630239 1.445964 -1.330055 -2.479257 0.353877 -0.246782 -1.981586 -0.108229 -0.535809 -1.981586 -0.108229 -0.535809 -1.630996 0.168242 -0.179895 -1.229611 -0.100287 0.298399 -1.690974 0.065775 0.185133 -1.690974 0.065775 0.185133 -1.706202 0.007114 -0.078671 -1.691488 -0.051371 0.353493 -1.945758 -0.297005 0.771999 -2.675078 0.136840 0.552560 -1.953790 0.606064 -2.232281 0.217414 0.494208 -1.896350 -1.210447 -0.602447 0.216849 -0.775605 1.345542 -1.072829 -0.906935 1.229679 -1.613608 -0.804140 -0.253576 0.126127 -0.747031 -0.848307 0.380505
0.000000 0.000000 0.000000 0.000000 0.000000 0.000000 -2.127162 0.226116 0.043476 -1.736106 1.442516 -1.380944 -2.501968 0.349138 -0.249787 -1.972451 -0.065538 -0.549574 -1.972451 -0.065538 -0.549574 -1.744702 0.077276 -0.266203 -1.303461 -0.089262 0.290824 -1.729645 0.071342 0.195160 -1.729645 0.071342 0.195160 -1.788039 0.142334 0.007265 -1.714299 0.043821 0.429278 -1.948988 -0.283108 0.822832 -2.546221 0.129373 0.567865 -1.968773 0.739129 -2.075053 0.202496 0.748067 -1.915907 -1.263256 -0.633717 0.206528 -0.778169 1.301441 -1.125641 -0.793427 1.313958 -1.354545 -0.817797 -0.241470 0.126729 -0.759971 -0.833142 0.384393
0.000000 0.000000 0.000000 0.000000 0.000000 0.000000 -2.002066 0.246362 0.066594 -1.679433 1.494774 -1.329529 -2.478842 0.347807 -0.251400 -1.971436 -0.078162 -0.549879 -1.971436 -0.078162 -0.549879 -1.639964 0.131774 -0.190165 -1.226699 -0.093181 0.327186 -1.684591 0.083251 0.175500 -1.684591 0.083251 0.175500 -1.759866 0.049341 -0.079138 -1.710479 -0.062189 0.337567 -1.967271 -0.289605 0.757508 -2.643036 0.129503 0.574258 -1.952144 0.635670 -2.204717 0.184209 0.631756 -1.948948 -1.383216 -0.541250 0.128917 -0.817537 1.255585 -1.243649 -0.782520 1.281153 -1.452465 -0.841861 -0.271811 0.083234 -0.799168 -0.857516 0.348152
0.000000 0.000000 0.000000 0.000000 0.000000 0.000000 -1.903693 0.140659 -0.031424 -1.578470 1.451541 -1.354358 -2.460460 0.362766 -0.267326 -2.033268 -0.046252 -0.538033 -2.033268 -0.046252 -0.538033 -1.579065 0.136982 -0.091909 -1.269838 -0.081701 0.281781 -1.799072 0.152783 0.179235 -1.799072 0.152783 0.179235 -1.698924 0.020292 -0.107029 -1.692296 -0.080031 0.315697 -1.951847 -0.288674 0.738254 -2.536549 0.157366 0.560903 -1.963887 0.770720 -2.089353 0.192628 0.828840 -1.991638 -1.307040 -0.546741 0.182942 -0.808886 1.325826 -1.173014 -0.394883 1.823348 -0.969738 -0.823147 -0.273250 0.116703 -0.767284 -0.881589 0.384461
0.000000 0.000000 0.000000 0.000000 0.000000 0.000000 -2.114030 0.216549 0.007863 -1.663356 1.452540 -1.405546 -2.495206 0.342065 -0.276645 -1.983512 -0.081261 -0.574160 -1.983512 -0.081261 -0.574160 -1.706759 0.121328 -0.229287 -1.283306 -0.126711 0.276791 -1.736233 0.105023 0.190759 -1.736233 0.105023 0.190759 -1.774061 0.093789 -0.013862 -1.739917 0.006416 0.413911 -1.978120 -0.293138 0.819227 -2.610082 0.133753 0.570107 -1.926774 0.680235 -2.201160 0.195799 0.746944 -2.026239 -1.452881 -0.622682 0.205716 -0.875806 1.184942 -1.281190 -0.563440 1.696465 -1.013324 -0.803908 -0.250358 0.140962 -0.742083 -0.843907 0.394464
0.000000 0.000000 0.000000 0.000000 0.000000 0.000000 -2.122547 0.274556 0.080472 -1.685225 1.495498 -1.409197 -2.532948 0.378609 -0.247587 -2.041285 -0.077310 -0.554963 -2.041285 -0.077310 -0.554963 -1.749674 0.101255 -0.274643 -1.337770 -0.101184 0.325465 -1.791420 0.163811 0.211973 -1.791420 0.163811 0.211973 -1.826957 0.080190 -0.022387 -1.734893 -0.007414 0.397925 -1.979524 -0.303044 0.800531 -2.610647 0.151234 0.547590 -1.937125 0.691986 -2.193725 0.129768 0.787447 -2.074140 -1.432336 -0.559250 0.129318 -0.835638 1.215676 -1.284763 -0.747098 1.509341 -1.075006 -0.799639 -0.213725 0.135146 -0.735517 -0.826061 0.394312
0.000000 0.000000 0.000000 0.000000 0.000000 0.000000 -2.098551 0.299682 0.044609 -1.704025 1.500320 -1.410316 -2.527241 0.379299 -0.265160 -2.018791 -0.070452 -0.599845 -2.018791 -0.070452 -0.599845 -1.727061 0.088510 -0.252561 -1.258787 -0.115918 0.285320 -1.674672 0.106192 0.198589 -1.674672 0.106192 0.198589 -1.840291 0.104890 0.001210 -1.747421 0.016299 0.429038 -1.980837 -0.305983 0.830160 -2.698642 0.134774 0.575880 -1.997548 0.568683 -2.214689 0.072295 0.802907 -2.113459 -1.416882 -0.602754 0.200080 -0.851506 1.233994 -1.264236 -0.717371 1.684024 -0.996966 -0.811170 -0.240018 0.126617 -0.753454 -0.832396 0.382192
0.000000 0.000000 0.000000 0.000000 0.000000 0.000000 -2.060493 0.348096 0.077959 -1.696506 1.520226 -1.400792 -2.528929 0.390435 -0.230721 -2.071944 -0.055645 -0.564288 -2.071944 -0.055645 -0.564288 -1.695748 0.101242 -0.288000 -1.216910 -0.108574 0.350568 -1.628999 0.048292 0.201090 -1.628999 0.048292 0.201090 -1.823402 0.083433 0.000202 -1.699281 -0.014984 0.414838 -1.942102 -0.311546 0.812987 -2.323411 0.238994 0.515384 -1.944393 1.038295 -1.869645 0.115138 1.436407 -2.150968 -1.390995 -0.517204 0.182122 -0.859916 1.293736 -1.245850 -0.682421 1.845291 -0.976877 -0.832949 -0.256391 0.081350 -0.788121 -0.861221 0.351386
0.000000 0.000000 0.000000 0.000000 0.000000 0.000000 -2.118380 0.352144 0.056193 -1.713205 1.518087 -1.431816 -2.547956 0.376958 -0.233377 -2.053968 -0.031884 -0.576009 -2.053968 -0.031884 -0.576009 -1.773225 0.068356 -0.279813 -1.337363 -0.095286 0.309856 -1.770361 0.138239 0.202080 -1.770361 0.138239 0.202080 -1.855899 0.108984 0.035406 -1.726229 0.006326 0.451650 -1.958969 -0.314062 0.847359 -2.354384 0.207850 0.500698 -1.921974 0.993122 -1.912668 0.106115 1.513548 -2.154080 -1.387269 -0.536286 0.165152 -0.845009 1.270245 -1.240021 -0.370611 2.315881 -0.630088 -0.829107 -0.240418 0.102560 -0.777204 -0.842195 0.369113
0.000000 0.000000 0.000000 0.000000 0.000000 0.000000 -2.070725 0.361337 -0.006387 -1.627074 1.502442 -1.430998 -2.506840 0.365995 -0.246248 -2.078758 -0.014492 -0.565947 -2.078758 -0.014492 -0.565947 -1.708945 0.117367 -0.224315 -1.286203 -0.115284 0.295736 -1.723222 0.125453 0.186363 -1.723222 0.125453 0.186363 -1.845027 0.007253 -0.017915 -1.753662 -0.050214 0.416693 -1.994891 -0.321461 0.837167 -2.643364 0.154005 0.542351 -1.917246 0.659765 -2.250327 0.137626 1.205466 -2.243195 -1.491972 -0.548397 0.135480 -0.873280 1.187824 -1.333537 -0.804645 1.543145 -0.987381 -0.784944 -0.242904 0.110690 -0.731138 -0.851592 0.364064
0.000000 0.000000 0.000000 0.000000 0.000000 0.000000 -2.144923 0.370980 -0.032626 -1.667402 1.513410 -1.486495 -2.547545 0.372319 -0.240787 -2.060287 -0.022146 -0.560065 -2.060287 -0.022146 -0.560065 -1.759344 0.065960 -0.289177 -1.293141 -0.114833 0.297665 -1.700841 0.114335 0.218581 -1.700841 0.114335 0.218581 -1.867339 0.117837 0.058171 -1.752788 0.019086 0.474714 -1.977104 -0.328154 0.860448 -2.686773 0.187853 0.577045 -1.999992 0.615001 -2.243738 -0.082455 1.237537 -2.411828 -1.460032 -0.544282 0.148881 -0.858984 1.226962 -1.313149 -0.878236 1.250813 -1.205990 -0.786604 -0.212733 0.115883 -0.733730 -0.793421 0.357516
0.000000 0.000000 0.000000 0.000000 0.000000 0.000000 -2.091990 0.383893 -0.011938 -1.663843 1.516680 -1.475508 -2.545141 0.378995 -0.242200 -2.078486 -0.015922 -0.567964 -2.078486 -0.015922 -0.567964 -1.720184 0.078777 -0.279949 -1.258871 -0.120593 0.308211 -1.672844 0.106109 0.200239 -1.672844 0.106109 0.200239 -1.854533 0.127845 0.052606 -1.739004 0.006652 0.469436 -1.966154 -0.346090 0.857260 -2.693861 0.165728 0.608968 -2.001002 0.587177 -2.244906 -0.128882 1.235455 -2.435775 -1.424052 -0.529302 0.165621 -0.859439 1.262173 -1.278311 -0.867757 1.328084 -1.235434 -0.788425 -0.243517 0.107935 -0.740680 -0.812474 0.346021
0.000000 0.000000 0.000000 0.000000 0.000000 0.000000 -2.129836 0.377455 -0.017547 -1.652340 1.521902 -1.491009 -2.547357 0.386359 -0.239136 -2.084503 -0.000995 -0.576350 -2.084503 -0.000995 -0.576350 -1.747621 0.079503 -0.276657 -1.275969 -0.115991 0.296486 -1.684844 0.098026 0.194668 -1.684844 0.098026 0.194668 -1.856326 0.119367 0.069715 -1.741937 0.005856 0.482082 -1.967131 -0.343993 0.863261 -2.686582 0.187850 0.592432 -1.996269 0.612749 -2.254323 -0.076722 1.259726 -2.456959 -1.403343 -0.537370 0.184922 -0.867871 1.263742 -1.247442 -0.868023 1.350775 -1.216535 -0.799147 -0.249636 0.093459 -0.757937 -0.800417 0.327762
0.000000 0.000000 0.000000 0.000000 0.000000 0.000000 -2.134538 0.352251 -0.080805 -1.593205 1.495724 -1.539515 -2.550470 0.372703 -0.233174 -2.097723 0.020078 -0.601872 -2.097723 0.020078 -0.601872 -1.766927 0.094491 -0.263467 -1.310180 -0.121472 0.309481 -1.742015 0.131811 0.202794 -1.742015 0.131811 0.202794 -1.849558 0.109774 0.055482 -1.751179 0.010136 0.475177 -1.976905 -0.332928 0.867547 -2.700246 0.200429 0.546421 -1.968640 0.614505 -2.289943 0.048812 1.282863 -2.429589 -1.363104 -0.564583 0.155156 -0.801038 1.287136 -1.236814 0.007686 1.945625 -0.897111 -0.807009 -0.265652 0.103459 -0.770383 -0.756460 0.314674
0.000000 0.000000 0.000000 0.000000 0.000000 0.000000 -2.159590 0.366685 -0.065225 -1.615526 1.500086 -1.534025 -2.541082 0.360826 -0.231605 -2.043938 0.018683 -0.624791 -2.043938 0.018683 -0.624791 -1.754746 0.090011 -0.289513 -1.265639 -0.137000 0.294510 -1.662751 0.064904 0.200516 -1.662751 0.064904 0.200516 -1.848229 0.142994 0.089180 -1.741622 0.022542 0.502982 -1.959006 -0.351365 0.874744 -2.596332 0.237372 0.557357 -2.007648 0.753315 -2.169141 0.068077 1.488225 -2.476124 -1.393698 -0.521491 0.181889 -0.852712 1.299665 -1.255546 -0.039648 1.979963 -0.957915 -0.774784 -0.274597 0.099939 -0.738315 -0.781024 0.308318
0.000000 0.000000 0.000000 0.000000 0.000000 0.000000 -2.120430 0.368052 -0.099580 -1.565517 1.494356 -1.543812 -2.536731 0.363893 -0.236776 -2.061645 -0.003246 -0.614363 -2.061645 -0.003246 -0.614363 -1.751163 0.114883 -0.229945 -1.302415 -0.134375 0.292910 -1.750833 0.128535 0.202074 -1.750833 0.128535 0.202074 -1.817969 0.096289 0.061502 -1.731014 0.001768 0.485722 -1.956910 -0.344547 0.878588 -2.609831 0.219986 0.598937 -2.037427 0.716920 -2.153846 -0.051457 1.433908 -2.587716 -1.398397 -0.523531 0.188483 -0.860666 1.294910 -1.256164 -0.189154 2.083920 -0.588968 -0.788717 -0.301216 0.062296 -0.763531 -0.802990 0.273593
0.000000 0.000000 0.000000 0.000000 0.000000 0.000000 -2.160916 0.411436 -0.109584 -1.567612 1.494861 -1.579310 -2.554443 0.361119 -0.241628 -2.084266 -0.016552 -0.591571 -2.084266 -0.016552 -0.591571 -1.787531 0.087414 -0.318418 -1.320353 -0.115587 0.333045 -1.745137 0.138682 0.229526 -1.745137 0.138682 0.229526 -1.830154 0.105214 0.076690 -1.748451 0.014514 0.494011 -1.970758 -0.326082 0.884861 -2.615544 0.249122 0.564644 -2.025961 0.735751 -2.181929 -0.010412 1.423120 -2.659799 -1.400287 -0.531371 0.160176 -0.829489 1.293975 -1.273716 -0.162452 2.056467 -0.587371 -0.827512 -0.271814 0.079223 -0.798790 -0.745913 0.289348
0.000000 0.000000 0.000000 0.000000 0.000000 0.000000 -2.143947 0.398338 -0.094491 -1.589365 1.506632 -1.588200 -2.567846 0.367590 -0.213542 -2.071772 0.011026 -0.608785 -2.071772 0.011026 -0.608785 -1.734253 0.085374 -0.297943 -1.271521 -0.146356 0.307424 -1.690393 0.094828 0.232561 -1.690393 0.094828 0.232561 -1.819825 0.154797 0.088356 -1.744972 -0.003402 0.492923 -1.967800 -0.343211 0.888070 -2.637560 0.222484 0.593323 -2.014750 0.690077 -2.211527 0.077277 1.430756 -2.713752 -1.496260 -0.536612 0.140658 -0.864581 1.218977 -1.355123 -0.700068 1.546081 -1.045498 -0.814763 -0.280279 0.071376 -0.787896 -0.761404 0.281097
0.000000 0.000000 0.000000 0.000000 0.000000 0.000000 -2.166673 0.434746 -0.079108 -1.586431 1.509211 -1.597277 -2.569503 0.363354 -0.209370 -2.057186 -0.032301 -0.627851 -2.057186 -0.032301 -0.627851 -1.753002 0.088020 -0.339022 -1.310497 -0.131403 0.348653 -1.729551 0.099954 0.238519 -1.729551 0.099954 0.238519 -1.835478 0.134172 0.086965 -1.737424 0.004320 0.493550 -1.960346 -0.340843 0.881041 -2.380852 0.297257 0.492139 -1.948768 1.032886 -1.981977 0.209262 1.899070 -2.752315 -1.421970 -0.545790 0.157458 -0.840101 1.260328 -1.284834 -0.620244 1.586513 -0.952033 -0.809259 -0.303299 0.099036 -0.779698 -0.750290 0.292471
0.000000 0.000000 0.000000 0.000000 0.000000 0.000000 -2.143224 0.434971 -0.142587 -1.580822 1.511526 -1.611442 -2.534630 0.369053 -0.200721 -1.992101 -0.002013 -0.630336 -1.992101 -0.002013 -0.630336 -1.747642 0.090117 -0.273076 -1.330767 -0.139267 0.303208 -1.771030 0.131421 0.189030 -1.771030 0.131421 0.189030 -1.839597 0.128948 0.091331 -1.744625 0.005371 0.503499 -1.964575 -0.350799 0.890169 -2.350191 0.254994 0.514437 -1.917576 1.038260 -1.963348 0.206765 1.858922 -2.745768 -1.509701 -0.566002 0.148149 -0.897680 1.150999 -1.330564 -1.081854 1.236253 -0.999326 -0.796386 -0.314008 0.088956 -0.772436 -0.732213 0.266810
0.000000 0.000000 0.000000 0.000000 0.000000 0.000000 -2.159897 0.399657 -0.221091 -1.542349 1.495090 -1.653941 -2.583501 0.362087 -0.195450 -2.046876 -0.023322 -0.642531 -2.046876 -0.023322 -0.642531 -1.746350 0.081518 -0.271915 -1.283910 -0.144766 0.288148 -1.696833 0.094915 0.185257 -1.696833 0.094915 0.185257 -1.850547 0.168812 0.108905 -1.775468 0.016449 0.509757 -1.992360 -0.326803 0.901082 -2.637023 0.244954 0.606027 -2.031139 0.700486 -2.216542 0.089494 1.401698 -2.908612 -1.384925 -0.536228 0.164868 -0.806660 1.326991 -1.276896 -0.914398 1.887651 -0.813620 -0.819021 -0.361831 0.108885 -0.798219 -0.711331 0.262595
0.000000 0.000000 0.000000 0.000000 0.000000 0.000000 -2.184105 0.367190 -0.238290 -1.543849 1.470090 -1.708387 -2.617072 0.353516 -0.196740 -2.071682 -0.030911 -0.620908 -2.071682 -0.030911 -0.620908 -1.775874 0.033210 -0.299390 -1.308596 -0.146994 0.280884 -1.713878 0.089531 0.186346 -1.713878 0.089531 0.186346 -1.880159 0.255472 0.137037 -1.788432 0.093052 0.532470 -1.988994 -0.316465 0.880821 -2.425643 0.306209 0.620114 -2.005160 0.979302 -2.062653 0.148480 1.747528 -3.037062 -1.397470 -0.542984 0.123818 -0.800147 1.274472 -1.277562 -0.891376 1.856945 -0.822247 -0.853681 -0.338579 0.119887 -0.830651 -0.681249 0.277626
0.000000 0.000000 0.000000 0.000000 0.000000 0.000000 -2.184267 0.402234 -0.233663 -1.539581 1.492949 -1.730241 -2.607653 0.340122 -0.186028 -2.053872 -0.029041 -0.592592 -2.053872 -0.029041 -0.592592 -1.808341 0.015695 -0.311483 -1.364166 -0.121683 0.309737 -1.775330 0.140784 0.201237 -1.775330 0.140784 0.201237 -1.928714 0.281761 0.134286 -1.808861 0.097127 0.511946 -2.015352 -0.295179 0.873103 -2.625096 0.264327 0.595999 -1.919142 0.737532 -2.345476 0.179707 1.396634 -3.078432 -1.432716 -0.518766 0.093217 -0.792988 1.274857 -1.327690 -0.819554 1.889374 -0.864582 -0.825716 -0.361884 0.156299 -0.803127 -0.645306 0.282216
0.000000 0.000000 0.000000 0.000000 0.000000 0.000000 -2.185309 0.462367 -0.211551 -1.543012 1.495038 -1.734738 -2.623211 0.351567 -0.168240 -2.097015 0.017951 -0.591715 -2.097015 0.017951 -0.591715 -1.788547 0.002078 -0.353771 -1.357363 -0.100684 0.339108 -1.774830 0.160813 0.221644 -1.774830 0.160813 0.221644 -1.936293 0.289591 0.137954 -1.806302 0.072410 0.494182 -2.020662 -0.301689 0.864696 -2.476264 0.297949 0.551368 -1.931399 0.939524 -2.173151 0.257656 1.632072 -3.157568 -1.428271 -0.551771 0.121383 -0.787674 1.280965 -1.325905 -0.921080 1.797767 -0.827992 -0.826975 -0.380626 0.187007 -0.806499 -0.607639 0.288318
0.000000 0.000000 0.000000 0.000000 0.000000 0.000000 -2.212554 0.449683 -0.210903 -1.551620 1.490628 -1.763851 -2.630474 0.337095 -0.155073 -2.067841 -0.031306 -0.589307 -2.067841 -0.031306 -0.589307 -1.751434 -0.004127 -0.338034 -1.295795 -0.148166 0.321200 -1.684364 0.078043 0.194656 -1.684364 0.078043 0.194656 -1.995710 0.337446 0.166181 -1.845231 0.110292 0.517850 -2.045111 -0.289406 0.876124 -2.721945 0.222935 0.607344 -1.939253 0.588654 -2.384198 0.299857 1.191681 -3.045122 -1.432218 -0.546006 0.047698 -0.743902 1.253439 -1.344082 -0.878907 1.578066 -1.040463 -0.847654 -0.411857 0.187798 -0.829559 -0.620426 0.283685
0.000000 0.000000 0.000000 0.000000 0.000000 0.000000 -2.211802 0.359415 -0.208150 -1.541183 1.472358 -1.840762 -2.625780 0.348031 -0.136916 -2.087321 -0.040561 -0.582774 -2.087321 -0.040561 -0.582774 -1.791774 -0.046104 -0.307406 -1.373834 -0.138826 0.306542 -1.773032 0.126818 0.165385 -1.773032 0.126818 0.165385 -2.075072 0.411502 0.196702 -1.869719 0.180578 0.524320 -2.054440 -0.255353 0.839015 -2.400197 0.304455 0.591990 -1.959455 1.016657 -2.072345 0.228249 1.725666 -3.197042 -1.438761 -0.565839 0.108379 -0.773832 1.267743 -1.341256 -0.930345 1.650669 -0.991192 -0.862310 -0.431023 0.188318 -0.847567 -0.609007 0.271832
0.000000 0.000000 0.000000 0.000000 0.000000 0.000000 -2.234293 0.333447 -0.222202 -1.515571 1.471636 -1.854546 -2.620208 0.330518 -0.124587 -2.091358 -0.072707 -0.579673 -2.091358 -0.072707 -0.579673 -1.792730 -0.046641 -0.304857 -1.349213 -0.147962 0.278424 -1.719266 0.099552 0.169022 -1.719266 0.099552 0.169022 -2.151411 0.415196 0.198247 -1.890435 0.205695 0.528495 -2.074225 -0.233066 0.846574 -2.705601 0.267576 0.652184 -2.018464 0.617948 -2.340655 0.332103 1.175721 -3.147778 -1.369018 -0.518086 0.035317 -0.695472 1.330341 -1.311068 -0.612391 1.903047 -0.576195 -0.859666 -0.460649 0.229736 -0.848255 -0.577578 0.284718
0.000000 0.000000 0.000000 0.000000 0.000000 0.000000 -2.222278 0.373418 -0.203631 -1.525045 1.500867 -1.818802 -2.611371 0.322925 -0.105351 -2.088658 -0.083340 -0.599958 -2.088658 -0.083340 -0.599958 -1.799859 -0.013868 -0.310192 -1.392753 -0.146776 0.299994 -1.786378 0.154483 0.208707 -1.786378 0.154483 0.208707 -2.172327 0.382880 0.200299 -1.881602 0.174730 0.527220 -2.066295 -0.257803 0.850832 -2.652635 0.296559 0.641756 -2.014988 0.703735 -2.314067 0.341859 1.242498 -3.148969 -1.411349 -0.490225 0.068427 -0.767625 1.308264 -1.324389 -0.992041 1.952746 -0.715331 -0.841790 -0.504096 0.250019 -0.836607 -0.556026 0.273994
0.000000 0.000000 0.000000 0.000000 0.000000 0.000000 -2.243958 0.326635 -0.206926 -1.521326 1.482006 -1.864116 -2.594805 0.319905 -0.102475 -2.065593 -0.067029 -0.613131 -2.065593 -0.067029 -0.613131 -1.821656 -0.038756 -0.309741 -1.416728 -0.164711 0.275457 -1.794316 0.150847 0.191081 -1.794316 0.150847 0.191081 -2.219871 0.427739 0.223312 -1.897954 0.221873 0.533492 -2.075798 -0.222926 0.835750 -2.721578 0.322221 0.590459 -1.911039 0.642543 -2.488555 0.447677 1.110532 -3.055742 -1.392495 -0.507013 0.049277 -0.735729 1.307081 -1.315079 -0.812212 1.999417 -0.356864 -0.862737 -0.536310 0.265575 -0.863638 -0.527274 0.261270
0.000000 0.000000 0.000000 0.000000 0.000000 0.000000 -2.237037 0.350237 -0.175315 -1.529212 1.488334 -1.888597 -2.667873 0.325929 -0.056878 -2.145156 -0.076225 -0.576727 -2.145156 -0.076225 -0.576727 -1.834834 -0.057911 -0.313591 -1.409947 -0.157154 0.280784 -1.774378 0.187133 0.200110 -1.774378 0.187133 0.200110 -2.256629 0.457270 0.202124 -1.904718 0.218683 0.478945 -2.088324 -0.203654 0.786781 -2.734265 0.329255 0.597054 -1.901262 0.626214 -2.517343 0.500989 1.098178 -3.020170 -1.405532 -0.518446 -0.002531 -0.708716 1.265323 -1.333936 -0.779494 2.005744 -0.283309 -0.765125 -0.403810 0.380739 -0.750810 -0.482687 0.413867
0.000000 0.000000 0.000000 0.000000 0.000000 0.000000 -2.224298 0.363903 -0.142764 -1.526863 1.504977 -1.878754 -2.681520 0.326541 -0.050332 -2.166143 -0.080367 -0.588236 -2.166143 -0.080367 -0.588236 -1.822723 -0.057275 -0.350516 -1.404349 -0.142455 0.319671 -1.769796 0.179216 0.245315 -1.769796 0.179216 0.245315 -2.254055 0.442122 0.208503 -1.883961 0.208661 0.479999 -2.061571 -0.213442 0.763673 -2.444153 0.451163 0.530445 -1.963382 1.072736 -2.214341 0.408996 1.642333 -3.173182 -1.449452 -0.531373 0.001783 -0.732676 1.228101 -1.366330 -0.797331 1.990995 -0.328212 -0.733799 -0.389097 0.397044 -0.716183 -0.480640 0.433806
0.000000 0.000000 0.000000 0.000000 0.000000 0.000000 -2.221720 0.340615 -0.142397 -1.533254 1.483114 -1.906797 -2.702376 0.317598 -0.046307 -2.184190 -0.108318 -0.570253 -2.184190 -0.108318 -0.570253 -1.824025 -0.062226 -0.310357 -1.400020 -0.169303 0.278926 -1.767723 0.178482 0.220209 -1.767723 0.178482 0.220209 -2.282918 0.465582 0.202708 -1.902793 0.210952 0.465236 -2.084260 -0.208708 0.774507 -2.707777 0.300117 0.576212 -1.967162 0.653717 -2.393690 0.419177 1.210211 -3.064102 -1.439361 -0.522967 0.032126 -0.745000 1.258176 -1.355623 -0.768244 2.000183 -0.211883 -0.730264 -0.369964 0.422407 -0.709701 -0.468753 0.461916
0.000000 0.000000 0.000000 0.000000 0.000000 0.000000 -2.192727 0.329722 -0.121948 -1.529998 1.495723 -1.900636 -2.628712 0.304962 -0.032401 -2.098768 -0.071200 -0.576956 -2.098768 -0.071200 -0.576956 -1.826819 -0.057936 -0.318096 -1.412437 -0.156642 0.298397 -1.760572 0.156605 0.223090 -1.760572 0.156605 0.223090 -2.284030 0.453882 0.168494 -1.877227 0.233646 0.455093 -2.054872 -0.185983 0.752324 -2.553020 0.352999 0.554681 -1.876396 0.888172 -2.375882 0.528876 1.460130 -3.109224 -1.509678 -0.506224 0.022022 -0.780133 1.220679 -1.418138 -0.934356 1.699118 -0.923287 -0.691005 -0.313501 0.450270 -0.640471 -0.528313 0.530246
0.000000 0.000000 0.000000 0.000000 0.000000 0.000000 -2.228729 0.362190 -0.083137 -1.514156 1.488677 -1.907871 -2.671720 0.288651 -0.018446 -2.131384 -0.074043 -0.569116 -2.131384 -0.074043 -0.569116 -1.890529 -0.051584 -0.309310 -1.447824 -0.159295 0.302066 -1.769599 0.153412 0.169524 -1.769599 0.153412 0.169524 -2.295208 0.408893 0.123223 -1.878169 0.203664 0.423176 -2.060146 -0.186289 0.745797 -2.737540 0.373676 0.522925 -1.889719 0.663132 -2.540069 0.610213 1.167511 -3.119787 -1.461548 -0.513725 0.014265 -0.746821 1.244837 -1.380155 -0.877452 1.720610 -0.861761 -0.692153 -0.257977 0.486828 -0.622734 -0.522426 0.584569
0.000000 0.000000 0.000000 0.000000 0.000000 0.000000 -2.240377 0.277565 -0.086944 -1.455752 1.453230 -1.940620 -2.668255 0.279715 -0.011440 -2.109708 -0.044954 -0.548138 -2.109708 -0.044954 -0.548138 -1.897461 -0.008457 -0.317207 -1.438742 -0.183130 0.306436 -1.758862 0.134825 0.191001 -1.758862 0.134825 0.191001 -2.292443 0.411714 0.151927 -1.868113 0.216501 0.454984 -2.053365 -0.195886 0.772442 -2.789747 0.380998 0.580785 -1.924406 0.576169 -2.576996 0.546528 1.048019 -3.092210 -1.477238 -0.505190 0.044913 -0.778866 1.250407 -1.385731 -0.876089 1.804107 -0.873866 -0.811438 -0.407358 0.333552 -0.778109 -0.608361 0.422654
0.000000 0.000000 0.000000 0.000000 0.000000 0.000000 -2.259230 0.335373 -0.084546 -1.489202 1.423655 -1.969781 -2.733390 0.275206 0.002374 -2.191744 -0.072041 -0.543848 -2.191744 -0.072041 -0.543848 -1.938959 -0.033560 -0.343627 -1.430981 -0.198297 0.293795 -1.702026 0.105862 0.151569 -1.702026 0.105862 0.151569 -2.300481 0.438470 0.190491 -1.873241 0.235195 0.476113 -2.047694 -0.195750 0.760130 -2.932887 0.357312 0.590646 -1.901780 0.354158 -2.680786 0.583570 0.821563 -3.013456 -1.527993 -0.513289 0.062226 -0.832119 1.194654 -1.405831 -0.930031 1.813835 -0.958738 -0.742017 -0.335259 0.417574 -0.705209 -0.507558 0.487029
0.000000 0.000000 0.000000 0.000000 0.000000 0.000000 -2.238122 0.350459 -0.091203 -1.485222 1.446838 -1.939352 -2.659261 0.242372 0.011907 -2.100094 -0.087408 -0.563271 -2.100094 -0.087408 -0.563271 -1.976582 -0.015338 -0.322193 -1.483854 -0.198088 0.293231 -1.780271 0.144820 0.159714 -1.780271 0.144820 0.159714 -2.312555 0.452788 0.207982 -1.889228 0.215088 0.479927 -2.032072 -0.210178 0.768420 -2.582187 0.422811 0.610866 -1.917526 0.869660 -2.451581 0.593012 1.380360 -3.153612 -1.495561 -0.508868 0.110066 -0.829103 1.259562 -1.387001 -1.098925 1.724987 -1.219369 -0.792254 -0.451908 0.336127 -0.768796 -0.599094 0.400056
0.000000 0.000000 0.000000 0.000000 0.000000 0.000000 -2.218264 0.358926 -0.094275 -1.482460 1.424111 -1.956453 -2.719933 0.254811 0.050161 -2.199241 -0.125248 -0.547478 -2.199241 -0.125248 -0.547478 -1.991612 -0.021730 -0.317122 -1.495468 -0.200166 0.303083 -1.767703 0.143190 0.154335 -1.767703 0.143190 0.154335 -2.315479 0.453988 0.232572 -1.893034 0.212770 0.496542 -2.021290 -0.197223 0.803026 -2.760388 0.379883 0.608036 -1.980642 0.610422 -2.507020 0.506447 1.128215 -3.129168 -1.386542 -0.534319 0.118292 -0.762227 1.330572 -1.300939 -0.887009 1.869389 -0.651482 -0.806302 -0.488688 0.324304 -0.795603 -0.563013 0.357326
0.000000 0.000000 0.000000 0.000000 0.000000 0.000000 -2.209276 0.348116 -0.125777 -1.469641 1.416967 -1.974676 -2.719228 0.251637 0.047128 -2.186027 -0.137225 -0.539012 -2.186027 -0.137225 -0.539012 -2.002194 -0.009303 -0.322648 -1.508417 -0.196122 0.292671 -1.783743 0.148135 0.196685 -1.783743 0.148135 0.196685 -2.314965 0.451432 0.226044 -1.889512 0.222726 0.500736 -2.025558 -0.193375 0.810135 -2.777455 0.378162 0.600949 -1.910192 0.584576 -2.585673 0.584327 1.066596 -3.079447 -1.464036 -0.507494 0.091004 -0.796001 1.281460 -1.369629 -0.904418 1.868937 -0.737654 -0.796285 -0.518992 0.325026 -0.789925 -0.564468 0.345017
0.000000 0.000000 0.000000 0.000000 0.000000 0.000000 -2.246533 0.430042 -0.156560 -1.518490 1.408913 -1.986809 -2.680412 0.213690 0.086997 -2.129271 -0.119951 -0.582331 -2.129271 -0.119951 -0.582331 -2.061065 -0.058587 -0.343336 -1.534994 -0.191592 0.287682 -1.760341 0.128026 0.161449 -1.760341 0.128026 0.161449 -2.337648 0.503984 0.286446 -1.909521 0.260970 0.532831 -2.013679 -0.173956 0.802105 -2.315964 0.436088 0.460595 -1.855278 1.224470 -2.124136 0.449313 2.040713 -3.186367 -1.458988 -0.517704 0.094263 -0.793247 1.277767 -1.362834 -0.758749 1.987796 -0.490148 -0.779035 -0.541336 0.343094 -0.782550 -0.516691 0.332446
0.000000 0.000000 0.000000 0.000000 0.000000 0.000000 -2.243129 0.376319 -0.176472 -1.460624 1.416271 -2.022670 -2.675333 0.227119 0.062426 -2.180299 -0.215675 -0.548804 -2.180299 -0.215675 -0.548804 -2.074511 -0.038331 -0.343403 -1.555669 -0.197000 0.285245 -1.789836 0.183197 0.177298 -1.789836 0.183197 0.177298 -2.363463 0.489517 0.293920 -1.942334 0.240871 0.533223 -2.041788 -0.176730 0.817734 -2.495144 0.339082 0.599010 -1.865949 0.943994 -2.340353 0.370055 1.608711 -3.230636 -1.576154 -0.536530 0.081921 -0.854658 1.161456 -1.444364 -0.574265 2.083524 -0.280932 -0.779815 -0.553705 0.350195 -0.790075 -0.481225 0.318741
0.000000 0.000000 0.000000 0.000000 0.000000 0.000000 -2.205816 0.352000 -0.198047 -1.445356 1.410165 -2.027058 -2.711113 0.215817 0.123551 -2.244769 -0.182600 -0.487554 -2.244769 -0.182600 -0.487554 -2.059484 -0.018670 -0.331438 -1.542337 -0.208550 0.301582 -1.770331 0.171013 0.182530 -1.770331 0.171013 0.182530 -2.395611 0.467825 0.259679 -1.979955 0.214992 0.511203 -2.079568 -0.188440 0.816843 -2.576090 0.343122 0.645544 -1.913587 0.829028 -2.397652 0.394976 1.412766 -3.297849 -1.623055 -0.562678 0.018984 -0.849151 1.069538 -1.477314 -1.380777 1.090940 -0.991999 -0.813382 -0.592961 0.383585 -0.835474 -0.444291 0.315329
0.000000 0.000000 0.000000 0.000000 0.000000 0.000000 -2.428230 0.354052 -0.077645 -1.510280 1.362817 -2.061035 -2.700688 0.208031 0.160147 -2.199008 -0.201571 -0.483086 -2.199008 -0.201571 -0.483086 -2.165425 -0.026213 -0.457576 -1.596178 -0.218498 0.260602 -1.724004 0.076683 0.161665 -1.724004 0.076683 0.161665 -2.411052 0.517845 0.357010 -1.983323 0.270407 0.587204 -2.069318 -0.158324 0.869032 -2.617313 0.413430 0.599745 -1.883869 0.821533 -2.507066 0.544215 1.277168 -3.321334 -1.393256 -0.583643 0.140485 -0.724634 1.357300 -1.335341 -1.076894 1.492116 -1.451732 -0.790871 -0.577190 0.387142 -0.822369 -0.363203 0.291627
0.000000 0.000000 0.000000 0.000000 0.000000 0.000000 -2.291961 0.397158 -0.060910 -1.507986 1.419375 -2.009619 -2.694339 0.170077 0.172465 -2.190788 -0.229718 -0.493021 -2.190788 -0.229718 -0.493021 -2.146285 -0.025461 -0.396854 -1.603261 -0.212542 0.297761 -1.779090 0.120392 0.184926 -1.779090 0.120392 0.184926 -2.385443 0.515193 0.287176 -1.979065 0.232453 0.517823 -2.070404 -0.169829 0.838073 -2.671442 0.435437 0.659322 -1.927184 0.735099 -2.557497 0.506392 1.134192 -3.322417 -1.412274 -0.599421 0.127789 -0.755422 1.280273 -1.319278 -0.953318 1.526296 -1.446147 -0.726573 -0.600962 0.441433 -0.767799 -0.367592 0.344492
0.000000 0.000000 0.000000 0.000000 0.000000 0.000000 -2.221281 0.388155 -0.081808 -1.494895 1.451018 -2.005243 -2.659909 0.166585 0.205724 -2.180629 -0.258606 -0.439161 -2.180629 -0.258606 -0.439161 -2.140178 -0.028021 -0.372622 -1.613326 -0.200313 0.316389 -1.784630 0.135836 0.185757 -1.784630 0.135836 0.185757 -2.388977 0.501856 0.265058 -1.969113 0.253465 0.516615 -2.046064 -0.146426 0.817439 -2.526257 0.448186 0.652097 -1.952573 0.942140 -2.402656 0.460637 1.337364 -3.319813 -1.268778 -0.551346 0.080702 -0.667925 1.385809 -1.210326 -0.461013 1.982365 -1.000258 -0.759536 -0.749745 0.435220 -0.815753 -0.369910 0.268077
0.000000 0.000000 0.000000 0.000000 0.000000 0.000000 -2.248203 0.340132 -0.143847 -1.487681 1.402278 -2.058349 -2.666464 0.176746 0.192924 -2.192325 -0.259450 -0.466527 -2.192325 -0.259450 -0.466527 -2.156162 -0.028445 -0.387304 -1.607582 -0.221551 0.301960 -1.764879 0.122611 0.161891 -1.764879 0.122611 0.161891 -2.404983 0.500897 0.294570 -1.989924 0.276543 0.547278 -2.067655 -0.132040 0.821664 -2.533957 0.476042 0.631588 -1.919411 0.951690 -2.462669 0.529903 1.283861 -3.343261 -1.290771 -0.562134 0.024398 -0.617247 1.371143 -1.257308 -0.318175 1.884712 -0.753341 -0.766832 -0.732770 0.456534 -0.836907 -0.275337 0.251683
0.000000 0.000000 0.000000 0.000000 0.000000 0.000000 -2.245532 0.380848 -0.108740 -1.519304 1.414876 -2.048696 -2.675490 0.137598 0.260608 -2.206011 -0.291731 -0.444200 -2.206011 -0.291731 -0.444200 -2.157565 -0.056972 -0.380750 -1.579772 -0.207453 0.295784 -1.706821 0.119136 0.158312 -1.706821 0.119136 0.158312 -2.434692 0.547374 0.269194 -2.025343 0.281135 0.512760 -2.114806 -0.135312 0.806246 -2.643373 0.452219 0.700471 -1.992420 0.767509 -2.499743 0.442445 1.080403 -3.303406 -1.414274 -0.524844 -0.020817 -0.687696 1.263885 -1.355093 -0.405045 1.833880 -0.898295 -0.760352 -0.794910 0.504835 -0.853732 -0.228477 0.247400
0.000000 0.000000 0.000000 0.000000 0.000000 0.000000 -2.260861 0.369830 -0.122999 -1.523464 1.393892 -2.075620 -2.691930 0.139776 0.274722 -2.220994 -0.248556 -0.387819 -2.220994 -0.248556 -0.387819 -2.184315 -0.036138 -0.393968 -1.602821 -0.231085 0.295589 -1.732336 0.092092 0.150641 -1.732336 0.092092 0.150641 -2.410136 0.579115 0.304150 -2.007780 0.291009 0.513843 -2.096061 -0.134967 0.776600 -2.464089 0.442204 0.624701 -1.913235 1.028940 -2.360860 0.524929 1.359407 -3.322075 -1.495777 -0.590378 0.055141 -0.744387 1.212510 -1.409220 -0.577899 1.741631 -0.896045 -0.796080 -0.832016 0.526380 -0.895419 -0.233581 0.238972
0.000000 0.000000 0.000000 0.000000 0.000000 0.000000 -2.234707 0.352291 -0.153969 -1.508550 1.388830 -2.099785 -2.696389 0.127735 0.260044 -2.215300 -0.263017 -0.359423 -2.215300 -0.263017 -0.359423 -2.207241 -0.050743 -0.387699 -1.637936 -0.234800 0.292144 -1.770028 0.141395 0.154415 -1.770028 0.141395 0.154415 -2.384663 0.555860 0.289900 -1.996342 0.301550 0.522564 -2.100922 -0.106386 0.807281 -2.513299 0.432718 0.638239 -1.909655 0.956995 -2.417044 0.544722 1.212832 -3.329156 -1.520311 -0.557763 0.029273 -0.748841 1.210706 -1.440169 -0.752336 1.761498 -1.192197 -0.785640 -0.787804 0.538855 -0.891889 -0.188938 0.254141
0.000000 0.000000 0.000000 0.000000 0.000000 0.000000 -2.290636 0.359500 -0.154978 -1.521373 1.354279 -2.098267 -2.767465 0.081798 0.332445 -2.323268 -0.208411 -0.223701 -2.323268 -0.208411 -0.223701 -2.220287 -0.015498 -0.387287 -1.618688 -0.234807 0.298608 -1.746169 0.123913 0.212276 -1.746169 0.123913 0.212276 -2.391907 0.576620 0.280097 -1.983215 0.296980 0.500811 -2.093228 -0.130102 0.771424 -2.526943 0.481395 0.661634 -1.973699 0.953345 -2.415381 0.486981 1.119827 -3.382107 -1.378313 -0.477833 -0.008776 -0.676824 1.342432 -1.338730 -0.738960 1.905009 -1.101778 -0.765805 -0.823389 0.556641 -0.877329 -0.224183 0.276316
0.000000 0.000000 0.000000 0.000000 0.000000 0.000000 -2.249014 0.400562 -0.138009 -1.524463 1.372293 -2.099923 -2.771371 0.072811 0.319726 -2.339265 -0.138871 -0.188197 -2.339265 -0.138871 -0.188197 -2.245593 -0.015971 -0.409730 -1.653041 -0.239238 0.304914 -1.781441 0.162261 0.172549 -1.781441 0.162261 0.172549 -2.415076 0.538488 0.300408 -2.003254 0.274254 0.526548 -2.079364 -0.135507 0.802508 -2.594366 0.445216 0.683811 -1.941476 0.837466 -2.496840 0.570591 0.924015 -3.335672 -1.388224 -0.478208 0.000485 -0.692085 1.334339 -1.341485 -0.842122 1.921383 -1.151682 -0.738562 -0.799558 0.538640 -0.847890 -0.197172 0.268554
0.000000 0.000000 0.000000 0.000000 0.000000 0.000000 -2.272525 0.354821 -0.194029 -1.484087 1.350556 -2.140419 -2.775816 0.044600 0.330479 -2.327238 -0.154319 -0.135502 -2.327238 -0.154319 -0.135502 -2.260667 -0.001155 -0.401461 -1.654096 -0.249126 0.309760 -1.770391 0.155204 0.175974 -1.770391 0.155204 0.175974 -2.457592 0.513244 0.290809 -2.043504 0.277185 0.541063 -2.088433 -0.123689 0.802634 -2.503411 0.484272 0.701869 -1.985684 0.971344 -2.405908 0.448589 1.024882 -3.432231 -1.424107 -0.496936 0.021993 -0.722271 1.303360 -1.362238 -0.841428 1.941849 -1.210905 -0.750029 -0.789942 0.526263 -0.855150 -0.187295 0.253498
0.000000 0.000000 0.000000 0.000000 0.000000 0.000000 -2.513113 0.343685 -0.061663 -1.504181 1.306260 -2.150890 -2.754115 0.001701 0.348080 -2.266853 -0.207776 -0.165998 -2.266853 -0.207776 -0.165998 -2.295609 -0.001213 -0.503841 -1.716709 -0.251137 0.245823 -1.743833 0.086233 0.147094 -1.743833 0.086233 0.147094 -2.460999 0.522479 0.363869 -2.042983 0.313127 0.607515 -2.101083 -0.122199 0.808595 -2.594846 0.524528 0.654101 -1.994665 0.882597 -2.494535 0.492353 0.858976 -3.425762 -1.445583 -0.514313 -0.012898 -0.707708 1.260736 -1.384432 -0.813588 1.934271 -1.260626 -0.812684 -0.787142 0.529537 -0.913860 -0.190770 0.237510
0.000000 0.000000 0.000000 0.000000 0.000000 0.000000 -2.323133 0.322893 -0.040899 -1.510903 1.358010 -2.107852 -2.763488 -0.014675 0.372548 -2.310310 -0.210985 -0.155579 -2.310310 -0.210985 -0.155579 -2.190445 -0.027923 -0.422109 -1.633280 -0.255111 0.283428 -1.692887 0.108593 0.167814 -1.692887 0.108593 0.167814 -2.450629 0.546395 0.304479 -2.029777 0.298815 0.551169 -2.074159 -0.130526 0.796558 -2.547124 0.514336 0.660250 -1.976568 0.941068 -2.462912 0.488994 0.922434 -3.423363 -1.397493 -0.480002 0.018108 -0.706229 1.336926 -1.346691 -0.834258 2.000243 -1.204087 -0.778395 -0.819113 0.516697 -0.876941 -0.217748 0.235269
0.000000 0.000000 0.000000 0.000000 0.000000 0.000000 -2.289000 0.337169 -0.123459 -1.515392 1.351961 -2.138650 -2.765826 -0.009279 0.415566 -2.327573 -0.211238 -0.088670 -2.327573 -0.211238 -0.088670 -2.210734 -0.026133 -0.378287 -1.677517 -0.260159 0.283632 -1.759684 0.165471 0.171874 -1.759684 0.165471 0.171874 -2.422881 0.570151 0.304980 -2.027574 0.279903 0.514371 -2.091778 -0.131926 0.777706 -2.487726 0.519665 0.689035 -2.040710 1.013203 -2.344739 0.341754 0.965742 -3.470938 -1.476316 -0.477824 0.077483 -0.804865 1.286311 -1.383939 -1.361837 1.570759 -1.562694 -0.802890 -0.832402 0.533377 -0.903938 -0.233679 0.242671
0.000000 0.000000 0.000000 0.000000 0.000000 0.000000 -2.332512 0.345694 -0.115182 -1.548198 1.294828 -2.128719 -2.780794 -0.078828 0.448229 -2.345253 -0.265103 -0.112972 -2.345253 -0.265103 -0.112972 -2.235294 -0.038723 -0.439168 -1.672869 -0.251565 0.273355 -1.712173 0.096219 0.169613 -1.712173 0.096219 0.169613 -2.456689 0.575397 0.325124 -2.061553 0.281444 0.529366 -2.115914 -0.121042 0.806333 -2.559840 0.518837 0.661594 -1.964530 0.924396 -2.494591 0.499682 0.799789 -3.476518 -1.432653 -0.504005 -0.029126 -0.689368 1.274947 -1.382271 -1.167680 1.617338 -1.568361 -0.812556 -0.806488 0.554682 -0.920669 -0.209990 0.259684
0.000000 0.000000 0.000000 0.000000 0.000000 0.000000 -2.317609 0.342559 -0.172893 -1.516656 1.285568 -2.131974 -2.777795 -0.093420 0.459284 -2.360962 -0.242479 -0.088854 -2.360962 -0.242479 -0.088854 -2.240020 -0.016080 -0.422367 -1.701303 -0.273724 0.299136 -1.766159 0.112692 0.172133 -1.766159 0.112692 0.172133 -2.472572 0.546609 0.293399 -2.086173 0.256453 0.513191 -2.143420 -0.121188 0.822420 -2.647724 0.522138 0.736492 -2.064388 0.775476 -2.507494 0.414582 0.639365 -3.499569 -1.459185 -0.494192 -0.054917 -0.691716 1.252057 -1.410558 -1.128029 1.606593 -1.604710 -0.855148 -0.811769 0.558897 -0.960772 -0.219632 0.250413
0.000000 0.000000 0.000000 0.000000 0.000000 0.000000 -2.520086 0.336362 -0.065704 -1.539674 1.243886 -2.146088 -2.776422 -0.152235 0.483635 -2.332046 -0.223265 -0.021660 -2.332046 -0.223265 -0.021660 -2.286193 -0.001393 -0.490455 -1.700995 -0.297237 0.232939 -1.704450 0.074717 0.137815 -1.704450 0.074717 0.137815 -2.469455 0.565480 0.339220 -2.065436 0.316761 0.570990 -2.134649 -0.105305 0.831388 -2.569883 0.592812 0.653219 -1.981728 0.942556 -2.550151 0.538489 0.749212 -3.540530 -1.465728 -0.505898 -0.095488 -0.652884 1.238945 -1.435209 -0.985020 1.638232 -1.636279 -0.832146 -0.788428 0.568474 -0.943718 -0.195613 0.267124
0.000000 0.000000 0.000000 0.000000 0.000000 0.000000 -2.351680 0.346384 -0.100797 -1.494445 1.272240 -2.104757 -2.744829 -0.178238 0.508331 -2.350088 -0.231096 0.032834 -2.350088 -0.231096 0.032834 -2.260547 0.015650 -0.422050 -1.695003 -0.277584 0.302007 -1.774514 0.171068 0.163831 -1.774514 0.171068 0.163831 -2.448569 0.509166 0.254225 -2.042241 0.246118 0.497555 -2.112329 -0.122526 0.817425 -2.387929 0.616019 0.552244 -1.946243 1.233586 -2.341156 0.420425 1.154312 -3.633356 -1.463861 -0.502984 -0.023238 -0.710694 1.257048 -1.406330 -1.241880 1.481356 -1.673718 -0.845513 -0.815239 0.550096 -0.949098 -0.221160 0.244981
0.000000 0.000000 0.000000 0.000000 0.000000 0.000000 -2.295625 0.357626 -0.153616 -1.512519 1.267611 -2.085390 -2.731056 -0.212178 0.516867 -2.375377 -0.170677 0.066143 -2.375377 -0.170677 0.066143 -2.233428 0.009168 -0.426082 -1.670690 -0.279257 0.274257 -1.739155 0.120932 0.179278 -1.739155 0.120932 0.179278 -2.407284 0.503685 0.264091 -2.000350 0.252151 0.514496 -2.109420 -0.132679 0.848334 -2.533880 0.582786 0.657215 -2.003883 0.989565 -2.480974 0.455037 0.761835 -3.566558 -1.501287 -0.486595 -0.044519 -0.728479 1.227994 -1.439313 -1.146322 1.488714 -1.722230 -0.846349 -0.814100 0.566090 -0.954781 -0.221572 0.259726
0.000000 0.000000 0.000000 0.000000 0.000000 0.000000 -2.322019 0.363538 -0.147006 -1.529552 1.245299 -2.095919 -2.746216 -0.220612 0.541903 -2.400633 -0.177968 0.095566 -2.400633 -0.177968 0.095566 -2.252625 0.016199 -0.452229 -1.688657 -0.297917 0.295470 -1.759603 0.115733 0.193233 -1.759603 0.115733 0.193233 -2.406335 0.519064 0.260220 -1.996179 0.279203 0.516562 -2.112218 -0.123888 0.835812 -2.558695 0.607428 0.654387 -2.014226 0.965973 -2.515986 0.470958 0.699028 -3.568550 -1.465252 -0.480647 -0.055109 -0.687389 1.271742 -1.426601 -1.105954 1.541768 -1.692333 -0.830261 -0.806816 0.551820 -0.935693 -0.214618 0.253035
0.000000 0.000000 0.000000 0.000000 0.000000 0.000000 -2.348450 0.336886 -0.215729 -1.548810 1.225940 -2.100537 -2.733389 -0.242300 0.638665 -2.393030 -0.144876 0.186412 -2.393030 -0.144876 0.186412 -2.285840 0.025139 -0.455712 -1.690777 -0.289725 0.290643 -1.745792 0.109397 0.186587 -1.745792 0.109397 0.186587 -2.386290 0.490071 0.232674 -1.979041 0.269014 0.513567 -2.114915 -0.122197 0.856539 -2.518101 0.634326 0.705089 -2.055652 1.013095 -2.485335 0.416181 0.699468 -3.608122 -1.474972 -0.553864 0.024841 -0.732921 1.231615 -1.397129 -1.191295 1.443725 -1.743021 -0.837102 -0.794924 0.560576 -0.945517 -0.201994 0.258175
0.000000 0.000000 0.000000 0.000000 0.000000 0.000000 -2.316406 0.416086 -0.169243 -1.586663 1.226779 -2.064327 -2.720572 -0.277881 0.659879 -2.401170 -0.185442 0.223967 -2.401170 -0.185442 0.223967 -2.287915 0.003646 -0.456046 -1.689481 -0.285500 0.307477 -1.730605 0.120023 0.164002 -1.730605 0.120023 0.164002 -2.365922 0.495911 0.239625 -1.958579 0.268681 0.513363 -2.107019 -0.136241 0.845250 -2.576396 0.632164 0.710953 -2.069339 0.927338 -2.528204 0.420584 0.570423 -3.557876 -1.604096 -0.538570 -0.059199 -0.797925 1.073405 -1.487330 -1.102750 1.313390 -1.877214 -0.839209 -0.815206 0.549128 -0.942934 -0.221204 0.246415
0.000000 0.000000 0.000000 0.000000 0.000000 0.000000 -2.312672 0.375491 -0.198812 -1.589803 1.195437 -2.079758 -2.722661 -0.296698 0.707030 -2.409199 -0.199485 0.248989 -2.409199 -0.199485 0.248989 -2.310506 0.010002 -0.440710 -1.718855 -0.289531 0.286350 -1.786759 0.144326 0.162954 -1.786759 0.144326 0.162954 -2.337133 0.493265 0.229275 -1.942816 0.288898 0.523442 -2.096716 -0.131536 0.852879 -2.548392 0.649174 0.722152 -2.087900 0.969565 -2.502674 0.389104 0.585129 -3.560105 -1.449501 -0.529131 0.067845 -0.763992 1.271003 -1.362339 -1.441656 1.521198 -1.616218 -0.825921 -0.804476 0.549993 -0.931420 -0.210491 0.252063
0.000000 0.000000 0.000000 0.000000 0.000000 0.000000 -2.363363 0.379318 -0.184539 -1.574058 1.124501 -2.077652 -2.759412 -0.357627 0.722567 -2.466542 -0.277035 0.303087 -2.466542 -0.277035 0.303087 -2.311246 0.001005 -0.454466 -1.711822 -0.300879 0.280162 -1.693171 0.091847 0.140164 -1.693171 0.091847 0.140164 -2.334658 0.530988 0.247016 -1.930326 0.318658 0.523737 -2.101032 -0.126582 0.824452 -2.644629 0.654755 0.767437 -2.162002 0.815490 -2.537733 0.337370 0.449034 -3.452106 -1.475660 -0.504378 0.048200 -0.754661 1.285846 -1.406694 -1.572778 1.245976 -2.066736 -0.788083 -0.801264 0.557586 -0.899036 -0.205151 0.271175
0.000000 0.000000 0.000000 0.000000 0.000000 0.000000 -2.334139 0.360443 -0.167465 -1.599570 1.128453 -2.092264 -2.764870 -0.341912 0.738972 -2.477979 -0.220735 0.345528 -2.477979 -0.220735 0.345528 -2.311450 0.025792 -0.460787 -1.713072 -0.325112 0.283952 -1.720321 0.088685 0.151079 -1.720321 0.088685 0.151079 -2.318346 0.480419 0.229265 -1.929621 0.307924 0.529645 -2.096932 -0.109474 0.854703 -2.693306 0.681387 0.724014 -2.133732 0.769158 -2.615029 0.410129 0.375604 -3.489251 -1.391887 -0.493604 0.031800 -0.687652 1.364520 -1.355356 -1.876202 1.601205 -1.712636 -0.866787 -0.803479 0.557154 -0.971484 -0.211348 0.244779
0.000000 0.000000 0.000000 0.000000 0.000000 0.000000 -2.548687 0.405360 -0.050821 -1.675591 1.102281 -2.077312 -2.755180 -0.393567 0.798079 -2.433479 -0.253088 0.368099 -2.433479 -0.253088 0.368099 -2.318480 0.009029 -0.550249 -1.745961 -0.341379 0.204386 -1.640775 0.004066 0.133345 -1.640775 0.004066 0.133345 -2.364249 0.524763 0.310337 -1.963318 0.336707 0.583829 -2.112801 -0.103637 0.881545 -2.576410 0.668325 0.733466 -2.124487 0.933485 -2.511925 0.378540 0.595083 -3.557124 -1.478415 -0.504732 -0.035510 -0.679564 1.278360 -1.445467 -2.068388 1.749598 -1.697583 -0.887543 -0.788353 0.554187 -0.990363 -0.198960 0.236289
0.000000 0.000000 0.000000 0.000000 0.000000 0.000000 -2.334619 0.319593 -0.177446 -1.622093 1.029108 -2.120142 -2.815794 -0.379002 0.837249 -2.525792 -0.264919 0.409705 -2.525792 -0.264919 0.409705 -2.302850 0.031162 -0.462259 -1.752259 -0.338188 0.308210 -1.773291 0.120493 0.180436 -1.773291 0.120493 0.180436 -2.386540 0.510019 0.237771 -1.969059 0.297066 0.515870 -2.139143 -0.113379 0.861517 -2.710007 0.665634 0.777597 -2.102623 0.701107 -2.674344 0.430318 0.400604 -3.502401 -1.420667 -0.508262 -0.059569 -0.630997 1.306471 -1.403632 -1.895934 1.600873 -2.032449 -0.880459 -0.797575 0.560944 -0.985458 -0.207597 0.244433
0.000000 0.000000 0.000000 0.000000 0.000000 0.000000 -2.561364 0.329276 0.015475 -1.661178 0.994898 -2.096897 -2.810392 -0.433024 0.867388 -2.499212 -0.309277 0.428845 -2.499212 -0.309277 0.428845 -2.345740 0.028480 -0.571690 -1.773262 -0.326298 0.241492 -1.722252 0.077436 0.177764 -1.722252 0.077436 0.177764 -2.369807 0.509431 0.306181 -1.946845 0.324620 0.574874 -2.117493 -0.113336 0.889682 -2.741406 0.662315 0.820100 -2.115832 0.626343 -2.699101 0.362572 0.427081 -3.479415 -1.455956 -0.509640 -0.081991 -0.660598 1.241473 -1.418865 -1.809645 1.185112 -2.594445 -0.848312 -0.771359 0.548989 -0.953479 -0.179058 0.244469
0.000000 0.000000 0.000000 0.000000 0.000000 0.000000 -2.308747 0.291253 -0.079067 -1.621464 0.986330 -2.063338 -2.800163 -0.459098 0.855012 -2.498434 -0.315462 0.446018 -2.498434 -0.315462 0.446018 -2.272537 0.021858 -0.450172 -1.728263 -0.328019 0.267648 -1.723598 0.092247 0.164263 -1.723598 0.092247 0.164263 -2.317344 0.551015 0.270504 -1.907827 0.301348 0.523615 -2.086167 -0.137167 0.850504 -2.670161 0.721096 0.765484 -2.155314 0.790985 -2.633144 0.407384 0.598394 -3.599654 -1.316784 -0.520617 -0.011732 -0.627069 1.354219 -1.284707 -1.768471 1.626379 -1.895346 -0.843153 -0.822966 0.553045 -0.947310 -0.229874 0.248864
0.000000 0.000000 0.000000 0.000000 0.000000 0.000000 -2.398692 0.313518 0.005105 -1.671349 0.948318 -2.080940 -2.815017 -0.472770 0.928941 -2.512366 -0.321967 0.516921 -2.512366 -0.321967 0.516921 -2.334504 0.021071 -0.490304 -1.749297 -0.338581 0.262918 -1.714934 0.090116 0.143998 -1.714934 0.090116 0.143998 -2.329104 0.557451 0.255523 -1.933784 0.305369 0.512672 -2.115099 -0.126648 0.843004 -2.693486 0.725233 0.754152 -2.133558 0.758086 -2.674458 0.462101 0.579878 -3.614214 -1.442082 -0.501273 -0.056976 -0.665592 1.274095 -1.406727 -1.531339 1.551635 -2.399103 -0.856543 -0.816637 0.562450 -0.962942 -0.224346 0.252924
0.000000 0.000000 0.000000 0.000000 0.000000 0.000000 -2.345204 0.264247 -0.009443 -1.673990 0.938049 -2.066576 -2.804591 -0.508322 0.919303 -2.489162 -0.328771 0.457796 -2.489162 -0.328771 0.457796 -2.316399 0.024780 -0.476042 -1.764190 -0.343866 0.268394 -1.760664 0.113790 0.156637 -1.760664 0.113790 0.156637 -2.342676 0.551873 0.248783 -1.937270 0.306262 0.501835 -2.127800 -0.115531 0.843448 -2.698624 0.694091 0.770300 -2.153353 0.738708 -2.634284 0.439289 0.618460 -3.619773 -1.457319 -0.516598 -0.059912 -0.704832 1.205388 -1.388261 -1.594183 1.285621 -2.467088 -0.896057 -0.823136 0.576094 -1.003003 -0.235578 0.253204
0.000000 0.000000 0.000000 0.000000 0.000000 0.000000 -2.328900 0.307120 -0.006866 -1.722842 0.926175 -2.063137 -2.809547 -0.512164 0.933319 -2.475750 -0.370444 0.463669 -2.475750 -0.370444 0.463669 -2.321282 0.003347 -0.496767 -1.741027 -0.343991 0.261272 -1.716242 0.067804 0.151329 -1.716242 0.067804 0.151329 -2.334167 0.573260 0.296314 -1.941251 0.322167 0.540056 -2.112587 -0.121650 0.848969 -2.723022 0.744787 0.745639 -2.141403 0.721834 -2.703661 0.485298 0.588894 -3.608597 -1.433340 -0.515951 -0.028479 -0.688886 1.263480 -1.379346 -1.745839 1.216198 -2.303277 -0.867011 -0.814213 0.563931 -0.973136 -0.222973 0.251059
0.000000 0.000000 0.000000 0.000000 0.000000 0.000000 -2.392803 0.267810 -0.017994 -1.687314 0.868748 -2.071314 -2.823044 -0.568657 0.986354 -2.482191 -0.446540 0.573219 -2.482191 -0.446540 0.573219 -2.357671 0.019349 -0.502074 -1.765526 -0.348051 0.263643 -1.727637 0.061856 0.129793 -1.727637 0.061856 0.129793 -2.338944 0.581411 0.261465 -1.956300 0.322544 0.507148 -2.140805 -0.108978 0.836576 -2.703948 0.721115 0.824196 -2.186308 0.705328 -2.656301 0.378700 0.671395 -3.602224 -1.459915 -0.503657 -0.070532 -0.700478 1.212263 -1.397217 -1.608548 0.789686 -2.530165 -0.887927 -0.811972 0.568126 -0.993717 -0.223205 0.248577
0.000000 0.000000 0.000000 0.000000 0.000000 0.000000 -2.506920 0.243032 0.091222 -1.724612 0.849304 -2.070226 -2.825982 -0.570892 0.973665 -2.476424 -0.423548 0.515541 -2.476424 -0.423548 0.515541 -2.357269 0.013394 -0.558995 -1.784053 -0.353066 0.214694 -1.704530 0.042518 0.147758 -1.704530 0.042518 0.147758 -2.359665 0.563678 0.307945 -1.973732 0.338146 0.558402 -2.145765 -0.096434 0.872429 -2.751358 0.751198 0.765483 -2.150690 0.666119 -2.730364 0.493373 0.607244 -3.610749 -1.443571 -0.510720 -0.096954 -0.665531 1.215598 -1.396085 -1.607282 0.723172 -2.508861 -0.889164 -0.781288 0.576652 -0.999184 -0.193198 0.256456
0.000000 0.000000 0.000000 0.000000 0.000000 0.000000 -2.580227 0.308102 0.181926 -1.731612 0.820851 -2.066072 -2.842405 -0.590660 1.013934 -2.521509 -0.494069 0.662970 -2.521509 -0.494069 0.662970 -2.380321 0.016577 -0.601832 -1.817861 -0.361334 0.216173 -1.704827 0.054353 0.155656 -1.704827 0.054353 0.155656 -2.397704 0.555305 0.293694 -2.005257 0.320106 0.540625 -2.167398 -0.090626 0.879147 -2.742436 0.740478 0.832752 -2.186277 0.640256 -2.707064 0.436199 0.636126 -3.605207 -1.451455 -0.529545 -0.132850 -0.659616 1.160411 -1.397420 -1.441124 0.317413 -2.327621 -0.931984 -0.778508 0.585266 -1.041368 -0.195020 0.251007
0.000000 0.000000 0.000000 0.000000 0.000000 0.000000 -2.566382 0.273245 0.176073 -1.742153 0.836446 -2.040083 -2.817451 -0.611386 0.996411 -2.500377 -0.481485 0.594929 -2.500377 -0.481485 0.594929 -2.361924 0.020700 -0.603560 -1.799818 -0.358276 0.222670 -1.692272 0.049366 0.164171 -1.692272 0.049366 0.164171 -2.411317 0.538807 0.320510 -2.000221 0.323807 0.576506 -2.139331 -0.101122 0.895371 -2.750920 0.726673 0.859886 -2.230536 0.616979 -2.664150 0.365142 0.693177 -3.608764 -1.387944 -0.551321 -0.066433 -0.634795 1.244952 -1.343124 -1.554174 0.479891 -2.325299 -0.881759 -0.770017 0.561498 -0.988317 -0.180443 0.245015
0.000000 0.000000 0.000000 0.000000 0.000000 0.000000 -2.333177 0.214202 0.001830 -1.708411 0.825814 -2.019500 -2.816916 -0.625739 1.003389 -2.550237 -0.452830 0.651131 -2.550237 -0.452830 0.651131 -2.329201 0.000383 -0.481778 -1.789679 -0.333524 0.272229 -1.771273 0.103085 0.125687 -1.771273 0.103085 0.125687 -2.390052 0.570568 0.268745 -1.975000 0.329979 0.531092 -2.135192 -0.117803 0.844626 -2.686546 0.731090 0.866142 -2.238621 0.715889 -2.615851 0.411885 0.850557 -3.635846 -1.386329 -0.512696 -0.027671 -0.685608 1.268322 -1.323424 -1.613088 0.442789 -2.025208 -0.918436 -0.830237 0.558299 -1.017687 -0.243450 0.229618
0.000000 0.000000 0.000000 0.000000 0.000000 0.000000 -2.405157 0.294574 0.023331 -1.732078 0.845060 -1.983548 -2.794642 -0.616563 1.013841 -2.548475 -0.460503 0.657211 -2.548475 -0.460503 0.657211 -2.349347 0.055225 -0.513822 -1.774467 -0.360459 0.267182 -1.764386 0.093779 0.142609 -1.764386 0.093779 0.142609 -2.351308 0.511304 0.267453 -1.914553 0.297799 0.533686 -2.105238 -0.132729 0.870556 -2.656023 0.784647 0.776763 -2.262140 0.840832 -2.564195 0.504590 0.921836 -3.659969 -1.392407 -0.528999 -0.005498 -0.692497 1.270647 -1.326170 -1.692981 0.667853 -2.156491 -0.888499 -0.824935 0.569120 -0.993871 -0.235872 0.248924
0.000000 0.000000 0.000000 0.000000 0.000000 0.000000 -2.400517 0.275784 0.101992 -1.749340 0.835871 -1.960663 -2.789227 -0.618677 1.044784 -2.564730 -0.446082 0.747265 -2.564730 -0.446082 0.747265 -2.333216 0.074995 -0.516919 -1.771021 -0.352020 0.296696 -1.762641 0.094178 0.147592 -1.762641 0.094178 0.147592 -2.318851 0.512275 0.219959 -1.928544 0.281191 0.506976 -2.115298 -0.141314 0.859877 -2.694623 0.838376 0.750966 -2.255205 0.804192 -2.647888 0.594936 0.790792 -3.705297 -1.436154 -0.510126 -0.033852 -0.717210 1.226549 -1.360039 -1.424906 0.632239 -2.438555 -0.887454 -0.834275 0.569018 -0.992435 -0.244451 0.248675
0.000000 0.000000 0.000000 0.000000 0.000000 0.000000 -2.347159 0.197460 0.033918 -1.729076 0.810465 -1.966157 -2.804059 -0.648274 1.012424 -2.532671 -0.475338 0.703819 -2.532671 -0.475338 0.703819 -2.283293 0.053433 -0.477793 -1.729070 -0.382716 0.273782 -1.758131 0.146358 0.200290 -1.758131 0.146358 0.200290 -2.314731 0.527801 0.231400 -1.943373 0.291166 0.509467 -2.131582 -0.120113 0.869378 -2.702621 0.826311 0.784357 -2.279353 0.772531 -2.632546 0.474147 0.809892 -3.675811 -1.466823 -0.535109 -0.041670 -0.742960 1.159216 -1.366470 -1.303095 0.664842 -2.441990 -0.878144 -0.805461 0.590034 -0.991875 -0.216786 0.271680
0.000000 0.000000 0.000000 0.000000 0.000000 0.000000 -2.336456 0.246997 0.036523 -1.791384 0.839590 -1.930055 -2.778611 -0.630940 1.007959 -2.519266 -0.418427 0.580105 -2.519266 -0.418427 0.580105 -2.290273 0.070808 -0.489121 -1.715135 -0.381290 0.247822 -1.719061 0.102460 0.191315 -1.719061 0.102460 0.191315 -2.300347 0.542430 0.261208 -1.944055 0.287080 0.536904 -2.117072 -0.153567 0.875528 -2.666773 0.870155 0.752495 -2.262312 0.853100 -2.649107 0.610058 0.819655 -3.721956 -1.400631 -0.502131 -0.012658 -0.726041 1.245856 -1.315263 -1.403932 0.756481 -2.360850 -0.874738 -0.831969 0.580728 -0.984431 -0.242305 0.263772
0.000000 0.000000 0.000000 0.000000 0.000000 0.000000 -2.571603 0.372157 0.237848 -1.840910 0.811867 -1.915776 -2.794547 -0.613885 1.057710 -2.585887 -0.482617 0.707907 -2.585887 -0.482617 0.707907 -2.408848 0.087155 -0.617084 -1.844998 -0.380952 0.217323 -1.793929 0.122088 0.168095 -1.793929 0.122088 0.168095 -2.283787 0.500641 0.283698 -1.952284 0.266477 0.565158 -2.129610 -0.142368 0.928431 -2.733506 0.845806 0.843280 -2.290076 0.681365 -2.696703 0.557355 0.668055 -3.672632 -1.384636 -0.526871 -0.043358 -0.684516 1.233493 -1.312955 -1.331867 0.747567 -2.476582 -0.884792 -0.790667 0.580124 -0.995728 -0.202231 0.260813
0.000000 0.000000 0.000000 0.000000 0.000000 0.000000 -2.417853 0.259374 0.076513 -1.820765 0.791733 -1.916565 -2.784229 -0.646320 1.042247 -2.570207 -0.452582 0.624690 -2.570207 -0.452582 0.624690 -2.309131 0.066977 -0.541604 -1.759869 -0.390843 0.247276 -1.698528 0.076463 0.152183 -1.698528 0.076463 0.152183 -2.285121 0.526372 0.259710 -1.955941 0.293347 0.552386 -2.127986 -0.144060 0.888045 -2.701615 0.890132 0.780597 -2.298325 0.787783 -2.673626 0.603110 0.704047 -3.764771 -1.398247 -0.526855 -0.002373 -0.729651 1.226414 -1.303209 -1.291354 0.729933 -2.507515 -0.867316 -0.812380 0.595442 -0.983117 -0.223772 0.280331
0.000000 0.000000 0.000000 0.000000 0.000000 0.000000 -2.438729 0.360914 0.096472 -1.842950 0.764812 -1.904008 -2.814568 -0.646282 1.058306 -2.597151 -0.563207 0.785841 -2.597151 -0.563207 0.785841 -2.379870 0.053721 -0.564717 -1.812338 -0.389660 0.261261 -1.764909 0.118474 0.153399 -1.764909 0.118474 0.153399 -2.288157 0.542388 0.265058 -1.985037 0.282651 0.549140 -2.158856 -0.143076 0.909236 -2.698763 0.884598 0.826378 -2.337835 0.768198 -2.644215 0.540851 0.667494 -3.783018 -1.399343 -0.527428 0.008234 -0.738987 1.226705 -1.299376 -1.356944 0.654302 -2.645624 -0.854737 -0.786698 0.611398 -0.977927 -0.197594 0.299119
0.000000 0.000000 0.000000 0.000000 0.000000 0.000000 -2.610803 0.373620 0.234246 -1.869072 0.766194 -1.889107 -2.799894 -0.655923 1.076697 -2.617697 -0.500439 0.812456 -2.617697 -0.500439 0.812456 -2.360301 0.073589 -0.657486 -1.810019 -0.386851 0.211947 -1.680433 0.025943 0.168954 -1.680433 0.025943 0.168954 -2.275338 0.522737 0.317419 -1.977643 0.274256 0.594581 -2.145252 -0.150233 0.946505 -2.718987 0.901675 0.884302 -2.338358 0.685862 -2.710040 0.606900 0.579859 -3.781738 -1.405622 -0.521711 0.028294 -0.755259 1.237380 -1.301490 -1.646808 0.594367 -2.610842 -0.859492 -0.769561 0.582853 -0.974377 -0.179621 0.271875
0.000000 0.000000 0.000000 0.000000 0.000000 0.000000 -2.565190 0.392074 0.267881 -1.917310 0.783677 -1.862828 -2.745427 -0.676791 1.018718 -2.559016 -0.419669 0.613384 -2.559016 -0.419669 0.613384 -2.405882 0.059564 -0.658639 -1.869122 -0.375372 0.227506 -1.782013 0.076714 0.170558 -1.782013 0.076714 0.170558 -2.288930 0.531387 0.304166 -1.983539 0.272421 0.576336 -2.149076 -0.144899 0.939968 -2.746647 0.893126 0.889678 -2.359320 0.643294 -2.698859 0.580979 0.556765 -3.777689 -1.410510 -0.546150 0.002149 -0.761623 1.167851 -1.285024 -1.595462 0.513332 -2.535555 -0.867228 -0.773275 0.590198 -0.983740 -0.183114 0.275426
0.000000 0.000000 0.000000 0.000000 0.000000 0.000000 -2.351330 0.230799 0.147937 -1.857271 0.736062 -1.853751 -2.812500 -0.678760 1.080724 -2.601860 -0.458197 0.726083 -2.601860 -0.458197 0.726083 -2.276398 0.070741 -0.506526 -1.787740 -0.401559 0.259862 -1.757482 0.111256 0.172646 -1.757482 0.111256 0.172646 -2.284909 0.519150 0.231612 -1.982943 0.263339 0.533554 -2.159191 -0.163619 0.894888 -2.697195 0.926222 0.844527 -2.387075 0.773411 -2.637336 0.588972 0.695731 -3.873917 -1.426882 -0.497755 0.071946 -0.839785 1.204441 -1.273229 -1.834786 0.419717 -2.346687 -0.768414 -0.776152 0.650492 -0.910894 -0.183330 0.362809
0.000000 0.000000 0.000000 0.000000 0.000000 0.000000 -2.533204 0.361903 0.315098 -1.958913 0.682067 -1.822640 -2.827686 -0.681571 1.129115 -2.639759 -0.460896 0.685270 -2.639759 -0.460896 0.685270 -2.348254 0.071801 -0.619013 -1.791529 -0.419627 0.202558 -1.661093 0.008504 0.159552 -1.661093 0.008504 0.159552 -2.288152 0.545482 0.299393 -1.985726 0.285095 0.582451 -2.144483 -0.164389 0.911803 -2.774827 0.925024 0.915178 -2.357071 0.570106 -2.764590 0.678822 0.487879 -3.850848 -1.374652 -0.526300 0.068879 -0.831434 1.165870 -1.197465 -1.558946 0.581056 -2.048247 -0.814352 -0.789652 0.623600 -0.944394 -0.197720 0.322883
0.000000 0.000000 0.000000 0.000000 0.000000 0.000000 -2.520217 0.377291 0.364953 -1.985199 0.670391 -1.810082 -2.816918 -0.707237 1.139929 -2.627671 -0.467424 0.743102 -2.627671 -0.467424 0.743102 -2.413847 0.066602 -0.666600 -1.874404 -0.399829 0.231753 -1.774605 0.044560 0.141840 -1.774605 0.044560 0.141840 -2.307120 0.547687 0.309436 -2.011739 0.293513 0.589848 -2.170681 -0.148791 0.917226 -2.764506 0.934177 0.955692 -2.396613 0.563096 -2.742018 0.637796 0.470569 -3.871581 -1.528858 -0.530885 0.005537 -0.854757 1.081790 -1.361076 -1.503979 0.514227 -2.264211 -0.853267 -0.784069 0.631284 -0.982949 -0.195446 0.317550
0.000000 0.000000 0.000000 0.000000 0.000000 0.000000 -2.542161 0.374067 0.367482 -1.994349 0.652093 -1.819376 -2.834646 -0.698625 1.133203 -2.633042 -0.429431 0.740947 -2.633042 -0.429431 0.740947 -2.408189 0.068143 -0.665713 -1.860445 -0.409812 0.219365 -1.757943 0.056852 0.142914 -1.757943 0.056852 0.142914 -2.316939 0.536568 0.310018 -2.014764 0.294427 0.593921 -2.167316 -0.140469 0.927938 -2.769299 0.950035 0.965045 -2.424786 0.555020 -2.733683 0.619730 0.454698 -3.890395 -1.534175 -0.547203 0.022360 -0.874116 1.058473 -1.348355 -1.440672 0.515757 -2.296281 -0.833966 -0.760421 0.614134 -0.961128 -0.169344 0.308387
0.000000 0.000000 0.000000 0.000000 0.000000 0.000000 -2.363523 0.271932 0.204544 -1.907749 0.639685 -1.765542 -2.811497 -0.752055 1.145574 -2.610362 -0.438645 0.770905 -2.610362 -0.438645 0.770905 -2.325773 0.089987 -0.588099 -1.798174 -0.417314 0.295022 -1.769219 0.103916 0.199937 -1.769219 0.103916 0.199937 -2.326910 0.526705 0.254646 -1.999199 0.286855 0.556136 -2.158600 -0.152540 0.901718 -2.746509 0.968232 0.940784 -2.484865 0.639172 -2.654620 0.561253 0.567067 -3.946226 -1.487477 -0.508800 0.128489 -0.944276 1.125029 -1.265400 -1.584588 0.356111 -2.443785 -0.826721 -0.788321 0.631144 -0.958279 -0.197243 0.325607
0.000000 0.000000 0.000000 0.000000 0.000000 0.000000 -2.394765 0.268993 0.206183 -1.928067 0.588037 -1.763999 -2.851088 -0.752852 1.154197 -2.596156 -0.454868 0.754204 -2.596156 -0.454868 0.754204 -2.322993 0.110136 -0.590584 -1.750782 -0.436275 0.274332 -1.692078 0.053794 0.190919 -1.692078 0.053794 0.190919 -2.344735 0.512989 0.287992 -1.980763 0.273851 0.577157 -2.140901 -0.170931 0.919605 -2.746231 1.001513 1.000236 -2.486522 0.575448 -2.719047 0.639571 0.462563 -3.956339 -1.604562 -0.496067 0.174981 -1.051040 1.064106 -1.336079 -1.931444 0.315738 -2.255344 -0.815750 -0.787200 0.596870 -0.937647 -0.193203 0.297634
0.000000 0.000000 0.000000 0.000000 0.000000 0.000000 -2.378367 0.214137 0.111634 -1.927259 0.541527 -1.764481 -2.879786 -0.751698 1.193265 -2.559963 -0.439374 0.775571 -2.559963 -0.439374 0.775571 -2.335414 0.098427 -0.529637 -1.798526 -0.425913 0.242428 -1.767278 0.078494 0.123098 -1.767278 0.078494 0.123098 -2.389228 0.544975 0.339175 -1.975441 0.296942 0.596854 -2.118601 -0.176666 0.898366 -2.721834 1.012267 0.994934 -2.530842 0.639761 -2.658020 0.592830 0.570399 -3.994492 -1.332281 -0.455781 0.255604 -0.977322 1.262650 -1.084786 -1.906516 0.641486 -1.997736 -0.784827 -0.800223 0.615442 -0.914173 -0.205318 0.324433
0.000000 0.000000 0.000000 0.000000 0.000000 0.000000 -2.371858 0.276571 0.134585 -1.939705 0.533189 -1.752591 -2.888622 -0.749290 1.179561 -2.590359 -0.469557 0.737130 -2.590359 -0.469557 0.737130 -2.344295 0.099139 -0.603297 -1.814898 -0.429547 0.289035 -1.780956 0.081393 0.154044 -1.780956 0.081393 0.154044 -2.395332 0.533417 0.351808 -1.980574 0.292733 0.595857 -2.134777 -0.161909 0.903283 -2.722741 1.046220 1.005373 -2.552386 0.630745 -2.675126 0.604782 0.528589 -4.014184 -1.356390 -0.478204 0.245646 -0.979123 1.226565 -1.103908 -1.869370 0.650031 -1.916692 -0.810287 -0.788935 0.608077 -0.936058 -0.194699 0.309383
0.000000 0.000000 0.000000 0.000000 0.000000 0.000000 -2.542265 0.340153 0.260537 -1.960252 0.501783 -1.709654 -2.894203 -0.773079 1.164120 -2.604943 -0.470419 0.686282 -2.604943 -0.470419 0.686282 -2.378602 0.093717 -0.666305 -1.831281 -0.429101 0.228833 -1.750769 0.085179 0.176009 -1.750769 0.085179 0.176009 -2.389620 0.520047 0.371007 -1.953919 0.288212 0.618607 -2.109564 -0.156144 0.959624 -2.754068 1.048470 1.076733 -2.586583 0.514368 -2.690668 0.464923 0.387746 -3.990166 -1.344754 -0.528476 0.286007 -0.985792 1.209743 -1.082728 -1.826039 0.904579 -1.656798 -0.804880 -0.757694 0.605525 -0.931770 -0.163860 0.309754
0.000000 0.000000 0.000000 0.000000 0.000000 0.000000 -2.657449 0.309894 0.354756 -1.958603 0.465491 -1.717059 -2.909613 -0.788559 1.199733 -2.615680 -0.477322 0.808563 -2.615680 -0.477322 0.808563 -2.409109 0.094987 -0.719662 -1.878964 -0.422385 0.204255 -1.803964 0.089135 0.200924 -1.803964 0.089135 0.200924 -2.408429 0.532992 0.362292 -1.974670 0.312682 0.604546 -2.132623 -0.127560 0.932925 -2.748096 1.089496 1.053746 -2.591286 0.541682 -2.715524 0.479541 0.379256 -4.016816 -1.546959 -0.526176 0.225140 -1.054678 1.074551 -1.260611 -2.127077 0.528929 -2.129863 -0.856148 -0.767906 0.604040 -0.977942 -0.178787 0.292365
0.000000 0.000000 0.000000 0.000000 0.000000 0.000000 -2.368037 0.243068 0.223200 -1.897694 0.430839 -1.692544 -2.931838 -0.787626 1.158942 -2.617747 -0.455539 0.771315 -2.617747 -0.455539 0.771315 -2.290454 0.086487 -0.606624 -1.787225 -0.436221 0.284305 -1.779248 0.120476 0.213680 -1.779248 0.120476 0.213680 -2.399413 0.553026 0.310687 -1.972419 0.297155 0.551517 -2.126037 -0.131692 0.898412 -2.669891 1.090260 1.036281 -2.653098 0.725956 -2.571637 0.349728 0.593031 -4.070698 -1.483628 -0.490719 0.216139 -1.047987 1.100646 -1.185682 -2.063514 0.500520 -2.112842 -0.867737 -0.805508 0.631900 -0.995095 -0.219209 0.313779
0.000000 0.000000 0.000000 0.000000 0.000000 0.000000 -2.366371 0.233922 0.206507 -1.900371 0.440720 -1.673791 -2.915341 -0.788742 1.166817 -2.581554 -0.458487 0.758221 -2.581554 -0.458487 0.758221 -2.251172 0.109440 -0.622616 -1.732657 -0.455173 0.295117 -1.712617 0.076231 0.232693 -1.712617 0.076231 0.232693 -2.409047 0.541990 0.310987 -1.980446 0.295846 0.557665 -2.134190 -0.131381 0.897030 -2.675707 1.159169 0.938449 -2.632827 0.802655 -2.620103 0.420873 0.610564 -4.089982 -1.490844 -0.488807 0.212303 -1.056518 1.086770 -1.184269 -2.027833 0.487867 -2.101704 -0.845200 -0.793595 0.638947 -0.977000 -0.207048 0.328209
0.000000 0.000000 0.000000 0.000000 0.000000 0.000000 -2.342590 0.238553 0.138261 -1.890836 0.391882 -1.652582 -2.937967 -0.777028 1.195398 -2.531807 -0.530924 0.717767 -2.531807 -0.530924 0.717767 -2.245448 0.133886 -0.554914 -1.747846 -0.483759 0.281129 -1.761198 0.099280 0.162372 -1.761198 0.099280 0.162372 -2.410958 0.514135 0.298718 -1.970453 0.283696 0.560930 -2.132631 -0.152879 0.903283 -2.655172 1.162525 0.994887 -2.675611 0.795254 -2.586287 0.398778 0.677876 -4.104605 -1.471900 -0.455393 0.225392 -1.080393 1.099026 -1.144482 -1.985382 0.605775 -2.007446 -0.898163 -0.836008 0.655673 -1.028662 -0.253544 0.325262
0.000000 0.000000 0.000000 0.000000 0.000000 0.000000 -2.362779 0.262565 0.140485 -1.899830 0.373108 -1.629440 -2.934467 -0.804724 1.197351 -2.524050 -0.565736 0.716129 -2.524050 -0.565736 0.716129 -2.252310 0.115585 -0.620151 -1.768266 -0.460086 0.304069 -1.783732 0.132215 0.208636 -1.783732 0.132215 0.208636 -2.415106 0.519047 0.305339 -1.979340 0.293180 0.566321 -2.128640 -0.135992 0.905669 -2.678708 1.175453 0.980758 -2.669946 0.764813 -2.620001 0.467830 0.750189 -4.057515 -1.501867 -0.480927 0.249684 -1.106924 1.068294 -1.158294 -1.899987 0.704729 -1.977619 -0.856023 -0.801958 0.658823 -0.992716 -0.216953 0.342542
0.000000 0.000000 0.000000 0.000000 0.000000 0.000000 -2.341671 0.267142 0.117423 -1.916628 0.336226 -1.628209 -2.951473 -0.792490 1.214198 -2.491102 -0.558681 0.639752 -2.491102 -0.558681 0.639752 -2.263686 0.115795 -0.654740 -1.786152 -0.445152 0.343358 -1.783073 0.085900 0.194598 -1.783073 0.085900 0.194598 -2.437607 0.498127 0.299454 -2.002511 0.279688 0.566367 -2.133154 -0.122139 0.926830 -2.705567 1.184828 1.069353 -2.762164 0.660618 -2.579855 0.426120 0.618172 -4.073517 -1.520892 -0.472212 0.247574 -1.128336 1.048590 -1.161153 -1.972201 0.664957 -2.026819 -0.874879 -0.786535 0.654050 -1.009487 -0.202685 0.332401
0.000000 0.000000 0.000000 0.000000 0.000000 0.000000 -2.346161 0.232312 0.116658 -1.875775 0.301612 -1.622763 -2.977797 -0.789702 1.207526 -2.503617 -0.568851 0.669679 -2.503617 -0.568851 0.669679 -2.229012 0.111814 -0.607625 -1.754132 -0.469539 0.315098 -1.778715 0.132241 0.191457 -1.778715 0.132241 0.191457 -2.426546 0.481151 0.262006 -1.987609 0.281029 0.550341 -2.121333 -0.109791 0.923434 -2.678425 1.196528 1.087519 -2.808340 0.708883 -2.516740 0.423492 0.658983 -4.077638 -1.428503 -0.521309 0.311882 -1.103215 1.079684 -1.067844 -1.445282 0.608901 -1.542760 -0.887824 -0.791422 0.665738 -1.024609 -0.210122 0.339328
0.000000 0.000000 0.000000 0.000000 0.000000 0.000000 -2.330002 0.234485 0.139216 -1.870784 0.292945 -1.610234 -2.977973 -0.809074 1.188691 -2.502470 -0.551092 0.596527 -2.502470 -0.551092 0.596527 -2.207878 0.115720 -0.657118 -1.755527 -0.473722 0.344044 -1.786992 0.125242 0.229150 -1.786992 0.125242 0.229150 -2.426103 0.482035 0.271538 -1.982141 0.295061 0.559275 -2.114998 -0.094121 0.933641 -2.677688 1.240299 1.085665 -2.823835 0.707238 -2.547812 0.500008 0.565915 -4.098084 -1.395436 -0.556543 0.323705 -1.080675 1.078063 -1.040210 -1.194535 0.562806 -1.397612 -0.884177 -0.773763 0.662226 -1.021212 -0.191752 0.337472
0.000000 0.000000 0.000000 0.000000 0.000000 0.000000 -2.323843 0.250642 0.135241 -1.882714 0.291680 -1.590111 -2.979612 -0.764408 1.191044 -2.516275 -0.512782 0.593023 -2.516275 -0.512782 0.593023 -2.200404 0.135340 -0.603627 -1.746229 -0.499415 0.316871 -1.787550 0.118457 0.185971 -1.787550 0.118457 0.185971 -2.432860 0.476272 0.269566 -1.986903 0.283310 0.571008 -2.113346 -0.121935 0.947042 -2.662177 1.241987 1.127588 -2.858218 0.699804 -2.515350 0.400845 0.514710 -4.094599 -1.403262 -0.581590 0.339615 -1.098979 1.039215 -1.025153 -1.097673 0.437721 -1.328316 -0.890335 -0.796630 0.666419 -1.027018 -0.214460 0.338415
0.000000 0.000000 0.000000 0.000000 0.000000 0.000000 -2.356539 0.208311 0.110060 -1.886790 0.254605 -1.577779 -3.003684 -0.748999 1.175698 -2.554945 -0.478810 0.634337 -2.554945 -0.478810 0.634337 -2.189447 0.110368 -0.645240 -1.701999 -0.492177 0.294996 -1.698593 0.071224 0.201307 -1.698593 0.071224 0.201307 -2.434149 0.492998 0.304768 -1.983384 0.312301 0.593019 -2.106398 -0.099801 0.953724 -2.714139 1.286112 1.119527 -2.913667 0.639247 -2.520161 0.328976 0.349276 -4.080601 -1.422247 -0.583685 0.351547 -1.110328 1.042752 -1.046814 -0.875789 0.361654 -1.275241 -0.896140 -0.779586 0.668507 -1.033895 -0.198630 0.339116
0.000000 0.000000 0.000000 0.000000 0.000000 0.000000 -2.326011 0.194064 0.089681 -1.876884 0.264498 -1.572349 -2.996093 -0.717502 1.176248 -2.540296 -0.455107 0.680988 -2.540296 -0.455107 0.680988 -2.164433 0.134517 -0.649364 -1.699930 -0.491399 0.317833 -1.703011 0.061457 0.213199 -1.703011 0.061457 0.213199 -2.434401 0.456496 0.282540 -1.988637 0.271173 0.582878 -2.101900 -0.103764 0.969761 -2.673861 1.248812 1.175369 -2.924237 0.655499 -2.463246 0.226714 0.389828 -4.047673 -1.450961 -0.576445 0.381778 -1.165443 1.007188 -1.033974 -0.855215 0.319500 -1.234789 -0.861342 -0.759284 0.678916 -1.006058 -0.176854 0.360532
0.000000 0.000000 0.000000 0.000000 0.000000 0.000000 -2.362658 0.205616 0.127838 -1.894877 0.257972 -1.554446 -2.997200 -0.724060 1.168585 -2.569453 -0.455240 0.632357 -2.569453 -0.455240 0.632357 -2.182204 0.138943 -0.655090 -1.712977 -0.508566 0.306796 -1.711366 0.065695 0.184054 -1.711366 0.065695 0.184054 -2.440574 0.457657 0.289103 -1.991614 0.290316 0.589479 -2.106845 -0.098967 0.964174 -2.657756 1.280267 1.206165 -2.953295 0.645831 -2.469323 0.187366 0.324639 -4.040781 -1.449520 -0.589470 0.420761 -1.200267 0.980433 -0.998901 -0.874036 0.372699 -1.213127 -0.905695 -0.777897 0.661902 -1.040625 -0.198142 0.330518
0.000000 0.000000 0.000000 0.000000 0.000000 0.000000 -2.384957 0.199477 0.144998 -1.915612 0.250097 -1.552132 -2.989651 -0.715250 1.168653 -2.547112 -0.402327 0.640038 -2.547112 -0.402327 0.640038 -2.175705 0.129939 -0.690628 -1.687259 -0.515192 0.298351 -1.651310 0.006927 0.199937 -1.651310 0.006927 0.199937 -2.430666 0.456273 0.294594 -1.980370 0.297188 0.594056 -2.098718 -0.080350 0.974798 -2.669426 1.302820 1.220088 -3.004343 0.631758 -2.434517 0.084057 0.231880 -4.026141 -1.514816 -0.613951 0.426156 -1.237361 0.918114 -1.039085 -0.838846 0.380055 -1.104139 -0.857044 -0.737798 0.685247 -1.005123 -0.156136 0.368513
0.000000 0.000000 0.000000 0.000000 0.000000 0.000000 -2.600537 0.227140 0.405167 -1.992315 0.270952 -1.534613 -3.001977 -0.726746 1.177891 -2.557000 -0.393717 0.737297 -2.557000 -0.393717 0.737297 -2.249300 0.135798 -0.764695 -1.741344 -0.507946 0.223178 -1.656964 -0.029884 0.157404 -1.656964 -0.029884 0.157404 -2.423767 0.429567 0.296812 -1.969920 0.347841 0.614399 -2.092407 -0.059020 0.961029 -2.649446 1.349201 1.209821 -3.030330 0.678279 -2.431760 0.077166 0.172468 -4.074610 -1.537435 -0.601932 0.428711 -1.258079 0.909579 -1.050801 -0.741531 0.341147 -0.961472 -0.773003 -0.693533 0.716227 -0.939176 -0.108057 0.424929
0.000000 0.000000 0.000000 0.000000 0.000000 0.000000 -2.377082 0.158509 0.332949 -1.931537 0.274862 -1.504619 -2.978355 -0.719600 1.158233 -2.546628 -0.382171 0.716479 -2.546628 -0.382171 0.716479 -2.202490 0.148166 -0.701145 -1.717676 -0.503588 0.312105 -1.723024 0.040195 0.177263 -1.723024 0.040195 0.177263 -2.418335 0.447575 0.240147 -1.967372 0.334523 0.572682 -2.091123 -0.063671 0.944001 -2.671584 1.351133 1.167870 -2.993293 0.672559 -2.481752 0.124410 0.152865 -4.059471 -1.537325 -0.572321 0.446842 -1.302558 0.891087 -1.003663 -0.779014 0.325795 -0.926431 -0.776931 -0.711966 0.727239 -0.945076 -0.128320 0.433827
0.000000 0.000000 0.000000 0.000000 0.000000 0.000000 -2.305586 0.212417 0.293152 -1.942691 0.299664 -1.491913 -2.961254 -0.710206 1.155293 -2.500409 -0.366515 0.694911 -2.500409 -0.366515 0.694911 -2.186016 0.127670 -0.692576 -1.707678 -0.507286 0.345520 -1.709549 0.075123 0.163770 -1.709549 0.075123 0.163770 -2.388642 0.418338 0.212878 -1.946054 0.284628 0.541903 -2.084714 -0.075734 0.940038 -2.636001 1.349837 1.307887 -3.123304 0.623330 -2.336503 -0.062642 0.095152 -4.083830 -1.544275 -0.569849 0.483680 -1.348506 0.861257 -0.964096 -0.724169 0.257466 -1.020967 -0.735595 -0.705356 0.746178 -0.913120 -0.119396 0.464136
0.000000 0.000000 0.000000 0.000000 0.000000 0.000000 -2.371616 0.213619 0.283783 -1.978796 0.271452 -1.494607 -2.992916 -0.708494 1.150569 -2.490176 -0.357996 0.714965 -2.490176 -0.357996 0.714965 -2.189494 0.134205 -0.676419 -1.662348 -0.552593 0.307354 -1.649615 0.015373 0.159927 -1.649615 0.015373 0.159927 -2.357477 0.502486 0.265205 -1.905661 0.358797 0.565939 -2.076244 -0.066961 0.923459 -2.655974 1.401389 1.326559 -3.179216 0.573798 -2.340280 -0.051547 0.004515 -4.084206 -1.554814 -0.563527 0.493330 -1.367236 0.852910 -0.959808 -0.724512 0.317794 -0.885077 -0.818889 -0.745877 0.701414 -0.974722 -0.160710 0.394478
0.000000 0.000000 0.000000 0.000000 0.000000 0.000000 -2.339671 0.154985 0.254469 -1.950803 0.262204 -1.493775 -2.996896 -0.675482 1.144732 -2.515920 -0.335791 0.693563 -2.515920 -0.335791 0.693563 -2.146862 0.144292 -0.651639 -1.640163 -0.567684 0.291721 -1.642812 0.002679 0.156765 -1.642812 0.002679 0.156765 -2.351713 0.481378 0.274331 -1.901823 0.339529 0.575742 -2.075145 -0.069490 0.948132 -2.643725 1.394657 1.379665 -3.207905 0.536346 -2.309738 -0.131576 -0.028633 -4.073570 -1.569100 -0.581038 0.523845 -1.406210 0.803131 -0.927003 -0.737173 0.309051 -0.951068 -0.840954 -0.745793 0.697886 -0.994106 -0.161669 0.383967
0.000000 0.000000 0.000000 0.000000 0.000000 0.000000 -2.350605 0.154347 0.237120 -1.974486 0.281194 -1.465366 -2.982014 -0.661421 1.134999 -2.519938 -0.296404 0.649654 -2.519938 -0.296404 0.649654 -2.167897 0.154982 -0.631616 -1.681558 -0.571493 0.281044 -1.719641 0.069435 0.160615 -1.719641 0.069435 0.160615 -2.348159 0.465111 0.265643 -1.905510 0.322482 0.574840 -2.075749 -0.073463 0.963012 -2.594301 1.363640 1.458936 -3.261155 0.555400 -2.188273 -0.279684 0.016943 -4.067566 -1.559489 -0.557142 0.526022 -1.415749 0.812545 -0.904004 -0.668911 0.228421 -0.938946 -0.783839 -0.715985 0.712874 -0.947074 -0.130739 0.417735
0.000000 0.000000 0.000000 0.000000 0.000000 0.000000 -2.418101 0.191846 0.254934 -2.033005 0.294961 -1.464174 -2.997677 -0.657380 1.130309 -2.532238 -0.269251 0.664706 -2.532238 -0.269251 0.664706 -2.211842 0.149022 -0.681971 -1.683714 -0.577556 0.260003 -1.647618 0.029920 0.138942 -1.647618 0.029920 0.138942 -2.320641 0.489569 0.291980 -1.893331 0.335445 0.591090 -2.065177 -0.067896 0.978129 -2.565705 1.367256 1.468392 -3.284986 0.607415 -2.130943 -0.388376 0.027555 -4.046909 -1.607175 -0.597410 0.558845 -1.474492 0.715385 -0.880418 -0.645283 0.294052 -1.002704 -0.873369 -0.747784 0.682026 -1.018792 -0.166436 0.359713
0.000000 0.000000 0.000000 0.000000 0.000000 0.000000 -2.365217 0.135094 0.268186 -2.012152 0.291620 -1.447114 -2.987832 -0.626117 1.131559 -2.543775 -0.243893 0.662822 -2.543775 -0.243893 0.662822 -2.187495 0.174135 -0.646411 -1.681055 -0.601107 0.249674 -1.658923 -0.004178 0.119350 -1.658923 -0.004178 0.119350 -2.279073 0.471605 0.269989 -1.880156 0.325347 0.584341 -2.054756 -0.057241 0.988309 -2.619806 1.373555 1.551165 -3.372430 0.451325 -2.069411 -0.515366 -0.095544 -3.967643 -1.622472 -0.541683 0.583399 -1.539294 0.700526 -0.821531 -0.678486 0.222547 -1.027438 -0.745506 -0.679711 0.720299 -0.915775 -0.091935 0.437399
0.000000 0.000000 0.000000 0.000000 0.000000 0.000000 -2.333668 0.102031 0.304913 -2.000866 0.309686 -1.449858 -2.984328 -0.598404 1.101498 -2.528410 -0.252392 0.657656 -2.528410 -0.252392 0.657656 -2.177427 0.180528 -0.658870 -1.675367 -0.606246 0.260233 -1.638605 -0.000745 0.130257 -1.638605 -0.000745 0.130257 -2.252210 0.416248 0.233142 -1.895277 0.305986 0.573753 -2.074850 -0.055149 0.986104 -2.622773 1.359064 1.601114 -3.377666 0.373778 -2.074396 -0.504049 -0.096146 -3.941493 -1.593835 -0.550848 0.575898 -1.520719 0.690183 -0.786731 -0.721599 0.109905 -0.965759 -0.745145 -0.674951 0.756247 -0.926880 -0.089529 0.470699
0.000000 0.000000 0.000000 0.000000 0.000000 0.000000 -2.359008 0.181466 0.320693 -2.038452 0.327840 -1.432226 -2.976146 -0.590860 1.072895 -2.475668 -0.247920 0.651605 -2.475668 -0.247920 0.651605 -2.214364 0.184083 -0.688360 -1.692771 -0.609868 0.257546 -1.643432 -0.008855 0.131220 -1.643432 -0.008855 0.131220 -2.249284 0.406302 0.235984 -1.907775 0.322836 0.591069 -2.082771 -0.040170 1.004558 -2.588165 1.356596 1.570857 -3.384280 0.493495 -2.008814 -0.597603 -0.054781 -3.949552 -1.599563 -0.548910 0.571442 -1.528908 0.671962 -0.774310 -0.689807 0.089636 -1.026838 -0.745158 -0.651544 0.768431 -0.931558 -0.068321 0.483198
0.000000 0.000000 0.000000 0.000000 0.000000 0.000000 -2.464005 0.199133 0.497051 -2.088882 0.344443 -1.413864 -2.993501 -0.590315 1.067790 -2.488692 -0.247064 0.618181 -2.488692 -0.247064 0.618181 -2.274055 0.190978 -0.743140 -1.788887 -0.602928 0.204626 -1.743022 0.014030 0.110342 -1.743022 0.014030 0.110342 -2.222462 0.434450 0.254291 -1.911832 0.346502 0.616226 -2.077673 -0.045281 1.012139 -2.594831 1.374149 1.638264 -3.437039 0.401000 -1.982812 -0.643819 -0.190408 -3.937176 -1.602355 -0.542703 0.561156 -1.534590 0.653345 -0.757032 -0.716720 0.039125 -0.985584 -0.880517 -0.717127 0.720174 -1.038947 -0.139078 0.393147
0.000000 0.000000 0.000000 0.000000 0.000000 0.000000 -2.463713 0.169490 0.549528 -2.095101 0.324864 -1.411345 -3.007091 -0.587369 1.068191 -2.511400 -0.252406 0.623343 -2.511400 -0.252406 0.623343 -2.245679 0.157204 -0.753337 -1.760539 -0.608685 0.192322 -1.685866 -0.021482 0.129606 -1.685866 -0.021482 0.129606 -2.203010 0.473801 0.265145 -1.899477 0.370238 0.616568 -2.064033 -0.034377 0.997651 -2.594971 1.400562 1.643373 -3.474870 0.410619 -1.946758 -0.707335 -0.220222 -3.923919 -1.576921 -0.539906 0.564034 -1.531320 0.637092 -0.705515 -0.733537 0.085242 -0.997631 -0.878976 -0.715926 0.698782 -1.030767 -0.137303 0.374585
0.000000 0.000000 0.000000 0.000000 0.000000 0.000000 -2.431747 0.190369 0.609424 -2.111735 0.363503 -1.374131 -2.979764 -0.562831 1.062691 -2.483425 -0.216902 0.597531 -2.483425 -0.216902 0.597531 -2.247156 0.189394 -0.742290 -1.767514 -0.624092 0.199948 -1.692830 -0.018383 0.116782 -1.692830 -0.018383 0.116782 -2.184098 0.454245 0.236180 -1.901862 0.328013 0.595466 -2.067248 -0.040023 1.010372 -2.576139 1.370716 1.730225 -3.517711 0.351035 -1.853008 -0.791647 -0.234653 -3.908239 -1.592733 -0.527465 0.596401 -1.570632 0.625848 -0.681789 -0.830032 0.066922 -0.965259 -0.788243 -0.673658 0.744543 -0.962882 -0.092402 0.447246
0.000000 0.000000 0.000000 0.000000 0.000000 0.000000 -2.399599 0.203580 0.616607 -2.122712 0.372662 -1.362361 -2.984550 -0.516321 1.054211 -2.531087 -0.218905 0.597917 -2.531087 -0.218905 0.597917 -2.248017 0.191644 -0.757748 -1.793293 -0.618153 0.205579 -1.705884 -0.025559 0.104736 -1.705884 -0.025559 0.104736 -2.163994 0.429333 0.228879 -1.906145 0.313404 0.593956 -2.078063 -0.042148 1.009137 -2.566469 1.375907 1.734687 -3.550251 0.391910 -1.779023 -0.834485 -0.239157 -3.923389 -1.559151 -0.533428 0.573699 -1.536755 0.620923 -0.656600 -0.805233 0.098356 -0.874169 -0.778593 -0.671116 0.780256 -0.964993 -0.092238 0.483562
0.000000 0.000000 0.000000 0.000000 0.000000 0.000000 -2.400774 0.192710 0.565264 -2.125116 0.368037 -1.361525 -2.990787 -0.512845 1.041907 -2.532206 -0.213934 0.594809 -2.532206 -0.213934 0.594809 -2.230962 0.175933 -0.793521 -1.775024 -0.618348 0.212560 -1.664606 -0.034507 0.128166 -1.664606 -0.034507 0.128166 -2.160479 0.432692 0.236857 -1.922721 0.318379 0.602991 -2.089130 -0.017616 1.032968 -2.555121 1.379030 1.752801 -3.575622 0.403688 -1.726401 -0.921891 -0.286496 -3.939182 -1.529224 -0.559489 0.571060 -1.510745 0.603715 -0.630923 -0.739765 0.107069 -0.876425 -0.772481 -0.633582 0.806717 -0.969483 -0.056503 0.511017
0.000000 0.000000 0.000000 0.000000 0.000000 0.000000 -2.462707 0.193296 0.537705 -2.141376 0.374692 -1.360536 -2.990335 -0.528404 1.042331 -2.516729 -0.189167 0.583258 -2.516729 -0.189167 0.583258 -2.248032 0.163412 -0.790399 -1.787917 -0.621207 0.187017 -1.656964 -0.035460 0.106820 -1.656964 -0.035460 0.106820 -2.179106 0.432186 0.242294 -1.951460 0.330448 0.616227 -2.095273 0.001420 1.038831 -2.551780 1.369248 1.793438 -3.604583 0.374670 -1.665770 -0.982453 -0.319520 -3.927953 -1.544179 -0.553932 0.553261 -1.518685 0.578891 -0.626858 -0.848110 0.094943 -0.859741 -0.783976 -0.618533 0.809699 -0.982231 -0.041499 0.509942
0.000000 0.000000 0.000000 0.000000 0.000000 0.000000 -2.423720 0.157561 0.560553 -2.128948 0.385160 -1.355674 -2.982386 -0.517776 1.039001 -2.481427 -0.176084 0.593187 -2.481427 -0.176084 0.593187 -2.218855 0.171653 -0.806922 -1.794497 -0.621471 0.210838 -1.676081 -0.031908 0.122900 -1.676081 -0.031908 0.122900 -2.150256 0.432217 0.236130 -1.953546 0.324169 0.620845 -2.082041 -0.009898 1.032466 -2.485183 1.379743 1.787496 -3.622260 0.511939 -1.560840 -1.070748 -0.274994 -4.007744 -1.479827 -0.561307 0.578671 -1.489616 0.589516 -0.561277 -0.838300 0.035378 -0.831443 -0.755024 -0.620685 0.793360 -0.950399 -0.039017 0.503349
0.000000 0.000000 0.000000 0.000000 0.000000 0.000000 -2.386465 0.155196 0.527800 -2.130982 0.397322 -1.336467 -2.979182 -0.477026 1.009048 -2.466815 -0.190055 0.575773 -2.466815 -0.190055 0.575773 -2.210025 0.155036 -0.771021 -1.801140 -0.633904 0.184092 -1.677625 -0.018410 0.088348 -1.677625 -0.018410 0.088348 -2.118000 0.445360 0.230511 -1.975452 0.316644 0.628106 -2.069188 -0.006189 1.036289 -2.545672 1.395668 1.822241 -3.686594 0.416719 -1.499394 -1.124401 -0.388071 -3.980871 -1.461195 -0.504096 0.563574 -1.499550 0.555911 -0.468084 -0.916856 -0.205162 -1.038331 -0.770320 -0.629831 0.823118 -0.973258 -0.052193 0.526031
0.000000 0.000000 0.000000 0.000000 0.000000 0.000000 -2.374249 0.144779 0.517623 -2.123961 0.404048 -1.317249 -2.960124 -0.462432 0.997260 -2.418835 -0.198547 0.562281 -2.418835 -0.198547 0.562281 -2.197021 0.171175 -0.777042 -1.802898 -0.636569 0.197454 -1.692561 -0.016003 0.113181 -1.692561 -0.016003 0.113181 -2.113346 0.421812 0.235210 -1.980574 0.291649 0.630059 -2.064118 -0.016481 1.034142 -2.525571 1.391428 1.841498 -3.692053 0.422565 -1.474169 -1.154071 -0.373837 -3.971312 -1.446727 -0.518049 0.562349 -1.488026 0.534594 -0.446853 -0.907446 -0.179136 -0.948041 -0.780671 -0.645759 0.820765 -0.981306 -0.068612 0.520074
0.000000 0.000000 0.000000 0.000000 0.000000 0.000000 -2.267467 0.104085 0.503048 -2.110987 0.414304 -1.321100 -2.955454 -0.441513 1.015297 -2.440748 -0.180904 0.617023 -2.440748 -0.180904 0.617023 -2.157717 0.149182 -0.754461 -1.824897 -0.647083 0.228380 -1.754261 0.046480 0.112119 -1.754261 0.046480 0.112119 -2.085596 0.443803 0.197454 -2.007811 0.300032 0.612230 -2.070600 -0.017587 1.006795 -2.509955 1.391204 1.896405 -3.734928 0.399540 -1.379740 -1.229906 -0.415900 -3.973289 -1.422611 -0.521306 0.546483 -1.462884 0.523755 -0.427885 -0.883583 -0.190576 -0.853937 -0.810589 -0.673046 0.809780 -1.003882 -0.098350 0.500276
0.000000 0.000000 0.000000 0.000000 0.000000 0.000000 -2.219705 0.100442 0.493220 -2.093248 0.439080 -1.303169 -2.941561 -0.414654 0.955099 -2.404046 -0.172810 0.571491 -2.404046 -0.172810 0.571491 -2.109701 0.148569 -0.764766 -1.777674 -0.658899 0.242784 -1.680060 -0.011125 0.126513 -1.680060 -0.011125 0.126513 -2.064052 0.434427 0.210328 -2.013380 0.273816 0.628408 -2.057062 -0.031427 1.022497 -2.473052 1.399342 1.903865 -3.739848 0.445163 -1.347620 -1.276595 -0.365079 -3.985090 -1.404724 -0.544176 0.574878 -1.459414 0.520659 -0.409348 -0.885753 -0.087253 -0.764570 -0.777568 -0.666499 0.816519 -0.975739 -0.089574 0.517021
0.000000 0.000000 0.000000 0.000000 0.000000 0.000000 -2.078767 0.018088 0.355695 -2.038842 0.473513 -1.271008 -2.881235 -0.381440 0.948833 -2.369110 -0.200664 0.509852 -2.369110 -0.200664 0.509852 -2.030077 0.138889 -0.672014 -1.773665 -0.670847 0.285687 -1.714205 0.003952 0.097730 -1.714205 0.003952 0.097730 -2.036372 0.405796 0.154692 -2.029004 0.283658 0.605089 -2.067761 -0.043924 0.994882 -2.510965 1.399100 1.902388 -3.764250 0.428719 -1.294908 -1.349124 -0.272127 -3.891528 -1.444820 -0.500986 0.548931 -1.495767 0.473532 -0.380109 -0.889943 -0.185121 -0.684026 -0.766014 -0.681507 0.844588 -0.972542 -0.107185 0.546784
0.000000 0.000000 0.000000 0.000000 0.000000 0.000000 -2.071515 0.002998 0.304642 -2.050345 0.474720 -1.254325 -2.873746 -0.376839 0.970689 -2.359548 -0.188420 0.509654 -2.359548 -0.188420 0.509654 -2.009313 0.118679 -0.672251 -1.759298 -0.665215 0.284574 -1.693498 0.011851 0.111505 -1.693498 0.011851 0.111505 -2.043197 0.418159 0.168862 -2.036992 0.311684 0.618370 -2.077913 -0.048169 0.979792 -2.500207 1.393246 1.948600 -3.805071 0.429648 -1.161706 -1.502406 -0.283801 -3.828700 -1.418702 -0.494418 0.550264 -1.478562 0.476075 -0.353368 -0.826454 -0.145204 -0.673192 -0.718282 -0.661907 0.836968 -0.911259 -0.134575 0.581759
0.000000 0.000000 0.000000 0.000000 0.000000 0.000000 -2.031813 0.029831 0.346265 -2.045177 0.510252 -1.233915 -2.851981 -0.356153 0.946796 -2.322549 -0.187349 0.499649 -2.322549 -0.187349 0.499649 -1.989833 0.133530 -0.669989 -1.746473 -0.692630 0.306042 -1.687639 -0.001426 0.122868 -1.687639 -0.001426 0.122868 -2.043876 0.414843 0.162219 -2.042429 0.309744 0.613192 -2.078614 -0.046221 0.970564 -2.470914 1.404974 1.951784 -3.815615 0.486826 -1.097633 -1.573530 -0.280268 -3.834102 -1.430175 -0.474600 0.573082 -1.506799 0.464101 -0.317504 -0.915008 -0.037116 -0.630428 -0.689677 -0.649180 0.824278 -0.867461 -0.163458 0.600288
0.000000 0.000000 0.000000 0.000000 0.000000 0.000000 -2.017571 0.020926 0.352713 -2.037961 0.524367 -1.218954 -2.838148 -0.339379 0.931824 -2.315521 -0.195595 0.488625 -2.315521 -0.195595 0.488625 -1.993743 0.134642 -0.670079 -1.769421 -0.691618 0.306504 -1.716672 0.009768 0.102311 -1.716672 0.009768 0.102311 -2.056579 0.393559 0.147598 -2.055096 0.362199 0.609503 -2.134864 -0.048356 0.939724 -2.448298 1.432801 1.983438 -3.858506 0.517707 -0.979782 -1.732743 -0.352325 -3.756297 -1.507895 -0.446321 0.561040 -1.568335 0.463344 -0.365208 -1.041956 -0.165839 -0.552046 -0.721675 -0.654637 0.878434 -0.917051 -0.158842 0.634392
0.000000 0.000000 0.000000 0.000000 0.000000 0.000000 -2.019065 0.026366 0.354484 -2.060546 0.530930 -1.204175 -2.850466 -0.324860 0.915194 -2.316431 -0.178339 0.515194 -2.316431 -0.178339 0.515194 -1.999772 0.115703 -0.707042 -1.792573 -0.673063 0.290839 -1.730119 0.019493 0.130371 -1.730119 0.019493 0.130371 -2.029878 0.409548 0.174970 -2.018230 0.361539 0.629300 -2.109741 -0.057317 0.944206 -2.415829 1.450866 1.962955 -3.855682 0.620784 -0.900949 -1.840007 -0.413967 -3.778421 -1.464486 -0.453193 0.578082 -1.544769 0.439985 -0.298883 -1.070718 -0.084137 -0.585650 -0.694169 -0.654878 0.886349 -0.899473 -0.139995 0.640157
0.000000 0.000000 0.000000 0.000000 0.000000 0.000000 -1.997114 0.024071 0.347520 -2.057948 0.554997 -1.178797 -2.825910 -0.306295 0.908734 -2.315469 -0.154359 0.503591 -2.315469 -0.154359 0.503591 -1.981703 0.116831 -0.678967 -1.788944 -0.697986 0.287567 -1.736902 0.036128 0.092382 -1.736902 0.036128 0.092382 -2.030422 0.399554 0.153099 -2.039599 0.364616 0.610546 -2.135278 -0.046631 0.937626 -2.437307 1.426868 1.998291 -3.873389 0.573610 -0.827043 -1.900075 -0.421895 -3.734046 -1.462533 -0.445448 0.540528 -1.529988 0.407451 -0.285679 -0.948491 -0.139341 -0.591246 -0.715642 -0.645389 0.905046 -0.925372 -0.133201 0.651761
0.000000 0.000000 0.000000 0.000000 0.000000 0.000000 -1.961959 0.022398 0.359298 -2.042400 0.567755 -1.151399 -2.801057 -0.290670 0.896544 -2.304416 -0.107796 0.485960 -2.304416 -0.107796 0.485960 -1.908873 0.116439 -0.672742 -1.670917 -0.722049 0.290731 -1.542181 -0.046416 0.093296 -1.542181 -0.046416 0.093296 -2.020875 0.379758 0.137137 -2.035578 0.352427 0.594106 -2.140651 -0.050257 0.933789 -2.457771 1.430505 2.000283 -3.889622 0.582727 -0.753869 -1.961875 -0.406401 -3.724043 -1.468814 -0.439470 0.529161 -1.534441 0.376018 -0.262694 -0.845669 -0.193420 -0.607347 -0.699352 -0.640386 0.911804 -0.911223 -0.130318 0.664203
0.000000 0.000000 0.000000 0.000000 0.000000 0.000000 -2.013143 0.035798 0.396931 -2.078467 0.574250 -1.132445 -2.808893 -0.280224 0.865272 -2.307217 -0.107039 0.418640 -2.307217 -0.107039 0.418640 -1.930420 0.086820 -0.714027 -1.717603 -0.711319 0.253952 -1.499881 -0.158675 0.001882 -1.499881 -0.158675 0.001882 -1.996830 0.403245 0.169292 -2.031993 0.401602 0.637803 -2.154093 -0.046810 0.936130 -2.472992 1.419205 1.956528 -3.864140 0.631997 -0.750175 -1.987700 -0.300049 -3.684733 -1.483296 -0.437607 0.548751 -1.556970 0.366837 -0.247603 -0.801099 -0.200436 -0.641616 -0.673988 -0.613248 0.936678 -0.894895 -0.105189 0.696282
0.000000 0.000000 0.000000 0.000000 0.000000 0.000000 -1.979148 0.016644 0.389077 -2.063396 0.575892 -1.121859 -2.789671 -0.282615 0.869220 -2.281839 -0.111876 0.425812 -2.281839 -0.111876 0.425812 -1.911374 0.093260 -0.684090 -1.721688 -0.731866 0.264156 -1.501964 -0.190913 -0.021798 -1.501964 -0.190913 -0.021798 -1.989800 0.382824 0.160983 -2.024197 0.402568 0.623097 -2.146334 -0.039562 0.933819 -2.440250 1.394043 2.014641 -3.871406 0.623898 -0.631002 -2.107321 -0.292661 -3.605181 -1.488634 -0.431569 0.562907 -1.571143 0.345600 -0.213368 -0.797645 -0.219450 -0.577074 -0.664513 -0.606835 0.935934 -0.886296 -0.097472 0.698123
0.000000 0.000000 0.000000 0.000000 0.000000 0.000000 -1.934586 0.009781 0.370065 -2.042818 0.597195 -1.111965 -2.785242 -0.252943 0.844340 -2.267572 -0.104708 0.417906 -2.267572 -0.104708 0.417906 -1.943367 0.085008 -0.745789 -1.851526 -0.698446 0.299018 -1.717259 -0.106333 0.027390 -1.717259 -0.106333 0.027390 -1.960855 0.378206 0.183989 -1.994507 0.387372 0.644569 -2.127985 -0.059001 0.944270 -2.436330 1.428468 2.047335 -3.910221 0.642185 -0.502147 -2.237659 -0.266742 -3.487041 -1.570105 -0.421485 0.604003 -1.661396 0.330511 -0.217549 -1.119107 -0.160669 -0.518160 -0.646572 -0.620232 0.919227 -0.883161 -0.056964 0.661720
0.000000 0.000000 0.000000 0.000000 0.000000 0.000000 -1.936583 0.017033 0.377964 -2.039607 0.617700 -1.089867 -2.760293 -0.231244 0.854586 -2.238421 -0.089724 0.433162 -2.238421 -0.089724 0.433162 -1.877017 0.099367 -0.713638 -1.730725 -0.742022 0.283304 -1.517052 -0.170157 0.005274 -1.517052 -0.170157 0.005274 -1.949022 0.366880 0.156308 -1.981376 0.373106 0.614000 -2.116062 -0.052026 0.941183 -2.478786 1.436643 2.044502 -3.931322 0.623041 -0.467685 -2.279321 -0.339980 -3.419630 -1.647133 -0.394874 0.605677 -1.734256 0.309267 -0.223384 -1.293330 -0.221806 -0.498742 -0.650750 -0.616687 0.951854 -0.897184 -0.056635 0.690783
0.000000 0.000000 0.000000 0.000000 0.000000 0.000000 -1.972520 0.027464 0.380124 -2.040948 0.642279 -1.082227 -2.756831 -0.216343 0.837404 -2.243049 -0.086955 0.411643 -2.243049 -0.086955 0.411643 -1.913163 0.126908 -0.740996 -1.839109 -0.740438 0.272169 -1.661596 -0.177310 -0.015606 -1.661596 -0.177310 -0.015606 -1.939814 0.397302 0.165471 -1.961623 0.364702 0.624850 -2.106757 -0.087060 0.932740 -2.447565 1.468502 2.095596 -3.961348 0.646765 -0.325757 -2.406284 -0.328058 -3.328341 -1.637134 -0.385378 0.601446 -1.727330 0.292602 -0.188100 -1.380008 -0.102522 -0.502958 -0.762222 -0.722084 0.907567 -0.989434 -0.143137 0.599149
0.000000 0.000000 0.000000 0.000000 0.000000 0.000000 -1.970134 0.009172 0.346390 -2.047092 0.622450 -1.067325 -2.760072 -0.209600 0.851982 -2.257925 -0.085408 0.367918 -2.257925 -0.085408 0.367918 -1.882237 0.080447 -0.719708 -1.782933 -0.740206 0.262284 -1.532381 -0.233441 -0.055885 -1.532381 -0.233441 -0.055885 -1.924488 0.423180 0.231611 -1.952284 0.432334 0.694463 -2.077117 -0.053933 0.911249 -2.430928 1.435006 2.073030 -3.912414 0.716204 -0.255905 -2.442254 -0.054617 -3.259437 -1.669056 -0.409600 0.638823 -1.768487 0.247180 -0.157418 -1.325177 -0.164801 -0.504714 -0.654179 -0.656059 0.888359 -0.876333 -0.098752 0.633616
0.000000 0.000000 0.000000 0.000000 0.000000 0.000000 -1.996410 0.000309 0.322968 -2.043202 0.633763 -1.064443 -2.747165 -0.203803 0.862037 -2.246062 -0.045511 0.411655 -2.246062 -0.045511 0.411655 -1.889617 0.083223 -0.721232 -1.823446 -0.747234 0.249765 -1.562826 -0.245865 -0.096270 -1.562826 -0.245865 -0.096270 -1.903136 0.420880 0.237680 -1.948059 0.433196 0.699753 -2.077810 -0.045219 0.892482 -2.404317 1.450006 2.106542 -3.919305 0.740072 -0.151415 -2.517903 0.027247 -3.205146 -1.800085 -0.389966 0.649456 -1.892130 0.201695 -0.169246 -1.486566 -0.256261 -0.535751 -0.673455 -0.659014 0.900067 -0.905408 -0.081551 0.627143
0.000000 0.000000 0.000000 0.000000 0.000000 0.000000 -1.966853 0.020549 0.318130 -2.036988 0.637268 -1.059003 -2.741070 -0.191302 0.858109 -2.232107 -0.037188 0.427735 -2.232107 -0.037188 0.427735 -1.877056 0.068436 -0.768662 -1.830944 -0.749918 0.293169 -1.545571 -0.268237 -0.044792 -1.545571 -0.268237 -0.044792 -1.891802 0.436057 0.234501 -1.939663 0.430412 0.702667 -2.059993 -0.055020 0.891955 -2.406212 1.449193 2.161734 -3.939065 0.712580 -0.024018 -2.601974 0.105779 -3.160162 -1.831632 -0.373389 0.666832 -1.930925 0.181874 -0.130777 -1.584259 -0.257861 -0.549480 -0.633098 -0.657020 0.898133 -0.867305 -0.077029 0.638284
0.000000 0.000000 0.000000 0.000000 0.000000 0.000000 -1.959007 0.026585 0.325839 -2.038188 0.655734 -1.031407 -2.730098 -0.158201 0.830820 -2.233648 -0.029431 0.398582 -2.233648 -0.029431 0.398582 -1.876609 0.059573 -0.769125 -1.845997 -0.743823 0.256154 -1.549051 -0.244288 -0.093920 -1.549051 -0.244288 -0.093920 -1.882796 0.447227 0.254699 -1.940138 0.422559 0.725242 -2.055622 -0.065698 0.896168 -2.403100 1.440014 2.161847 -3.919272 0.743421 0.049128 -2.657394 0.178686 -3.097294 -1.875299 -0.372874 0.672241 -1.972383 0.159423 -0.128520 -1.709756 -0.219521 -0.506347 -0.638414 -0.668673 0.900751 -0.872101 -0.090361 0.639174
0.000000 0.000000 0.000000 0.000000 0.000000 0.000000 -1.962140 0.039421 0.346994 -2.053039 0.655936 -1.010514 -2.729451 -0.150811 0.840323 -2.239487 -0.011058 0.402706 -2.239487 -0.011058 0.402706 -1.912180 0.049090 -0.782433 -1.912533 -0.731151 0.274478 -1.652752 -0.222901 -0.065272 -1.652752 -0.222901 -0.065272 -1.879491 0.457142 0.256454 -1.944776 0.419613 0.727639 -2.057745 -0.069875 0.899936 -2.410628 1.420260 2.211303 -3.925765 0.705400 0.156543 -2.749923 0.142551 -3.047999 -1.902645 -0.369363 0.673716 -1.998754 0.136578 -0.109596 -1.769957 -0.271483 -0.507640 -0.650853 -0.676456 0.895466 -0.882337 -0.096415 0.629110
0.000000 0.000000 0.000000 0.000000 0.000000 0.000000 -1.935072 0.047474 0.329317 -2.020670 0.676932 -0.979420 -2.686102 -0.142540 0.834723 -2.218445 0.032665 0.416702 -2.218445 0.032665 0.416702 -1.891866 0.060899 -0.798587 -1.921250 -0.751679 0.286613 -1.734623 -0.166976 0.006271 -1.734623 -0.166976 0.006271 -1.865362 0.463293 0.239170 -1.939180 0.429265 0.711132 -2.055260 -0.057955 0.870776 -2.438013 1.442729 2.248693 -3.925242 0.738609 0.381360 -2.980970 0.084844 -2.868093 -1.949800 -0.340436 0.681045 -2.048499 0.134522 -0.094622 -1.971731 -0.243743 -0.501193 -0.679713 -0.687792 0.914133 -0.913885 -0.112656 0.637498
0.000000 0.000000 0.000000 0.000000 0.000000 0.000000 -1.951551 0.057738 0.363867 -2.038990 0.694199 -0.973151 -2.695105 -0.122521 0.824931 -2.239772 0.050775 0.422124 -2.239772 0.050775 0.422124 -1.887198 0.047403 -0.830500 -1.884023 -0.747316 0.282138 -1.642624 -0.170636 0.010679 -1.642624 -0.170636 0.010679 -1.833283 0.477168 0.258056 -1.900812 0.427963 0.724235 -2.039527 -0.027263 0.819028 -2.459375 1.478125 2.268290 -3.935776 0.764447 0.500680 -3.154174 -0.030599 -2.841995 -1.912523 -0.363437 0.647479 -2.000914 0.085580 -0.049099 -1.706627 -0.408987 -0.611176 -0.703109 -0.688412 0.917532 -0.936656 -0.115059 0.633160
0.000000 0.000000 0.000000 0.000000 0.000000 0.000000 -1.954869 0.037258 0.379298 -2.036558 0.693602 -0.946449 -2.679880 -0.094326 0.833108 -2.226136 0.046056 0.437090 -2.226136 0.046056 0.437090 -1.891410 0.058377 -0.824173 -1.911929 -0.749219 0.281645 -1.672582 -0.175260 0.007352 -1.672582 -0.175260 0.007352 -1.803354 0.461624 0.276351 -1.875127 0.412331 0.743219 -1.994532 -0.060333 0.845540 -2.499487 1.450709 2.347587 -3.955619 0.682250 0.650802 -3.228953 -0.205104 -2.829385 -1.881068 -0.374141 0.680245 -1.981920 0.089256 -0.021911 -1.714926 -0.484833 -0.505575 -0.664528 -0.715682 0.889388 -0.891007 -0.136484 0.618149
0.000000 0.000000 0.000000 0.000000 0.000000 0.000000 -1.987650 0.046811 0.354659 -2.028421 0.695042 -0.939037 -2.660555 -0.084437 0.827124 -2.183753 0.073100 0.413010 -2.183753 0.073100 0.413010 -1.904496 0.067182 -0.830140 -1.917300 -0.765776 0.238092 -1.667327 -0.189712 -0.004468 -1.667327 -0.189712 -0.004468 -1.796058 0.478924 0.286267 -1.879507 0.396860 0.754589 -2.028584 -0.043306 0.830288 -2.503233 1.414686 2.388961 -3.938636 0.649924 0.743220 -3.288139 -0.121357 -2.844250 -1.926665 -0.365811 0.651454 -2.014992 0.055573 -0.012628 -1.845407 -0.400956 -0.487210 -0.720680 -0.713387 0.917678 -0.951933 -0.140463 0.626470
0.000000 0.000000 0.000000 0.000000 0.000000 0.000000 -1.983236 0.060131 0.324816 -2.012204 0.703474 -0.917823 -2.646458 -0.065012 0.824561 -2.182177 0.115990 0.374228 -2.182177 0.115990 0.374228 -1.929684 0.072852 -0.837585 -1.941888 -0.765043 0.255563 -1.695097 -0.188903 -0.011905 -1.695097 -0.188903 -0.011905 -1.811098 0.492807 0.313052 -1.887824 0.405915 0.788022 -1.980356 -0.082041 0.872142 -2.479633 1.406840 2.458526 -3.933102 0.620476 0.860994 -3.330625 -0.311466 -2.910999 -1.890679 -0.377798 0.661735 -1.983321 0.037337 0.030349 -1.587334 -0.570804 -0.391770 -0.770683 -0.793900 0.825964 -0.966387 -0.213319 0.522250
0.000000 0.000000 0.000000 0.000000 0.000000 0.000000 -1.972294 0.042551 0.347262 -2.013432 0.717302 -0.918137 -2.637411 -0.058064 0.844529 -2.193495 0.130044 0.405688 -2.193495 0.130044 0.405688 -1.920116 0.061253 -0.852978 -1.937655 -0.771106 0.250413 -1.669697 -0.212627 -0.009128 -1.669697 -0.212627 -0.009128 -1.786368 0.475902 0.297767 -1.875060 0.412551 0.773346 -1.984187 -0.066942 0.880079 -2.495906 1.375371 2.505502 -3.911721 0.593504 0.990177 -3.417895 -0.234747 -2.856361 -1.990879 -0.424071 0.696094 -2.080856 -0.008970 -0.013089 -1.738297 -0.544406 -0.403983 -0.696704 -0.716038 0.860664 -0.912382 -0.134979 0.580797
0.000000 0.000000 0.000000 0.000000 0.000000 0.000000 -2.000858 0.044508 0.338446 -2.030210 0.711593 -0.895470 -2.641620 -0.039454 0.839728 -2.190626 0.145338 0.417736 -2.190626 0.145338 0.417736 -1.914978 0.044765 -0.843492 -1.917897 -0.766029 0.218134 -1.646638 -0.183657 -0.012826 -1.646638 -0.183657 -0.012826 -1.832690 0.479757 0.317516 -1.899733 0.426445 0.792423 -1.988920 -0.063409 0.903971 -2.506132 1.339146 2.567157 -3.902975 0.536565 1.098019 -3.509653 -0.188870 -2.780014 -2.036155 -0.411969 0.702129 -2.125247 0.002027 -0.043365 -1.839297 -0.575288 -0.360265 -0.633903 -0.689749 0.886062 -0.862739 -0.108664 0.625761
0.000000 0.000000 0.000000 0.000000 0.000000 0.000000 -1.993330 0.054315 0.413114 -2.057255 0.738568 -0.861536 -2.647941 -0.029183 0.841286 -2.230263 0.119064 0.415527 -2.230263 0.119064 0.415527 -1.923160 0.047138 -0.858345 -1.942323 -0.769924 0.221006 -1.666198 -0.195526 -0.017230 -1.666198 -0.195526 -0.017230 -1.802433 0.480032 0.327518 -1.876690 0.400660 0.798707 -1.973204 -0.087239 0.906413 -2.488822 1.300215 2.567866 -3.850468 0.555463 1.151870 -3.538524 0.037002 -2.738285 -1.995213 -0.422839 0.693794 -2.083940 -0.050354 0.054696 -1.711477 -0.581380 -0.392587 -0.602877 -0.701205 0.869945 -0.828850 -0.115518 0.619668
0.000000 0.000000 0.000000 0.000000 0.000000 0.000000 -2.001447 0.038447 0.420598 -2.043978 0.743293 -0.826326 -2.618420 0.001115 0.836905 -2.217263 0.124258 0.389782 -2.217263 0.124258 0.389782 -1.917846 0.058008 -0.859572 -1.969724 -0.778515 0.213016 -1.744415 -0.158737 0.027980 -1.744415 -0.158737 0.027980 -1.829825 0.481818 0.374442 -1.855423 0.406832 0.835471 -1.927821 -0.079133 0.927688 -2.517118 1.257378 2.602216 -3.807724 0.542275 1.293603 -3.658303 -0.175635 -2.720049 -1.960698 -0.402721 0.757920 -2.070954 -0.049041 0.161276 -1.638453 -0.609854 -0.351193 -0.611124 -0.709513 0.846913 -0.829169 -0.121725 0.595294
0.000000 0.000000 0.000000 0.000000 0.000000 0.000000 -2.001508 0.032642 0.414248 -2.027220 0.744190 -0.827731 -2.602581 0.025345 0.847490 -2.195338 0.099657 0.387715 -2.195338 0.099657 0.387715 -1.909588 0.050849 -0.874337 -1.947343 -0.783512 0.201120 -1.673109 -0.184370 0.017914 -1.673109 -0.184370 0.017914 -1.841435 0.467375 0.329486 -1.894710 0.395400 0.794123 -1.998514 -0.085552 0.907053 -2.534393 1.274138 2.629827 -3.828320 0.525747 1.335948 -3.756972 -0.361608 -2.655574 -2.095946 -0.407082 0.657461 -2.167750 -0.110575 0.092839 -1.737627 -0.688328 -0.471568 -0.674811 -0.723457 0.891645 -0.901181 -0.144092 0.616200
0.000000 0.000000 0.000000 0.000000 0.000000 0.000000 -2.002998 0.064923 0.469704 -2.052146 0.757473 -0.794452 -2.602391 0.046352 0.857574 -2.197860 0.095922 0.414912 -2.197860 0.095922 0.414912 -1.937019 0.054198 -0.893933 -1.995036 -0.794356 0.201062 -1.721154 -0.186294 0.007371 -1.721154 -0.186294 0.007371 -1.812299 0.510177 0.346747 -1.849568 0.413741 0.806753 -1.938833 -0.074093 0.883742 -2.509456 1.305577 2.563823 -3.756296 0.662317 1.361583 -3.830646 -0.226842 -2.578672 -2.077765 -0.420896 0.713642 -2.164088 -0.114893 0.133180 -1.719126 -0.691335 -0.167768 -0.622924 -0.722305 0.864764 -0.844802 -0.137468 0.607943
0.000000 0.000000 0.000000 0.000000 0.000000 0.000000 -2.017405 0.061266 0.516972 -2.042568 0.756155 -0.772160 -2.576360 0.048138 0.859809 -2.188092 0.103099 0.390485 -2.188092 0.103099 0.390485 -1.950019 0.044756 -0.911681 -2.009547 -0.788936 0.201712 -1.749501 -0.138138 0.035925 -1.749501 -0.138138 0.035925 -1.822659 0.496451 0.331942 -1.868549 0.406552 0.790362 -1.964671 -0.079559 0.870832 -2.505192 1.289738 2.571766 -3.727757 0.668818 1.407475 -3.802511 -0.226160 -2.574164 -2.135590 -0.424447 0.699642 -2.213822 -0.138443 0.121165 -1.868809 -0.667707 -0.036362 -0.614040 -0.714851 0.875889 -0.840394 -0.130364 0.621187
0.000000 0.000000 0.000000 0.000000 0.000000 0.000000 -2.005369 0.075709 0.547660 -2.040678 0.764987 -0.745600 -2.575472 0.052840 0.868816 -2.199047 0.125840 0.401306 -2.199047 0.125840 0.401306 -1.951488 0.044150 -0.911684 -2.012738 -0.804061 0.190195 -1.754449 -0.124755 0.035616 -1.754449 -0.124755 0.035616 -1.811410 0.527847 0.382601 -1.852507 0.397308 0.845050 -1.914608 -0.090006 0.884288 -2.505758 1.236955 2.596370 -3.688889 0.638582 1.473427 -3.864300 -0.291758 -2.479432 -2.128717 -0.469317 0.785140 -2.227301 -0.150809 0.128049 -1.884293 -0.685706 0.078421 -0.702513 -0.790786 0.767895 -0.885666 -0.201203 0.490901
0.000000 0.000000 0.000000 0.000000 0.000000 0.000000 -2.014788 0.057428 0.514643 -2.029248 0.772828 -0.731291 -2.556801 0.081412 0.864043 -2.203710 0.167459 0.404237 -2.203710 0.167459 0.404237 -1.948862 0.039517 -0.925441 -2.043980 -0.798142 0.182533 -1.793966 -0.106894 0.045249 -1.793966 -0.106894 0.045249 -1.836890 0.511214 0.403672 -1.859210 0.411172 0.863595 -1.908231 -0.067783 0.908487 -2.533622 1.228130 2.584981 -3.637655 0.680051 1.562397 -3.954781 -0.340049 -2.354022 -2.132701 -0.480482 0.822287 -2.241193 -0.150475 0.128827 -1.805615 -0.730468 -0.008391 -0.614424 -0.718120 0.782398 -0.811895 -0.125125 0.534461
0.000000 0.000000 0.000000 0.000000 0.000000 0.000000 -1.957799 0.034253 0.454947 -1.984670 0.782963 -0.705364 -2.504910 0.107051 0.855101 -2.164372 0.184032 0.411917 -2.164372 0.184032 0.411917 -1.921754 0.032206 -0.888839 -2.030780 -0.817581 0.204252 -1.801846 -0.094040 0.065610 -1.801846 -0.094040 0.065610 -1.838376 0.474998 0.342445 -1.883518 0.414115 0.815673 -1.956639 -0.081629 0.906439 -2.596208 1.183539 2.614184 -3.591855 0.665919 1.711703 -4.034521 -0.581254 -2.158921 -2.187426 -0.458866 0.738092 -2.268438 -0.184996 0.140020 -1.818984 -0.636291 -0.130779 -0.625754 -0.718260 0.857057 -0.845007 -0.133633 0.600419
0.000000 0.000000 0.000000 0.000000 0.000000 0.000000 -1.970538 0.045181 0.435055 -1.956879 0.769726 -0.685822 -2.469430 0.124852 0.856104 -2.149207 0.201146 0.381386 -2.149207 0.201146 0.381386 -1.903603 0.016808 -0.906682 -1.983759 -0.817932 0.213335 -1.700660 -0.139169 0.086481 -1.700660 -0.139169 0.086481 -1.842919 0.495971 0.376472 -1.868175 0.405735 0.843576 -1.930252 -0.089767 0.908092 -2.600727 1.159949 2.650604 -3.564903 0.649493 1.793729 -4.101910 -0.846840 -2.028316 -2.190414 -0.492183 0.756268 -2.272035 -0.221449 0.159237 -1.792396 -0.709393 0.009018 -0.600544 -0.724487 0.854394 -0.820124 -0.139396 0.606262
0.000000 0.000000 0.000000 0.000000 0.000000 0.000000 -1.966903 0.044140 0.450736 -1.953037 0.783641 -0.667602 -2.457030 0.155904 0.848335 -2.142289 0.203028 0.388198 -2.142289 0.203028 0.388198 -1.909117 0.029817 -0.894121 -2.041309 -0.821397 0.192475 -1.783971 -0.132040 0.037438 -1.783971 -0.132040 0.037438 -1.861906 0.495315 0.396706 -1.867051 0.385765 0.851731 -1.919173 -0.103645 0.888516 -2.590060 1.159423 2.588261 -3.506401 0.715114 1.775350 -4.150188 -0.630421 -2.010101 -2.207523 -0.499988 0.762813 -2.287699 -0.248113 0.193231 -1.842081 -0.737031 -0.064455 -0.580228 -0.737731 0.832957 -0.793489 -0.151618 0.593303
0.000000 0.000000 0.000000 0.000000 0.000000 0.000000 -1.995600 0.048777 0.437543 -1.934875 0.778152 -0.663239 -2.407990 0.160214 0.839167 -2.042438 0.181513 0.336230 -2.042438 0.181513 0.336230 -1.911583 0.009581 -0.894533 -2.035606 -0.829181 0.178735 -1.746918 -0.133332 0.015323 -1.746918 -0.133332 0.015323 -1.884033 0.502164 0.436799 -1.871852 0.386679 0.887882 -1.909506 -0.099450 0.908196 -2.576265 1.113459 2.665429 -3.457236 0.673505 1.911641 -4.230366 -0.680782 -1.863885 -2.158423 -0.512478 0.789369 -2.245826 -0.258400 0.243972 -1.718817 -0.743541 -0.191000 -0.589911 -0.735598 0.841592 -0.806228 -0.147517 0.596859
0.000000 0.000000 0.000000 0.000000 0.000000 0.000000 -1.976690 0.018648 0.433003 -1.915354 0.794445 -0.656947 -2.415476 0.161983 0.852320 -2.047552 0.154291 0.307724 -2.047552 0.154291 0.307724 -1.904541 0.014131 -0.915757 -2.053021 -0.829616 0.204322 -1.816716 -0.085350 0.058511 -1.816716 -0.085350 0.058511 -1.911021 0.461230 0.428364 -1.906310 0.368881 0.879331 -1.946309 -0.099581 0.854623 -2.559782 1.049960 2.696296 -3.431542 0.613695 1.942574 -4.215716 -0.515889 -1.867751 -2.203659 -0.502343 0.713877 -2.268972 -0.287874 0.238649 -1.764678 -0.714132 -0.017345 -0.573218 -0.730155 0.844736 -0.792312 -0.140360 0.604703
0.000000 0.000000 0.000000 0.000000 0.000000 0.000000 -2.000652 0.021663 0.486481 -1.942670 0.818647 -0.595329 -2.412581 0.185429 0.864435 -2.043135 0.143061 0.310547 -2.043135 0.143061 0.310547 -1.900873 0.023026 -0.890202 -2.049374 -0.844661 0.190988 -1.810045 -0.080043 0.034834 -1.810045 -0.080043 0.034834 -1.981368 0.464379 0.435218 -1.989003 0.325509 0.893022 -1.984880 -0.134228 0.842437 -2.561094 1.043818 2.645843 -3.378029 0.661668 1.941200 -4.264967 -0.070205 -1.778630 -2.227986 -0.504816 0.684998 -2.284247 -0.312572 0.249145 -1.826755 -0.647871 0.027246 -0.591655 -0.760010 0.850115 -0.809477 -0.172392 0.603209
0.000000 0.000000 0.000000 0.000000 0.000000 0.000000 -1.992394 0.025085 0.476973 -1.960535 0.840640 -0.561169 -2.415074 0.187194 0.891728 -2.095477 0.169810 0.335852 -2.095477 0.169810 0.335852 -1.901593 0.015099 -0.924895 -2.064725 -0.839448 0.206375 -1.813591 -0.102092 0.054108 -1.813591 -0.102092 0.054108 -1.982099 0.463804 0.431259 -1.993574 0.322231 0.889239 -1.981321 -0.134465 0.841639 -2.552063 1.041842 2.667603 -3.366657 0.658238 1.975054 -4.286143 -0.081790 -1.748300 -2.214336 -0.517591 0.703020 -2.274084 -0.318749 0.257564 -1.787031 -0.682507 -0.012266 -0.570009 -0.751991 0.842291 -0.786032 -0.166803 0.604940
0.000000 0.000000 0.000000 0.000000 0.000000 0.000000 -2.010797 0.038958 0.449237 -1.974825 0.854636 -0.529251 -2.416422 0.198396 0.893384 -2.111703 0.201643 0.385711 -2.111703 0.201643 0.385711 -1.898288 0.015270 -0.911580 -2.069500 -0.839326 0.188448 -1.838349 -0.115272 0.036563 -1.838349 -0.115272 0.036563 -1.967106 0.491601 0.444758 -1.988002 0.311277 0.895948 -1.965108 -0.156119 0.857617 -2.576334 0.979411 2.728347 -3.324806 0.606351 2.102538 -4.347168 -0.231781 -1.638779 -2.225980 -0.522094 0.705000 -2.283520 -0.338516 0.286698 -1.776476 -0.677638 0.053500 -0.522986 -0.747079 0.852009 -0.746940 -0.156369 0.627051
0.000000 0.000000 0.000000 0.000000 0.000000 0.000000 -1.961585 0.025918 0.434782 -1.952267 0.840977 -0.575249 -2.365518 0.220510 0.868294 -1.983543 0.168229 0.344078 -1.983543 0.168229 0.344078 -1.871009 -0.019396 -0.926226 -2.030118 -0.848138 0.200892 -1.783836 -0.136618 0.065998 -1.783836 -0.136618 0.065998 -1.998234 0.444500 0.484078 -2.011325 0.304524 0.944913 -1.998693 -0.115876 0.817382 -2.573743 0.944468 2.803109 -3.331474 0.541078 2.175329 -4.350145 -0.610157 -1.616608 -2.222510 -0.542801 0.686319 -2.274266 -0.366240 0.288094 -1.770372 -0.686437 0.054108 -0.565325 -0.731376 0.858590 -0.789086 -0.142770 0.620092
0.000000 0.000000 0.000000 0.000000 0.000000 0.000000 -1.992883 -0.004068 0.432323 -1.944854 0.861304 -0.537528 -2.370481 0.228269 0.889772 -2.008657 0.171753 0.354626 -2.008657 0.171753 0.354626 -1.850637 -0.003808 -0.906270 -2.020505 -0.862756 0.186155 -1.782222 -0.132440 0.045020 -1.782222 -0.132440 0.045020 -2.024595 0.420172 0.465137 -2.044761 0.295471 0.932410 -2.021508 -0.120963 0.803913 -2.596492 0.903777 2.813869 -3.270890 0.543001 2.263948 -4.391748 -0.650226 -1.522989 -2.284755 -0.565591 0.689933 -2.334945 -0.377130 0.228401 -1.869302 -0.731440 -0.111414 -0.588192 -0.733249 0.899494 -0.822885 -0.149367 0.650421
0.000000 0.000000 0.000000 0.000000 0.000000 0.000000 -2.007099 -0.004008 0.434688 -1.926957 0.875945 -0.501387 -2.358147 0.241291 0.887782 -2.002818 0.175100 0.347427 -2.002818 0.175100 0.347427 -1.858047 -0.012749 -0.929358 -2.058609 -0.846554 0.182005 -1.794477 -0.145921 0.029040 -1.794477 -0.145921 0.029040 -2.014636 0.421299 0.498668 -2.015313 0.263543 0.950501 -1.959195 -0.136583 0.803180 -2.595198 0.894112 2.824825 -3.224580 0.560191 2.323442 -4.421514 -0.678673 -1.402785 -2.116119 -0.575664 0.710519 -2.174446 -0.378789 0.318719 -1.515625 -0.703877 -0.042490 -0.506369 -0.742043 0.853047 -0.732582 -0.149094 0.632758
0.000000 0.000000 0.000000 0.000000 0.000000 0.000000 -2.010106 -0.003261 0.433726 -1.931473 0.871911 -0.490746 -2.347668 0.253949 0.896536 -1.988030 0.186436 0.359231 -1.988030 0.186436 0.359231 -1.859209 -0.020801 -0.929421 -2.068393 -0.859393 0.173201 -1.812714 -0.160269 0.028105 -1.812714 -0.160269 0.028105 -2.014547 0.425724 0.505185 -2.019497 0.260257 0.957666 -1.967036 -0.137608 0.800827 -2.597190 0.820991 2.843130 -3.188500 0.504714 2.365356 -4.424462 -0.675365 -1.322449 -2.121806 -0.589031 0.712132 -2.178451 -0.398239 0.329398 -1.526481 -0.702893 -0.019408 -0.505342 -0.741897 0.843840 -0.728695 -0.148400 0.624722
0.000000 0.000000 0.000000 0.000000 0.000000 0.000000 -2.027666 -0.015859 0.429314 -1.913333 0.875040 -0.475391 -2.313353 0.271423 0.885069 -1.949357 0.208726 0.343993 -1.949357 0.208726 0.343993 -1.848310 -0.021506 -0.925871 -2.076644 -0.859573 0.142894 -1.840679 -0.133203 0.028586 -1.840679 -0.133203 0.028586 -2.024594 0.415556 0.512966 -2.039458 0.246190 0.972239 -1.980444 -0.140139 0.797568 -2.583044 0.794574 2.858837 -3.148316 0.495166 2.407260 -4.441396 -0.672700 -1.234601 -2.138555 -0.597166 0.730205 -2.198948 -0.397105 0.318432 -1.616739 -0.643358 -0.073878 -0.527980 -0.752905 0.837571 -0.746842 -0.161310 0.612041
0.000000 0.000000 0.000000 0.000000 0.000000 0.000000 -2.024591 -0.003704 0.411971 -1.879703 0.883508 -0.461445 -2.278110 0.286050 0.881571 -1.906065 0.184472 0.322567 -1.906065 0.184472 0.322567 -1.824808 -0.023412 -0.925793 -2.067504 -0.880396 0.169597 -1.811153 -0.144904 0.049032 -1.811153 -0.144904 0.049032 -2.036282 0.412417 0.533510 -2.051451 0.226113 0.990295 -1.967856 -0.125624 0.777380 -2.586051 0.789424 2.866788 -3.091607 0.524106 2.474627 -4.491200 -0.770092 -1.145150 -2.109042 -0.623671 0.749148 -2.172460 -0.417587 0.337103 -1.498622 -0.685599 -0.119181 -0.549130 -0.758094 0.847550 -0.769641 -0.167282 0.613952
0.000000 0.000000 0.000000 0.000000 0.000000 0.000000 -2.031027 -0.004005 0.390304 -1.852124 0.886209 -0.454922 -2.252089 0.297228 0.866895 -1.882110 0.181542 0.310320 -1.882110 0.181542 0.310320 -1.813654 -0.043740 -0.940388 -2.076045 -0.867589 0.151815 -1.818866 -0.119660 0.047798 -1.818866 -0.119660 0.047798 -2.037799 0.406485 0.529174 -2.063298 0.224431 0.991325 -1.986292 -0.133106 0.775859 -2.572683 0.699256 2.948480 -3.063874 0.426040 2.566196 -4.414453 -1.052275 -1.047618 -2.171814 -0.625546 0.749485 -2.233061 -0.424262 0.314895 -1.651851 -0.767604 -0.015958 -0.542707 -0.757966 0.844852 -0.762733 -0.167018 0.613668
0.000000 0.000000 0.000000 0.000000 0.000000 0.000000 -2.040931 -0.000412 0.420592 -1.859359 0.896574 -0.427688 -2.246348 0.300845 0.900676 -1.900063 0.197970 0.341806 -1.900063 0.197970 0.341806 -1.797795 -0.040887 -0.937455 -2.096924 -0.897597 0.134868 -1.861945 -0.122923 0.055973 -1.861945 -0.122923 0.055973 -2.039361 0.422450 0.530335 -2.067578 0.214788 0.987759 -1.976790 -0.150940 0.792950 -2.567006 0.637058 2.972870 -3.008806 0.390017 2.630085 -4.344515 -1.254933 -0.895724 -2.146792 -0.610005 0.792304 -2.220013 -0.397381 0.340622 -1.739010 -0.836700 -0.091785 -0.544009 -0.770766 0.847637 -0.764364 -0.179760 0.615244
0.000000 0.000000 0.000000 0.000000 0.000000 0.000000 -2.024620 0.010105 0.394748 -1.847974 0.895336 -0.422734 -2.248003 0.317747 0.892131 -1.911395 0.242178 0.355991 -1.911395 0.242178 0.355991 -1.801353 -0.064372 -0.952408 -2.103894 -0.888242 0.123407 -1.868310 -0.100305 0.057836 -1.868310 -0.100305 0.057836 -2.051569 0.398080 0.575615 -2.053048 0.209233 1.035300 -1.939960 -0.148112 0.846202 -2.575227 0.558497 2.990559 -2.966518 0.336051 2.682849 -4.319812 -1.221317 -0.775887 -2.105094 -0.712704 0.926277 -2.215608 -0.396599 0.257938 -1.921678 -0.673038 -0.054072 -0.683039 -0.835256 0.738094 -0.856406 -0.241994 0.468493
0.000000 0.000000 0.000000 0.000000 0.000000 0.000000 -1.998584 0.017225 0.343393 -1.843998 0.904311 -0.440267 -2.223093 0.339250 0.915617 -1.869366 0.195557 0.433506 -1.869366 0.195557 0.433506 -1.759130 -0.075832 -0.937237 -2.086193 -0.903233 0.146335 -1.870974 -0.091797 0.094390 -1.870974 -0.091797 0.094390 -2.038165 0.396158 0.534169 -2.062524 0.211172 1.003638 -1.933390 -0.180502 0.876615 -2.592223 0.572925 2.979308 -2.906297 0.397015 2.740752 -4.347769 -1.199923 -0.633940 -2.074403 -0.731713 0.926732 -2.187422 -0.384338 0.220195 -1.662955 -0.736849 -0.006994 -0.757486 -0.885592 0.698966 -0.910326 -0.294302 0.407968
0.000000 0.000000 0.000000 0.000000 0.000000 0.000000 -2.005260 0.010901 0.359091 -1.823019 0.921834 -0.390246 -2.207680 0.339235 0.896746 -1.900134 0.233209 0.379774 -1.900134 0.233209 0.379774 -1.755184 -0.085218 -0.941904 -2.076806 -0.907127 0.136925 -1.835156 -0.114169 0.071392 -1.835156 -0.114169 0.071392 -2.023668 0.396638 0.546421 -2.043661 0.195183 1.006455 -1.892943 -0.192683 0.887798 -2.581065 0.546159 2.982314 -2.868734 0.387166 2.764769 -4.355719 -1.180629 -0.574074 -2.040418 -0.735686 0.920690 -2.153537 -0.393735 0.253016 -1.645161 -0.764980 0.021833 -0.717669 -0.879279 0.652974 -0.860130 -0.281552 0.378303
0.000000 0.000000 0.000000 0.000000 0.000000 0.000000 -2.026682 0.012430 0.366736 -1.831555 0.922635 -0.367473 -2.194515 0.353753 0.896674 -1.893284 0.243253 0.374191 -1.893284 0.243253 0.374191 -1.751182 -0.088049 -0.949169 -2.084798 -0.909127 0.136019 -1.830026 -0.129717 0.055094 -1.830026 -0.129717 0.055094 -2.050093 0.400801 0.553209 -2.042652 0.207342 1.006325 -1.894865 -0.192868 0.899718 -2.596434 0.494558 2.996938 -2.784199 0.389901 2.857855 -4.310225 -1.406762 -0.330228 -2.136410 -0.779934 0.978500 -2.252579 -0.418341 0.171009 -2.118070 -0.611720 0.033499 -0.719189 -0.870693 0.629959 -0.854445 -0.274101 0.358113
0.000000 0.000000 0.000000 0.000000 0.000000 0.000000 -2.017112 -0.000793 0.352898 -1.817176 0.929434 -0.366171 -2.168038 0.356252 0.896510 -1.860581 0.255971 0.379210 -1.860581 0.255971 0.379210 -1.727788 -0.104011 -0.942307 -2.051054 -0.928339 0.103873 -1.802519 -0.161420 0.065705 -1.802519 -0.161420 0.065705 -2.053015 0.388349 0.543617 -2.047050 0.220889 1.009197 -1.900444 -0.184668 0.913778 -2.592600 0.479029 3.001264 -2.755017 0.388913 2.881813 -4.302561 -1.405752 -0.301621 -2.103554 -0.813653 0.973961 -2.217264 -0.423721 0.141616 -2.031185 -0.616210 -0.024902 -0.744760 -0.867236 0.638553 -0.880995 -0.271343 0.357268
0.000000 0.000000 0.000000 0.000000 0.000000 0.000000 -2.017288 -0.027707 0.324207 -1.786655 0.948637 -0.373521 -2.124463 0.367448 0.892639 -1.808189 0.267130 0.388868 -1.808189 0.267130 0.388868 -1.719024 -0.102155 -0.948569 -2.074677 -0.934231 0.122035 -1.848207 -0.153228 0.069874 -1.848207 -0.153228 0.069874 -2.058484 0.348631 0.513637 -2.068425 0.191583 0.978089 -1.902281 -0.198730 0.941798 -2.595684 0.512460 3.027359 -2.709345 0.448753 2.947793 -4.305371 -1.482128 -0.259126 -2.084453 -0.848162 0.966663 -2.191161 -0.417038 0.074800 -1.957495 -0.566453 -0.034883 -0.743083 -0.861736 0.654011 -0.884894 -0.264360 0.370897
0.000000 0.000000 0.000000 0.000000 0.000000 0.000000 -2.001146 -0.023543 0.309492 -1.777736 0.947086 -0.366847 -2.111023 0.370526 0.889098 -1.788924 0.260101 0.385133 -1.788924 0.260101 0.385133 -1.723948 -0.118967 -0.943923 -2.093957 -0.932338 0.096655 -1.875619 -0.155781 0.037277 -1.875619 -0.155781 0.037277 -2.054285 0.338410 0.521513 -2.064850 0.189850 0.993943 -1.893583 -0.210987 0.986944 -2.580128 0.419819 3.002950 -2.663074 0.374835 2.942699 -4.295167 -1.310122 -0.184943 -2.036385 -0.870553 1.009227 -2.161213 -0.411726 0.094716 -1.904739 -0.545286 -0.079856 -0.729735 -0.839779 0.641589 -0.869768 -0.241367 0.364500
0.000000 0.000000 0.000000 0.000000 0.000000 0.000000 -2.050833 -0.016908 0.335166 -1.799237 0.960298 -0.329977 -2.106357 0.358876 0.881192 -1.793640 0.322002 0.393049 -1.793640 0.322002 0.393049 -1.720429 -0.122780 -0.940215 -2.055108 -0.943994 0.055149 -1.829612 -0.186000 0.045323 -1.829612 -0.186000 0.045323 -2.075436 0.356606 0.538262 -2.058127 0.177713 0.990226 -1.875577 -0.217508 1.014834 -2.573385 0.409170 2.954900 -2.611865 0.389515 2.926928 -4.404220 -1.007493 -0.137969 -1.964857 -0.883482 1.033843 -2.108087 -0.392450 0.119686 -1.766861 -0.566636 -0.100815 -0.782990 -0.851855 0.610181 -0.908460 -0.254954 0.318543
0.000000 0.000000 0.000000 0.000000 0.000000 0.000000 -2.051312 -0.023304 0.340953 -1.790738 0.976180 -0.308180 -2.074829 0.359036 0.877602 -1.739675 0.299643 0.375577 -1.739675 0.299643 0.375577 -1.702342 -0.128343 -0.955083 -2.059979 -0.948104 0.057913 -1.823708 -0.178115 0.061913 -1.823708 -0.178115 0.061913 -2.083896 0.351021 0.540308 -2.055528 0.153779 0.977986 -1.885706 -0.247524 1.040333 -2.561228 0.458176 2.875921 -2.591073 0.444352 2.854261 -4.503153 -0.563677 -0.119703 -1.903777 -0.882347 1.063204 -2.068689 -0.346168 0.116232 -1.735135 -0.654103 -0.075499 -0.760961 -0.829709 0.583811 -0.881076 -0.230580 0.302150
0.000000 0.000000 0.000000 0.000000 0.000000 0.000000 -2.078871 -0.023459 0.308259 -1.772266 0.999675 -0.277094 -2.055729 0.360404 0.869080 -1.763928 0.337387 0.359806 -1.763928 0.337387 0.359806 -1.721878 -0.109253 -0.960853 -2.069286 -0.965601 0.035736 -1.848374 -0.133822 0.064696 -1.848374 -0.133822 0.064696 -2.094495 0.348161 0.514067 -2.048722 0.143037 0.935226 -1.892797 -0.253321 1.067205 -2.560626 0.434298 2.855735 -2.552466 0.437977 2.861673 -4.529953 -0.565411 -0.068679 -1.868691 -0.923532 1.083478 -2.040433 -0.338877 0.081881 -1.897556 -0.537853 -0.037334 -0.737420 -0.806818 0.606296 -0.867538 -0.206887 0.330374
0.000000 0.000000 0.000000 0.000000 0.000000 0.000000 -2.077432 -0.034633 0.316062 -1.769588 1.001047 -0.260221 -2.036929 0.358645 0.869799 -1.734545 0.340803 0.367780 -1.734545 0.340803 0.367780 -1.725955 -0.118961 -0.949352 -2.077018 -0.981441 0.041081 -1.859860 -0.154173 0.058634 -1.859860 -0.154173 0.058634 -2.119654 0.346610 0.500326 -2.071032 0.128278 0.916736 -1.913935 -0.260049 1.083383 -2.530457 0.422915 2.872383 -2.528778 0.423661 2.873593 -4.553946 -0.516195 -0.034551 -1.754467 -0.925904 1.055076 -1.936535 -0.282378 0.083779 -1.567192 -0.541439 0.040711 -0.756338 -0.807589 0.621347 -0.889609 -0.209637 0.338072
0.000000 0.000000 0.000000 0.000000 0.000000 0.000000 -2.118341 -0.017540 0.336832 -1.807787 1.010280 -0.254392 -2.026906 0.346969 0.872004 -1.701323 0.347893 0.357170 -1.701323 0.347893 0.357170 -1.741967 -0.124069 -0.974900 -2.076012 -0.972069 -0.012064 -1.871142 -0.182416 0.064582 -1.871142 -0.182416 0.064582 -2.131675 0.360398 0.531771 -2.068119 0.125828 0.926490 -1.968040 -0.291430 1.090290 -2.460840 0.444806 2.861518 -2.460474 0.444954 2.861773 -4.561852 -0.325813 0.094339 -1.897882 -0.981604 1.072378 -2.040114 -0.327455 -0.064469 -2.034115 -0.423039 0.006203 -0.653963 -0.752359 0.643593 -0.804465 -0.149990 0.392376
0.000000 0.000000 0.000000 0.000000 0.000000 0.000000 -2.059872 -0.027780 0.305974 -1.777797 1.024535 -0.218140 -2.031144 0.382787 0.870860 -1.688272 0.316175 0.388939 -1.688272 0.316175 0.388939 -1.713476 -0.108842 -0.958576 -2.063535 -1.001971 0.008910 -1.849484 -0.221352 0.056404 -1.849484 -0.221352 0.056404 -2.121340 0.342935 0.502886 -2.050180 0.120061 0.905331 -1.963185 -0.306488 1.079916 -2.462502 0.388851 2.836141 -2.460969 0.389455 2.837250 -4.541262 -0.277883 0.084316 -1.853086 -0.988719 1.109842 -2.020029 -0.307095 -0.042632 -1.946766 -0.356019 -0.090468 -0.714757 -0.794530 0.607921 -0.847670 -0.193629 0.339459
0.000000 0.000000 0.000000 0.000000 0.000000 0.000000 -2.047721 -0.036127 0.264383 -1.737219 1.022820 -0.185105 -1.988469 0.401072 0.825675 -1.645770 0.357278 0.314704 -1.645770 0.357278 0.314704 -1.731250 -0.111912 -0.935316 -2.088760 -1.016891 0.001065 -1.884568 -0.224920 0.050130 -1.884568 -0.224920 0.050130 -2.136225 0.327766 0.469078 -2.067824 0.146587 0.898140 -2.005318 -0.306383 1.071805 -2.457585 0.310684 2.846951 -2.455671 0.311452 2.848380 -4.532663 -0.410055 0.068838 -1.914643 -1.024719 1.131219 -2.060615 -0.329193 -0.124111 -2.019564 -0.358850 -0.082499 -0.662635 -0.774324 0.659200 -0.816197 -0.174051 0.403793
0.000000 0.000000 0.000000 0.000000 0.000000 0.000000 -2.136644 -0.043361 0.346473 -1.821258 1.035501 -0.121435 -2.011985 0.358045 0.851867 -1.672435 0.407191 0.349924 -1.672435 0.407191 0.349924 -1.746644 -0.114653 -0.957943 -2.071567 -1.010117 -0.053757 -1.808565 -0.265459 0.011751 -1.808565 -0.265459 0.011751 -2.138290 0.357039 0.507642 -2.053338 0.141195 0.908046 -2.000564 -0.313990 1.075565 -2.428874 0.311686 2.962082 -2.425785 0.313047 2.964261 -4.517607 -0.670602 0.121383 -1.877354 -1.067046 1.144351 -2.025814 -0.330651 -0.138094 -1.756154 -0.293875 0.051895 -0.780327 -0.809178 0.578549 -0.898293 -0.211142 0.291524
0.000000 0.000000 0.000000 0.000000 0.000000 0.000000 -2.136234 -0.034709 0.350072 -1.825902 1.039155 -0.093079 -2.023887 0.368516 0.843359 -1.685786 0.430945 0.355534 -1.685786 0.430945 0.355534 -1.737977 -0.119491 -0.954093 -2.047636 -1.022050 -0.088755 -1.806607 -0.296442 0.035372 -1.806607 -0.296442 0.035372 -2.134210 0.372668 0.491241 -2.049286 0.135689 0.880666 -1.992638 -0.309886 1.077925 -2.429030 0.260601 2.950355 -2.426045 0.261910 2.952523 -4.503422 -0.593303 0.118529 -1.851545 -1.084237 1.177084 -2.014518 -0.315152 -0.146641 -1.583660 -0.301345 -0.120372 -0.768637 -0.812105 0.604808 -0.895664 -0.213594 0.318709
0.000000 0.000000 0.000000 0.000000 0.000000 0.000000 -2.022455 -0.049471 0.299916 -1.728691 1.059598 -0.083415 -1.974914 0.392220 0.762801 -1.621261 0.501063 0.356991 -1.621261 0.501063 0.356991 -1.708239 -0.107643 -0.926351 -2.090428 -1.051898 -0.067130 -1.850068 -0.295574 -0.002763 -1.850068 -0.295574 -0.002763 -2.125652 0.334828 0.446269 -2.046666 0.102575 0.839455 -2.046849 -0.352615 1.082235 -2.386967 0.172058 3.021469 -2.385179 0.172877 3.022768 -4.417302 -0.767310 0.170908 -1.915361 -1.081762 1.162128 -2.051499 -0.339765 -0.186020 -1.287878 -0.338607 -0.295698 -0.680926 -0.785594 0.646495 -0.828786 -0.184923 0.385781
0.000000 0.000000 0.000000 0.000000 0.000000 0.000000 -2.059629 -0.049819 0.369983 -1.794471 1.053397 -0.063754 -1.953303 0.369791 0.788173 -1.556652 0.495180 0.346869 -1.556652 0.495180 0.346869 -1.745449 -0.117395 -0.942475 -2.108756 -1.058132 -0.103006 -1.877602 -0.294706 -0.004154 -1.877602 -0.294706 -0.004154 -2.161043 0.357171 0.463419 -2.078337 0.119389 0.844245 -2.093554 -0.344952 1.072192 -2.356993 0.127815 3.028383 -2.356277 0.128137 3.028907 -4.344842 -0.706724 0.224321 -1.907644 -1.115528 1.192322 -2.044520 -0.341990 -0.215565 -1.293572 -0.372236 -0.228816 -0.665559 -0.761922 0.656866 -0.818933 -0.160749 0.400575
0.000000 0.000000 0.000000 0.000000 0.000000 0.000000 -2.024251 -0.057980 0.330240 -1.751199 1.074833 -0.027530 -1.954560 0.383090 0.756143 -1.552877 0.485361 0.329116 -1.552877 0.485361 0.329116 -1.706043 -0.120898 -0.921228 -2.041403 -1.093521 -0.064886 -1.841350 -0.293537 0.046284 -1.841350 -0.293537 0.046284 -2.155119 0.336308 0.441719 -2.062861 0.113245 0.823206 -2.063485 -0.346962 1.031829 -2.371643 0.190049 2.982069 -2.368775 0.191282 2.984150 -4.358701 -0.321193 0.239653 -1.845125 -1.128309 1.226841 -2.015197 -0.321674 -0.179157 -1.340028 -0.242353 -0.181091 -0.761708 -0.825725 0.573184 -0.878643 -0.226356 0.292377
0.000000 0.000000 0.000000 0.000000 0.000000 0.000000 -1.996614 -0.063871 0.326068 -1.724803 1.087947 -0.019005 -1.935140 0.385780 0.726629 -1.517324 0.447270 0.299580 -1.517324 0.447270 0.299580 -1.695052 -0.117230 -0.894634 -2.040294 -1.125376 -0.053743 -1.850040 -0.296229 0.023408 -1.850040 -0.296229 0.023408 -2.151112 0.330482 0.420838 -2.064861 0.114233 0.818637 -2.064957 -0.348477 1.039288 -2.361820 0.130341 2.980254 -2.358422 0.131796 2.982783 -4.315961 -0.298173 0.247409 -1.890967 -1.161694 1.250566 -2.041232 -0.354120 -0.229911 -1.444610 -0.267848 -0.259440 -0.766097 -0.827193 0.580383 -0.884972 -0.227504 0.297072
0.000000 0.000000 0.000000 0.000000 0.000000 0.000000 -1.988728 -0.065137 0.319198 -1.704502 1.077055 0.004810 -1.903379 0.409327 0.711985 -1.472863 0.457895 0.291696 -1.472863 0.457895 0.291696 -1.690246 -0.110266 -0.878790 -2.063744 -1.138157 -0.068723 -1.902439 -0.315131 0.015542 -1.902439 -0.315131 0.015542 -2.147004 0.329673 0.405561 -2.064384 0.113039 0.804439 -2.076262 -0.357823 1.027999 -2.352314 0.119705 3.009363 -2.348205 0.121505 3.012390 -4.287486 -0.337735 0.263203 -1.853118 -1.167163 1.230061 -2.001697 -0.322601 -0.243617 -1.345917 -0.190458 -0.208135 -0.773273 -0.848990 0.601003 -0.897086 -0.249296 0.312502
0.000000 0.000000 0.000000 0.000000 0.000000 0.000000 -1.918963 -0.072624 0.321048 -1.697818 1.100950 -0.042466 -1.880660 0.394110 0.715436 -1.446961 0.454185 0.291873 -1.446961 0.454185 0.291873 -1.670787 -0.148157 -0.891921 -2.063614 -1.144015 -0.087705 -1.882330 -0.335331 -0.004073 -1.882330 -0.335331 -0.004073 -2.118960 0.320721 0.372581 -2.066413 0.144063 0.787704 -2.098480 -0.320651 1.027426 -2.336184 0.043107 3.006602 -2.331789 0.045016 3.009941 -4.236038 -0.388921 0.275361 -1.856807 -1.219860 1.212585 -1.963026 -0.313492 -0.339846 -1.233398 -0.280226 -0.341517 -0.772676 -0.815997 0.609172 -0.900627 -0.217430 0.321065
0.000000 0.000000 0.000000 0.000000 0.000000 0.000000 -1.904247 -0.075547 0.306926 -1.641644 1.069829 -0.025914 -1.797899 0.432817 0.634094 -1.346935 0.434711 0.112768 -1.346935 0.434711 0.112768 -1.652636 -0.149803 -0.849729 -2.026309 -1.153927 -0.121419 -1.858540 -0.362801 -0.012435 -1.858540 -0.362801 -0.012435 -2.086540 0.316828 0.372389 -2.041916 0.133476 0.794453 -2.115474 -0.353662 1.049268 -2.315007 -0.068030 3.074656 -2.311888 -0.066572 3.077079 -4.167562 -0.623824 0.289690 -1.841978 -1.224954 1.190962 -1.939335 -0.299943 -0.352204 -1.140072 -0.314196 -0.395842 -0.752938 -0.812855 0.621763 -0.886268 -0.215147 0.339658
0.000000 0.000000 0.000000 0.000000 0.000000 0.000000 -1.874800 -0.090922 0.330589 -1.631091 1.082006 -0.009040 -1.712174 0.447451 0.610918 -1.261075 0.385231 0.097058 -1.261075 0.385231 0.097058 -1.627209 -0.162751 -0.841519 -2.047983 -1.184200 -0.136127 -1.902210 -0.370826 -0.025373 -1.902210 -0.370826 -0.025373 -2.061311 0.312754 0.376918 -2.035665 0.172062 0.817113 -2.102423 -0.346217 0.993013 -2.277997 -0.069107 3.087930 -2.275252 -0.067856 3.090021 -4.106329 -0.672268 0.379286 -1.792582 -1.246325 1.204670 -1.909259 -0.289821 -0.328875 -1.049666 -0.385318 -0.452702 -0.749564 -0.832679 0.573168 -0.867397 -0.230562 0.295188
0.000000 0.000000 0.000000 0.000000 0.000000 0.000000 -1.876475 -0.099475 0.321931 -1.620890 1.082970 0.032413 -1.734126 0.452410 0.603956 -1.291505 0.367259 0.085983 -1.291505 0.367259 0.085983 -1.600442 -0.163976 -0.813847 -1.998983 -1.194776 -0.139653 -1.837746 -0.423393 -0.014913 -1.837746 -0.423393 -0.014913 -2.095404 0.304055 0.344081 -2.091847 0.157425 0.798336 -2.146005 -0.362651 0.982013 -2.259808 -0.074061 3.088695 -2.257247 -0.072915 3.090634 -4.053082 -0.823500 0.416179 -1.848720 -1.253916 1.183186 -1.919058 -0.295567 -0.406767 -1.003440 -0.405008 -0.468868 -0.753394 -0.849836 0.604910 -0.879845 -0.249966 0.322848
0.000000 0.000000 0.000000 0.000000 0.000000 0.000000 -1.874307 -0.094618 0.324592 -1.608611 1.091935 0.036528 -1.711587 0.450482 0.596693 -1.266615 0.363688 0.085951 -1.266615 0.363688 0.085951 -1.596204 -0.168091 -0.814634 -2.005574 -1.216983 -0.158617 -1.856046 -0.449773 -0.028570 -1.856046 -0.449773 -0.028570 -2.100515 0.293455 0.339180 -2.101646 0.135497 0.777463 -2.173397 -0.364374 0.981491 -2.247962 -0.137992 3.069681 -2.246161 -0.137204 3.071089 -4.009481 -0.842584 0.401754 -1.856014 -1.287949 1.173054 -1.892175 -0.289408 -0.470039 -0.980755 -0.401015 -0.487942 -0.773860 -0.845065 0.594317 -0.895771 -0.244927 0.306214
0.000000 0.000000 0.000000 0.000000 0.000000 0.000000 -1.900083 -0.090923 0.303402 -1.604739 1.089060 0.064766 -1.714719 0.433747 0.598825 -1.272529 0.393636 0.074818 -1.272529 0.393636 0.074818 -1.594785 -0.188371 -0.794044 -2.003633 -1.229418 -0.182156 -1.867166 -0.446767 -0.031904 -1.867166 -0.446767 -0.031904 -2.122626 0.307584 0.309898 -2.143845 0.130301 0.752714 -2.232112 -0.372617 0.994047 -2.250533 -0.189113 3.038383 -2.247433 -0.187791 3.040889 -3.872022 -1.020365 0.457022 -1.868091 -1.269795 1.180592 -1.898659 -0.259959 -0.504264 -1.150468 -0.402212 -0.628958 -0.853174 -0.859310 0.580773 -0.963237 -0.267299 0.269947
0.000000 0.000000 0.000000 0.000000 0.000000 0.000000 -1.897403 -0.101541 0.322231 -1.598883 1.095278 0.086812 -1.693438 0.436821 0.583167 -1.238870 0.409787 0.053181 -1.238870 0.409787 0.053181 -1.571385 -0.190629 -0.783572 -2.005181 -1.241332 -0.208832 -1.861601 -0.487505 -0.068480 -1.861601 -0.487505 -0.068480 -2.123022 0.290622 0.286635 -2.162113 0.109347 0.732764 -2.254349 -0.386876 0.994084 -2.254884 -0.244803 3.014921 -2.252198 -0.243671 3.017170 -3.804081 -1.253989 0.462763 -1.906381 -1.335023 1.175613 -1.867038 -0.280316 -0.607459 -1.252565 -0.312542 -0.722199 -0.865819 -0.857971 0.558709 -0.968027 -0.266581 0.246219
0.000000 0.000000 0.000000 0.000000 0.000000 0.000000 -1.869379 -0.088406 0.304135 -1.566496 1.090748 0.068877 -1.635470 0.443303 0.558072 -1.170424 0.416853 0.048143 -1.170424 0.416853 0.048143 -1.549308 -0.199236 -0.759979 -1.962998 -1.246883 -0.225960 -1.817602 -0.500025 -0.069906 -1.817602 -0.500025 -0.069906 -2.117900 0.300430 0.299686 -2.158106 0.107979 0.739605 -2.254107 -0.391464 0.999702 -2.247498 -0.256836 3.020579 -2.244621 -0.255623 3.022989 -3.786542 -1.269602 0.459276 -1.876970 -1.327352 1.168681 -1.848575 -0.250028 -0.600956 -1.205551 -0.322507 -0.738590 -0.863536 -0.857022 0.567822 -0.968933 -0.264651 0.254598
0.000000 0.000000 0.000000 0.000000 0.000000 0.000000 -1.861540 -0.067049 0.307181 -1.550081 1.087732 0.119271 -1.613399 0.462193 0.533980 -1.132142 0.436151 0.053812 -1.132142 0.436151 0.053812 -1.532611 -0.205302 -0.781169 -1.961419 -1.266703 -0.188428 -1.812871 -0.551961 -0.070537 -1.812871 -0.551961 -0.070537 -2.115732 0.294060 0.226862 -2.177821 0.065730 0.644135 -2.316371 -0.373489 0.994936 -2.257006 -0.259503 2.992267 -2.253744 -0.258159 2.995038 -3.819543 -1.266644 0.584321 -1.897351 -1.355789 1.074984 -1.787839 -0.248961 -0.676768 -1.171828 -0.153817 -0.866460 -0.771609 -0.804082 0.661441 -0.916024 -0.210904 0.370660
0.000000 0.000000 0.000000 0.000000 0.000000 0.000000 -1.846071 -0.065693 0.319519 -1.543635 1.092082 0.119293 -1.586151 0.461104 0.524439 -1.092069 0.414015 0.075046 -1.092069 0.414015 0.075046 -1.510855 -0.196327 -0.732248 -1.924522 -1.293324 -0.235717 -1.810570 -0.607180 -0.086499 -1.810570 -0.607180 -0.086499 -2.116689 0.298777 0.201642 -2.184658 0.078677 0.627810 -2.328440 -0.374648 0.973822 -2.268248 -0.250904 2.961546 -2.264336 -0.249335 2.964904 -3.832168 -1.188700 0.684163 -1.928076 -1.359495 1.065959 -1.777706 -0.236692 -0.739764 -1.206547 -0.153968 -0.867544 -0.746315 -0.807220 0.683379 -0.899159 -0.214576 0.399160
0.000000 0.000000 0.000000 0.000000 0.000000 0.000000 -1.829015 -0.067262 0.337132 -1.519533 1.091663 0.130701 -1.549103 0.465829 0.496047 -1.055595 0.410890 0.048983 -1.055595 0.410890 0.048983 -1.501928 -0.192620 -0.709653 -1.923352 -1.311612 -0.248544 -1.827199 -0.617797 -0.098872 -1.827199 -0.617797 -0.098872 -2.123229 0.281347 0.175700 -2.207609 0.068180 0.601954 -2.359402 -0.376805 0.949677 -2.275095 -0.256268 2.944351 -2.271492 -0.254841 2.947477 -3.830259 -1.177431 0.696556 -1.952078 -1.386761 1.066506 -1.759457 -0.241877 -0.794371 -1.202525 -0.193051 -0.837593 -0.783481 -0.833804 0.689897 -0.934256 -0.242949 0.392148
0.000000 0.000000 0.000000 0.000000 0.000000 0.000000 -1.786344 -0.104037 0.346622 -1.531664 1.090184 0.147189 -1.543876 0.473204 0.500091 -1.047203 0.432861 0.060349 -1.047203 0.432861 0.060349 -1.453262 -0.217709 -0.663712 -1.873594 -1.315497 -0.275806 -1.756563 -0.612078 -0.124949 -1.756563 -0.612078 -0.124949 -2.097639 0.215932 0.138479 -2.216786 0.100569 0.607057 -2.352479 -0.366302 0.927959 -2.287044 -0.238862 2.912690 -2.283295 -0.237421 2.915967 -3.844470 -1.054965 0.805706 -1.968113 -1.428314 0.995909 -1.689921 -0.239101 -0.872106 -1.011720 -0.487734 -0.890982 -0.807268 -0.855211 0.684245 -0.953125 -0.266282 0.379288
0.000000 0.000000 0.000000 0.000000 0.000000 0.000000 -1.765375 -0.084899 0.345078 -1.497550 1.098359 0.136918 -1.472920 0.468911 0.470044 -0.963812 0.402657 0.057199 -0.963812 0.402657 0.057199 -1.447520 -0.225565 -0.662168 -1.891586 -1.331459 -0.263271 -1.803142 -0.631924 -0.106487 -1.803142 -0.631924 -0.106487 -2.106451 0.217208 0.126129 -2.254847 0.098190 0.600665 -2.389218 -0.375043 0.912064 -2.284745 -0.266200 2.898741 -2.281701 -0.265048 2.901445 -3.804322 -1.050729 0.970266 -1.977984 -1.420833 1.002099 -1.678759 -0.210235 -0.912706 -1.108967 -0.492840 -0.935774 -0.815092 -0.860179 0.670440 -0.955535 -0.272390 0.364879
0.000000 0.000000 0.000000 0.000000 0.000000 0.000000 -1.656909 -0.058408 0.299561 -1.478190 1.081509 0.106839 -1.422338 0.464226 0.476939 -0.890332 0.434898 0.109585 -0.890332 0.434898 0.109585 -1.376197 -0.288183 -0.596725 -1.820714 -1.347982 -0.269102 -1.775319 -0.687927 -0.078331 -1.775319 -0.687927 -0.078331 -2.024966 0.266941 0.115113 -2.282224 0.125540 0.612480 -2.408105 -0.359956 0.912024 -2.299373 -0.358692 2.852645 -2.296211 -0.357520 2.855635 -3.724361 -1.134910 1.277084 -1.961776 -1.464211 0.979621 -1.615788 -0.191688 -0.954619 -0.989234 -0.547572 -0.913271 -0.828562 -0.853855 0.680264 -0.971222 -0.267938 0.369825
0.000000 0.000000 0.000000 0.000000 0.000000 0.000000 -1.716534 -0.073776 0.376170 -1.496137 1.109590 0.165285 -1.429571 0.460143 0.448530 -0.888326 0.430725 0.112609 -0.888326 0.430725 0.112609 -1.358503 -0.257431 -0.620833 -1.816361 -1.366832 -0.281030 -1.714920 -0.733881 -0.137906 -1.714920 -0.733881 -0.137906 -2.033363 0.204080 0.120878 -2.278666 0.113359 0.615197 -2.396398 -0.370814 0.907431 -2.289428 -0.360406 2.857492 -2.287529 -0.359707 2.859279 -3.700125 -1.242995 1.398706 -1.931104 -1.491885 1.023039 -1.599852 -0.175161 -0.949665 -1.042427 -0.572531 -1.062211 -0.840600 -0.857858 0.612376 -0.961451 -0.267051 0.303045
0.000000 0.000000 0.000000 0.000000 0.000000 0.000000 -1.667605 -0.088409 0.323526 -1.442735 1.096254 0.163948 -1.400159 0.461826 0.409667 -0.857339 0.407532 0.097085 -0.857339 0.407532 0.097085 -1.325036 -0.293382 -0.566035 -1.812144 -1.341511 -0.316803 -1.777358 -0.732705 -0.143897 -1.777358 -0.732705 -0.143897 -2.048753 0.232414 0.126331 -2.300910 0.142212 0.626281 -2.406549 -0.367627 0.863361 -2.316901 -0.357723 2.810076 -2.313650 -0.356559 2.813216 -3.602058 -1.324764 1.495471 -2.005178 -1.502086 0.916982 -1.546229 -0.192531 -1.052298 -1.119885 -0.573151 -1.113338 -0.850852 -0.890184 0.617829 -0.970648 -0.301313 0.304701
0.000000 0.000000 0.000000 0.000000 0.000000 0.000000 -1.632303 -0.047718 0.299530 -1.420177 1.082191 0.193963 -1.373690 0.438726 0.373392 -0.817433 0.500320 0.073667 -0.817433 0.500320 0.073667 -1.291662 -0.303633 -0.520141 -1.779991 -1.407983 -0.300254 -1.812328 -0.774720 -0.083333 -1.812328 -0.774720 -0.083333 -2.013315 0.263518 0.097294 -2.273252 0.144372 0.594793 -2.403417 -0.352702 0.862363 -2.311026 -0.387190 2.776815 -2.308666 -0.386386 2.779144 -3.479104 -1.413894 1.755212 -2.007038 -1.556128 0.878119 -1.489649 -0.211099 -1.081585 -1.206446 -0.161399 -1.224101 -0.863080 -0.882969 0.595094 -0.975241 -0.293992 0.280329
0.000000 0.000000 0.000000 0.000000 0.000000 0.000000 -1.606888 -0.035372 0.266168 -1.410666 1.083582 0.179228 -1.337624 0.430163 0.364812 -0.757412 0.540290 0.082426 -0.757412 0.540290 0.082426 -1.259129 -0.314342 -0.500499 -1.767884 -1.375902 -0.334790 -1.830984 -0.725126 -0.082338 -1.830984 -0.725126 -0.082338 -1.972426 0.292039 0.087648 -2.244024 0.116299 0.567096 -2.393594 -0.363500 0.864096 -2.327315 -0.427288 2.747066 -2.325444 -0.426656 2.748977 -3.328912 -1.520860 2.026121 -2.056665 -1.569639 0.842449 -1.433347 -0.194594 -1.177746 -1.244668 -0.433322 -1.168967 -0.860256 -0.889625 0.590519 -0.970917 -0.299946 0.276832
0.000000 0.000000 0.000000 0.000000 0.000000 0.000000 -1.587732 -0.023782 0.244200 -1.400122 1.084020 0.197996 -1.342989 0.438944 0.345299 -0.731834 0.495111 0.133727 -0.731834 0.495111 0.133727 -1.214741 -0.336596 -0.453575 -1.673653 -1.383414 -0.341238 -1.705637 -0.852335 -0.086817 -1.705637 -0.852335 -0.086817 -1.948704 0.314138 0.087125 -2.228663 0.110821 0.555767 -2.393919 -0.363508 0.861566 -2.349128 -0.425614 2.729593 -2.348027 -0.425239 2.730735 -3.244563 -1.651340 2.132273 -2.089145 -1.577199 0.862584 -1.421382 -0.192708 -1.223525 -1.222196 -0.533678 -1.295252 -0.869375 -0.896495 0.586648 -0.977655 -0.307702 0.270522
0.000000 0.000000 0.000000 0.000000 0.000000 0.000000 -1.601495 -0.036637 0.232320 -1.385390 1.057912 0.238916 -1.340276 0.420032 0.313306 -0.719994 0.545891 0.116687 -0.719994 0.545891 0.116687 -1.211015 -0.362233 -0.425371 -1.639641 -1.386966 -0.321701 -1.614892 -0.986969 -0.122667 -1.614892 -0.986969 -0.122667 -1.955563 0.313913 0.080491 -2.233739 0.124424 0.557675 -2.394871 -0.349498 0.863044 -2.361840 -0.473815 2.668295 -2.359832 -0.473169 2.670479 -3.202548 -1.710331 2.276830 -2.125238 -1.631788 0.811954 -1.362028 -0.231434 -1.271768 -1.192562 -0.543967 -1.343944 -0.830276 -0.869512 0.602191 -0.948067 -0.278466 0.297431
0.000000 0.000000 0.000000 0.000000 0.000000 0.000000 -1.589635 -0.035471 0.236191 -1.372597 1.065641 0.243126 -1.286904 0.406202 0.305675 -0.660655 0.541898 0.146883 -0.660655 0.541898 0.146883 -1.206659 -0.338986 -0.405018 -1.629581 -1.425117 -0.328134 -1.591615 -1.081883 -0.147235 -1.591615 -1.081883 -0.147235 -1.951360 0.304578 0.071869 -2.231061 0.128418 0.545018 -2.394446 -0.348294 0.832322 -2.375979 -0.483520 2.627133 -2.375130 -0.483257 2.628080 -3.252377 -1.708984 2.216195 -2.168356 -1.649965 0.762908 -1.295982 -0.227301 -1.346934 -1.184066 -0.556566 -1.387940 -0.820227 -0.877597 0.573258 -0.929640 -0.283509 0.273704
0.000000 0.000000 0.000000 0.000000 0.000000 0.000000 -1.580861 -0.035184 0.230533 -1.346754 1.057238 0.261385 -1.265158 0.402341 0.288154 -0.641230 0.557743 0.117869 -0.641230 0.557743 0.117869 -1.187193 -0.348956 -0.374309 -1.582834 -1.417835 -0.330312 -1.526097 -1.152597 -0.141432 -1.526097 -1.152597 -0.141432 -1.947361 0.295560 0.037812 -2.224804 0.154370 0.513487 -2.396049 -0.314731 0.795025 -2.424625 -0.438542 2.554558 -2.422356 -0.437867 2.557160 -3.287666 -1.641197 2.202038 -2.166178 -1.626844 0.740235 -1.238816 -0.154872 -1.401214 -1.132068 -0.439148 -1.482459 -0.828481 -0.886048 0.589065 -0.941476 -0.294479 0.285942
0.000000 0.000000 0.000000 0.000000 0.000000 0.000000 -1.562005 -0.044495 0.243581 -1.329990 1.062956 0.261743 -1.221049 0.388854 0.270006 -0.592090 0.508973 0.120010 -0.592090 0.508973 0.120010 -1.166735 -0.345023 -0.320143 -1.514415 -1.433115 -0.354197 -1.485179 -1.249564 -0.159845 -1.485179 -1.249564 -0.159845 -1.936374 0.267246 0.038254 -2.212558 0.142497 0.507786 -2.394593 -0.305469 0.779038 -2.447525 -0.444866 2.505344 -2.445205 -0.444199 2.508088 -3.352415 -1.622722 2.150167 -2.258855 -1.681169 0.611136 -1.163079 -0.250838 -1.476900 -1.081764 -0.589197 -1.601708 -0.831909 -0.886689 0.577950 -0.941186 -0.294719 0.274678
0.000000 0.000000 0.000000 0.000000 0.000000 0.000000 -1.563933 -0.015474 0.234475 -1.304420 1.057473 0.265432 -1.191910 0.380467 0.243510 -0.561278 0.508377 0.106804 -0.561278 0.508377 0.106804 -1.183376 -0.342683 -0.308191 -1.501371 -1.437051 -0.343416 -1.532074 -1.286917 -0.158270 -1.532074 -1.286917 -0.158270 -1.935712 0.309004 0.034379 -2.214416 0.156789 0.513540 -2.374426 -0.324243 0.767921 -2.469788 -0.438847 2.496027 -2.468535 -0.438476 2.497526 -3.378515 -1.654123 2.269865 -2.317244 -1.711764 0.590785 -1.130401 -0.297660 -1.522159 -1.158792 -0.463355 -1.699529 -0.785864 -0.889419 0.550496 -0.890638 -0.290983 0.263273
0.000000 0.000000 0.000000 0.000000 0.000000 0.000000 -1.452569 0.033824 0.223463 -1.279483 1.053009 0.259026 -1.174736 0.362953 0.230801 -0.546018 0.488756 0.121007 -0.546018 0.488756 0.121007 -1.129712 -0.396668 -0.281887 -1.488159 -1.445447 -0.336481 -1.482991 -1.347321 -0.192142 -1.482991 -1.347321 -0.192142 -1.841277 0.354142 0.031963 -2.136039 0.164601 0.484217 -2.332560 -0.296617 0.754740 -2.501426 -0.402440 2.432472 -2.500683 -0.402231 2.433380 -3.499095 -1.620717 2.379608 -2.400675 -1.818218 0.541639 -1.021082 -0.388206 -1.584479 -1.093190 -0.254523 -1.725781 -0.814353 -0.899780 0.521193 -0.907146 -0.302742 0.227798
0.000000 0.000000 0.000000 0.000000 0.000000 0.000000 -1.487732 -0.004554 0.229486 -1.292207 1.054088 0.259582 -1.142058 0.367568 0.227984 -0.507914 0.471841 0.107427 -0.507914 0.471841 0.107427 -1.122879 -0.374590 -0.278983 -1.461990 -1.436149 -0.350009 -1.450259 -1.435521 -0.168416 -1.450259 -1.435521 -0.168416 -1.865797 0.298683 0.007361 -2.148529 0.143567 0.466106 -2.336306 -0.307787 0.758556 -2.536905 -0.468673 2.355447 -2.535444 -0.468274 2.357374 -3.605586 -1.574495 2.497259 -2.481057 -1.843326 0.397354 -0.992912 -0.502740 -1.627772 -0.922351 -0.413417 -1.631298 -0.835623 -0.911778 0.515948 -0.924347 -0.316535 0.216404
0.000000 0.000000 0.000000 0.000000 0.000000 0.000000 -1.492180 -0.011008 0.212111 -1.283873 1.055448 0.298020 -1.106290 0.344466 0.201325 -0.470648 0.437172 0.084728 -0.470648 0.437172 0.084728 -1.127595 -0.381410 -0.278298 -1.455712 -1.434964 -0.347142 -1.418590 -1.464745 -0.175878 -1.418590 -1.464745 -0.175878 -1.868545 0.299830 -0.014739 -2.152347 0.164419 0.448137 -2.342215 -0.290928 0.728035 -2.565063 -0.454896 2.293634 -2.563469 -0.454481 2.295806 -3.679999 -1.475730 2.544858 -2.545512 -1.865563 0.271512 -0.894655 -0.545772 -1.697695 -0.624747 -0.446479 -1.808416 -0.827975 -0.914446 0.523008 -0.919396 -0.318727 0.225101
0.000000 0.000000 0.000000 0.000000 0.000000 0.000000 -1.385510 0.056250 0.214644 -1.244592 1.049783 0.287473 -1.085823 0.334126 0.193815 -0.460795 0.423749 0.079045 -0.460795 0.423749 0.079045 -1.088357 -0.426886 -0.218159 -1.404588 -1.446456 -0.342594 -1.378811 -1.481543 -0.214758 -1.378811 -1.481543 -0.214758 -1.781429 0.338276 -0.030685 -2.092875 0.141464 0.395908 -2.319906 -0.285615 0.701463 -2.595569 -0.434571 2.222952 -2.594541 -0.434319 2.224403 -3.694227 -1.395401 2.587753 -2.602598 -1.913500 0.127976 -0.833802 -0.649470 -1.734546 -0.793385 -0.412061 -1.777604 -0.790025 -0.911012 0.484116 -0.873047 -0.309632 0.201064
0.000000 0.000000 0.000000 0.000000 0.000000 0.000000 -1.328365 0.088335 0.179745 -1.235057 1.060097 0.289105 -1.068832 0.325594 0.183613 -0.430130 0.401449 0.118106 -0.430130 0.401449 0.118106 -1.066109 -0.433616 -0.168749 -1.328420 -1.462438 -0.314839 -1.312255 -1.616374 -0.150483 -1.312255 -1.616374 -0.150483 -1.719194 0.349501 -0.081066 -2.051830 0.101085 0.312934 -2.317629 -0.240302 0.706510 -2.590328 -0.449526 2.162158 -2.588970 -0.449238 2.164139 -3.755249 -1.259403 2.648680 -2.671207 -2.012026 -0.006645 -0.696713 -0.753617 -1.773830 -0.547597 -0.854370 -1.750936 -0.846129 -0.903510 0.514150 -0.934002 -0.307131 0.210596
0.000000 0.000000 0.000000 0.000000 0.000000 0.000000 -1.311258 0.072644 0.158418 -1.242374 1.058166 0.307111 -1.067340 0.306271 0.175183 -0.432453 0.399191 0.116497 -0.432453 0.399191 0.116497 -1.046656 -0.460259 -0.164139 -1.308714 -1.442256 -0.295328 -1.279090 -1.617253 -0.134319 -1.279090 -1.617253 -0.134319 -1.690295 0.364445 -0.071641 -2.007873 0.123363 0.325295 -2.257655 -0.242957 0.684882 -2.610278 -0.396077 2.080229 -2.609577 -0.395950 2.081275 -3.562789 -1.290401 2.742528 -2.701051 -2.070683 -0.107596 -0.651622 -0.845972 -1.781631 -0.561972 -0.637151 -1.803442 -0.801975 -0.912240 0.480328 -0.882802 -0.311026 0.193584
0.000000 0.000000 0.000000 0.000000 0.000000 0.000000 -1.289835 0.074970 0.163149 -1.247925 1.048661 0.327617 -1.064649 0.296978 0.166589 -0.428049 0.357605 0.107387 -0.428049 0.357605 0.107387 -1.017862 -0.473949 -0.132173 -1.254720 -1.429556 -0.297885 -1.245050 -1.623056 -0.106741 -1.245050 -1.623056 -0.106741 -1.667205 0.355288 -0.084707 -1.974130 0.155159 0.334787 -2.216471 -0.231296 0.668156 -2.610665 -0.344403 1.998518 -2.610621 -0.344397 1.998584 -3.407990 -1.267677 2.828661 -2.764484 -2.158831 -0.156482 -0.592488 -0.953801 -1.783659 -0.589088 -0.660075 -1.810798 -0.808794 -0.923836 0.452328 -0.879854 -0.322460 0.166040
0.000000 0.000000 0.000000 0.000000 0.000000 0.000000 -1.240653 0.086871 0.191271 -1.244788 1.055996 0.333588 -1.055545 0.290793 0.163365 -0.421102 0.319445 0.090842 -0.421102 0.319445 0.090842 -0.987010 -0.479510 -0.096544 -1.208701 -1.443305 -0.320337 -1.223686 -1.693249 -0.089890 -1.223686 -1.693249 -0.089890 -1.613000 0.307522 -0.107270 -1.915524 0.153884 0.306372 -2.171764 -0.202280 0.654555 -2.629408 -0.302302 1.918821 -2.628189 -0.302170 1.920728 -3.346967 -1.213822 2.866336 -2.789704 -2.212366 -0.285359 -0.521814 -1.036394 -1.796335 -0.679240 -0.739468 -1.841752 -0.805760 -0.915044 0.431574 -0.871262 -0.310768 0.147253
0.000000 0.000000 0.000000 0.000000 0.000000 0.000000 -1.186679 0.064501 0.170722 -1.255588 1.071743 0.335904 -1.065159 0.272498 0.159826 -0.437376 0.294840 0.090084 -0.437376 0.294840 0.090084 -0.960735 -0.505375 -0.093038 -1.194093 -1.439288 -0.302922 -1.237346 -1.675882 -0.041423 -1.237346 -1.675882 -0.041423 -1.546058 0.284627 -0.130590 -1.845607 0.135764 0.280689 -2.113317 -0.165658 0.670500 -2.656179 -0.308498 1.858244 -2.655779 -0.308458 1.858901 -3.341391 -1.285251 2.949540 -2.782362 -2.268323 -0.427908 -0.443280 -1.103451 -1.798601 -0.601414 -0.376955 -2.159278 -0.817139 -0.898356 0.425012 -0.880473 -0.294645 0.137788
0.000000 0.000000 0.000000 0.000000 0.000000 0.000000 -1.160900 0.052073 0.159884 -1.236282 1.067168 0.336501 -1.055805 0.265165 0.139187 -0.425632 0.266499 0.076460 -0.425632 0.266499 0.076460 -0.937575 -0.526846 -0.095056 -1.172902 -1.421586 -0.290199 -1.205399 -1.685806 -0.018030 -1.205399 -1.685806 -0.018030 -1.526839 0.294051 -0.125272 -1.827300 0.141962 0.284012 -2.096053 -0.171857 0.654384 -2.641284 -0.337593 1.813721 -2.641097 -0.337581 1.814037 -3.306781 -1.157666 3.038401 -2.822759 -2.225194 -0.598034 -0.380592 -1.150088 -1.863771 -0.582523 -0.399343 -2.226193 -0.809555 -0.910018 0.393135 -0.863159 -0.305183 0.111274
0.000000 0.000000 0.000000 0.000000 0.000000 0.000000 -1.146386 0.049846 0.158832 -1.225689 1.050616 0.379331 -1.045268 0.254261 0.121893 -0.413508 0.224946 0.065479 -0.413508 0.224946 0.065479 -0.924607 -0.544376 -0.057229 -1.142166 -1.420853 -0.282698 -1.186811 -1.702957 0.008596 -1.186811 -1.702957 0.008596 -1.503785 0.281098 -0.148462 -1.790725 0.185735 0.262705 -2.064514 -0.156242 0.616031 -2.610975 -0.313401 1.750670 -2.627410 -0.313466 1.722087 -3.286207 -0.971501 3.065286 -2.870744 -2.248402 -0.647655 -0.346485 -1.210426 -1.875705 -0.709622 -0.382869 -2.346354 -0.820665 -0.923038 0.345359 -0.858033 -0.318677 0.064661
0.000000 0.000000 0.000000 0.000000 0.000000 0.000000 -1.101676 0.045443 0.159239 -1.239401 1.056795 0.372825 -1.045774 0.246147 0.129559 -0.410415 0.208894 0.051320 -0.410415 0.208894 0.051320 -0.890703 -0.561625 -0.052562 -1.108819 -1.422603 -0.252822 -1.140906 -1.724720 0.043877 -1.140906 -1.724720 0.043877 -1.468573 0.287166 -0.135943 -1.779525 0.182258 0.230172 -2.065795 -0.168359 0.567243 -2.582822 -0.330033 1.707654 -2.608548 -0.328878 1.661587 -3.219377 -0.714908 3.194045 -2.906337 -2.166748 -0.782400 -0.282457 -1.209161 -1.946767 -0.691078 -0.473346 -2.377823 -0.818312 -0.953724 0.342956 -0.853711 -0.345542 0.061481
0.000000 0.000000 0.000000 0.000000 0.000000 0.000000 -1.088184 0.020721 0.172991 -1.219855 1.051515 0.407706 -1.081501 0.245178 0.107176 -0.461352 0.136560 0.055027 -0.461352 0.136560 0.055027 -0.872697 -0.586127 -0.055514 -1.085131 -1.413258 -0.247440 -1.124352 -1.740402 0.057640 -1.124352 -1.740402 0.057640 -1.449894 0.249991 -0.132498 -1.772306 0.161899 0.192425 -2.066638 -0.143646 0.562093 -2.588583 -0.316428 1.636774 -2.628525 -0.313068 1.561312 -3.166190 -0.604479 3.250322 -2.875787 -2.091270 -0.937234 -0.223239 -1.188438 -2.003570 -0.618883 -0.460291 -2.411114 -0.840555 -0.948504 0.341000 -0.873627 -0.346082 0.054655
0.000000 0.000000 0.000000 0.000000 0.000000 0.000000 -1.032330 -0.026836 0.171288 -1.175787 1.072561 0.387773 -1.091140 0.234891 0.097471 -0.479167 0.090773 0.052366 -0.479167 0.090773 0.052366 -0.847133 -0.609230 -0.047414 -1.068764 -1.404904 -0.259336 -1.134788 -1.744139 0.041247 -1.134788 -1.744139 0.041247 -1.406511 0.243584 -0.096692 -1.749418 0.172814 0.147789 -2.056261 -0.119434 0.522190 -2.585722 -0.293773 1.568919 -2.626714 -0.288489 1.488711 -3.037335 -0.325380 3.382471 -2.902270 -2.004098 -1.037727 -0.169493 -1.174072 -2.067624 -0.356881 -0.830944 -2.692620 -0.726376 -0.916643 0.342635 -0.771293 -0.304691 0.091273
0.000000 0.000000 0.000000 0.000000 0.000000 0.000000 -1.035732 -0.085822 0.243680 -1.132398 1.079095 0.376330 -1.072264 0.225642 0.086238 -0.454599 0.066246 0.055393 -0.454599 0.066246 0.055393 -0.858043 -0.598807 -0.025525 -1.014802 -1.449484 -0.257683 -1.090240 -1.767931 0.090292 -1.090240 -1.767931 0.090292 -1.401745 0.138374 -0.051058 -1.738683 0.240762 0.052966 -2.052319 -0.026144 0.438084 -2.530755 -0.255400 1.475877 -2.556368 -0.249382 1.425280 -2.968591 -0.191929 3.372320 -2.885905 -1.845557 -1.269258 -0.077987 -1.151935 -2.182338 -0.301772 -0.618864 -2.839702 -0.850919 -0.920433 0.364314 -0.891603 -0.318185 0.072115
0.000000 0.000000 0.000000 0.000000 0.000000 0.000000 -1.009211 -0.203271 0.270117 -1.171874 1.079413 0.361494 -1.118817 0.216924 0.089966 -0.495633 0.047871 0.086762 -0.495633 0.047871 0.086762 -0.828032 -0.619509 -0.063657 -1.005040 -1.432814 -0.249755 -1.087075 -1.783490 0.140408 -1.087075 -1.783490 0.140408 -1.379474 0.028979 0.047070 -1.679331 0.345439 0.056874 -1.984819 0.031713 0.404980 -2.531948 -0.237297 1.394362 -2.549586 -0.232198 1.357887 -2.831309 0.134043 3.570859 -2.855449 -1.610983 -1.545827 0.047882 -1.103387 -2.338673 0.010605 -0.825809 -3.142117 -0.688418 -0.857504 0.375176 -0.748945 -0.244399 0.133365
0.000000 0.000000 0.000000 0.000000 0.000000 0.000000 -0.970878 -0.219683 0.284544 -1.151584 1.047205 0.398184 -1.108629 0.248944 0.087897 -0.494322 0.024792 0.087328 -0.494322 0.024792 0.087328 -0.804921 -0.620475 -0.015086 -0.968418 -1.434294 -0.216030 -1.044058 -1.792196 0.166697 -1.044058 -1.792196 0.166697 -1.344801 0.016255 0.008353 -1.638176 0.396434 -0.015413 -1.958991 0.060017 0.310952 -2.498529 -0.208467 1.337160 -2.517738 -0.201534 1.296742 -2.733330 0.207704 3.539973 -2.891393 -1.487061 -1.652282 0.098929 -1.107661 -2.423477 0.068928 -0.876489 -3.238102 -0.723884 -0.882612 0.361948 -0.775689 -0.288363 0.117013
0.000000 0.000000 0.000000 0.000000 0.000000 0.000000 -0.899309 -0.257000 0.280138 -1.180932 1.045056 0.412753 -1.113686 0.269656 0.088921 -0.498779 -0.036105 0.085944 -0.498779 -0.036105 0.085944 -0.783615 -0.626848 0.008422 -0.908413 -1.430774 -0.221911 -1.016644 -1.812286 0.224087 -1.016644 -1.812286 0.224087 -1.265959 -0.002971 0.027567 -1.574012 0.394383 -0.057912 -1.896241 0.080878 0.250198 -2.451819 -0.189569 1.263662 -2.467308 -0.182419 1.230189 -2.751595 0.316382 3.396095 -2.825806 -1.318089 -1.852509 0.195976 -1.067671 -2.529526 0.281144 -0.626475 -3.490537 -0.693285 -0.877856 0.379702 -0.752622 -0.289258 0.145466
0.000000 0.000000 0.000000 0.000000 0.000000 0.000000 -0.812111 -0.228387 0.370024 -1.200849 1.033019 0.410032 -1.116352 0.291890 0.067545 -0.489713 -0.061939 0.082921 -0.489713 -0.061939 0.082921 -0.742349 -0.667325 -0.029608 -0.906890 -1.446322 -0.209401 -0.989207 -1.808353 0.231548 -0.989207 -1.808353 0.231548 -1.158236 -0.035984 0.065109 -1.502945 0.336292 -0.088277 -1.841458 0.110285 0.171853 -2.384817 -0.177876 1.168181 -2.391067 -0.174073 1.154152 -2.519657 0.340732 3.453509 -2.789150 -1.158665 -2.009278 0.235444 -1.052474 -2.641058 0.410980 -0.423113 -3.587867 -0.700279 -0.875745 0.375937 -0.759215 -0.265236 0.130968
0.000000 0.000000 0.000000 0.000000 0.000000 0.000000 -0.777917 -0.242151 0.368932 -1.201185 1.029683 0.406903 -1.153227 0.287988 0.066841 -0.538612 -0.037377 0.091232 -0.538612 -0.037377 0.091232 -0.716724 -0.693596 -0.033002 -0.869310 -1.436436 -0.195607 -0.962240 -1.839387 0.287740 -0.962240 -1.839387 0.287740 -1.126920 -0.030710 0.083168 -1.468440 0.332662 -0.090054 -1.806360 0.117737 0.151287 -2.329283 -0.169754 1.116842 -2.344404 -0.158850 1.081930 -2.406370 0.335694 3.458139 -2.759636 -1.025810 -2.141999 0.306018 -1.041328 -2.724478 0.548740 -0.391995 -3.655984 -0.635003 -0.869960 0.364567 -0.696046 -0.254588 0.140672
0.000000 0.000000 0.000000 0.000000 0.000000 0.000000 -0.778101 -0.298437 0.293704 -1.132967 1.065395 0.375366 -1.113005 0.269209 0.057370 -0.490968 -0.026341 0.076312 -0.490968 -0.026341 0.076312 -0.736662 -0.690133 -0.030775 -0.843744 -1.445406 -0.163893 -0.894360 -1.861195 0.316156 -0.894360 -1.861195 0.316156 -1.092274 -0.046403 0.075566 -1.431734 0.312697 -0.100202 -1.772647 0.129618 0.142923 -2.318039 -0.204582 1.073115 -2.331264 -0.194054 1.040872 -2.325871 0.280826 3.515666 -2.697138 -0.753155 -2.342759 0.394386 -0.987734 -2.894462 0.591474 -0.014395 -3.590730 -0.560897 -0.858197 0.351849 -0.623438 -0.253420 0.156968
0.000000 0.000000 0.000000 0.000000 0.000000 0.000000 -0.730374 -0.336687 0.185667 -1.024281 1.095951 0.349117 -1.062673 0.269500 0.035524 -0.454070 -0.050036 0.052282 -0.454070 -0.050036 0.052282 -0.743609 -0.700894 -0.015300 -0.810512 -1.432207 -0.130563 -0.826755 -1.858887 0.338163 -0.826755 -1.858887 0.338163 -1.048347 -0.087367 0.059827 -1.377897 0.268913 -0.130679 -1.706775 0.181862 0.116715 -2.269560 -0.162171 0.995941 -2.277929 -0.154395 0.974951 -2.328392 0.129704 3.451626 -2.692852 -0.520393 -2.423043 0.456811 -0.925073 -3.022778 0.715309 -0.179063 -3.566046 -0.519045 -0.814609 0.350124 -0.581175 -0.264211 0.185606
0.000000 0.000000 0.000000 0.000000 0.000000 0.000000 -0.650760 -0.432691 0.199704 -1.016885 1.089628 0.351277 -1.071506 0.277615 0.032862 -0.469365 -0.066835 0.078963 -0.469365 -0.066835 0.078963 -0.703381 -0.714037 -0.012677 -0.791143 -1.406268 -0.082494 -0.801765 -1.882936 0.360918 -0.801765 -1.882936 0.360918 -1.016190 -0.112488 0.021382 -1.357953 0.256212 -0.167768 -1.692039 0.171880 0.094436 -2.247960 -0.197348 0.966986 -2.284176 -0.159231 0.868251 -2.387673 0.197737 3.357227 -2.679241 -0.259730 -2.469940 0.496573 -0.825451 -3.165311 0.702794 -0.450137 -3.670710 -0.697475 -0.870034 0.261841 -0.720597 -0.416196 0.087877
0.000000 0.000000 0.000000 0.000000 0.000000 0.000000 -0.616387 -0.405146 0.217741 -0.907263 1.120045 0.294186 -1.017162 0.240755 0.000996 -0.447413 -0.065050 0.067031 -0.447413 -0.065050 0.067031 -0.692699 -0.726360 0.010679 -0.731692 -1.427675 -0.090515 -0.721809 -1.927395 0.352419 -0.721809 -1.927395 0.352419 -0.967395 -0.133875 0.021893 -1.306484 0.237130 -0.145501 -1.631621 0.232986 0.053298 -2.180842 -0.152443 0.909926 -2.195065 -0.135887 0.872153 -2.399225 0.052019 3.262846 -2.590842 0.023606 -2.555505 0.592735 -0.691838 -3.308412 0.914126 -0.447657 -3.656061 -0.793158 -0.847866 0.166538 -0.789779 -0.393933 -0.026073
0.000000 0.000000 0.000000 0.000000 0.000000 0.000000 -0.653284 -0.427366 0.249906 -0.871283 1.075258 0.283913 -1.016726 0.230187 -0.020824 -0.451120 -0.045889 0.087361 -0.451120 -0.045889 0.087361 -0.680331 -0.740632 -0.008068 -0.702383 -1.414767 -0.048803 -0.689513 -1.887708 0.428018 -0.689513 -1.887708 0.428018 -0.953254 -0.161499 -0.005528 -1.287648 0.213362 -0.188790 -1.580337 0.316129 0.007952 -2.110526 -0.104791 0.816176 -2.115210 -0.098327 0.803240 -2.420537 0.060703 3.091834 -2.529554 0.259766 -2.558774 0.600983 -0.529945 -3.433322 0.745031 -0.430103 -3.714146 -0.861283 -0.785813 0.132620 -0.858790 -0.551558 0.023789
0.000000 0.000000 0.000000 0.000000 0.000000 0.000000 -0.575405 -0.445176 0.236599 -0.825225 1.085615 0.271262 -0.987523 0.236395 -0.038493 -0.434706 -0.048711 0.081399 -0.434706 -0.048711 0.081399 -0.641425 -0.748469 0.020599 -0.652456 -1.419976 -0.026213 -0.623619 -1.912370 0.433037 -0.623619 -1.912370 0.433037 -0.927838 -0.190313 -0.021245 -1.256942 0.180880 -0.211428 -1.527917 0.339806 -0.029100 -2.071598 -0.076724 0.764551 -2.081859 -0.060949 0.734974 -2.273718 0.160274 3.103138 -2.476758 0.437006 -2.558067 0.711248 -0.424307 -3.494463 0.966174 -0.382258 -3.782096 -0.859053 -0.761703 0.133464 -0.857920 -0.557648 0.038797
0.000000 0.000000 0.000000 0.000000 0.000000 0.000000 -0.642070 -0.445664 0.279487 -0.757624 1.097290 0.238427 -0.930951 0.169028 -0.051834 -0.439512 -0.032485 0.098634 -0.439512 -0.032485 0.098634 -0.673327 -0.771138 -0.011160 -0.637968 -1.427705 -0.004969 -0.562530 -1.900278 0.483387 -0.562530 -1.900278 0.483387 -0.881879 -0.219718 -0.025208 -1.211071 0.147787 -0.221942 -1.459031 0.446186 -0.125990 -1.966776 -0.057688 0.675721 -1.975250 -0.041647 0.649754 -2.110311 0.095709 3.080822 -2.401451 0.614221 -2.552991 0.688957 -0.260239 -3.588900 1.286684 -0.528326 -3.757312 -0.877275 -0.660615 0.122713 -0.877370 -0.519983 0.055949
0.000000 0.000000 0.000000 0.000000 0.000000 0.000000 -0.687303 -0.492597 0.281508 -0.685982 1.107171 0.224506 -0.875651 0.143023 -0.068352 -0.449092 -0.021658 0.121047 -0.449092 -0.021658 0.121047 -0.699127 -0.770180 -0.032689 -0.625672 -1.429794 0.013335 -0.533313 -1.910242 0.522543 -0.533313 -1.910242 0.522543 -0.860887 -0.280479 -0.035239 -1.184805 0.092552 -0.230888 -1.391949 0.518521 -0.195848 -1.891372 -0.034957 0.625952 -1.889591 -0.038685 0.631428 -2.079779 -0.123240 3.067845 -2.294216 0.793721 -2.598507 0.742855 -0.126650 -3.670949 1.634284 -0.504263 -3.661048 -0.855307 -0.584886 0.095528 -0.855353 -0.526655 0.068718
0.000000 0.000000 0.000000 0.000000 0.000000 0.000000 -0.658559 -0.523847 0.278134 -0.649714 1.104907 0.205865 -0.857485 0.118848 -0.082641 -0.449565 -0.003939 0.166439 -0.449565 -0.003939 0.166439 -0.672453 -0.779471 -0.040494 -0.602769 -1.413241 0.054276 -0.474878 -1.941139 0.518599 -0.474878 -1.941139 0.518599 -0.844241 -0.292614 -0.034207 -1.167519 0.091844 -0.230119 -1.375695 0.530636 -0.227996 -1.868209 -0.079218 0.593809 -1.874127 -0.065322 0.573946 -2.144191 -0.099503 2.977144 -2.237647 0.992359 -2.555701 0.843240 0.009947 -3.738047 1.745858 -0.225964 -3.613033 -0.809561 -0.570390 0.091236 -0.809613 -0.490493 0.056690
0.000000 0.000000 0.000000 0.000000 0.000000 0.000000 -0.661894 -0.552556 0.262046 -0.604719 1.143040 0.186592 -0.810041 0.074973 -0.094794 -0.461846 -0.024607 0.223549 -0.461846 -0.024607 0.223549 -0.670438 -0.784039 -0.042270 -0.557949 -1.427136 0.066178 -0.425118 -1.914905 0.538932 -0.425118 -1.914905 0.538932 -0.872405 -0.298857 -0.039841 -1.191721 0.089098 -0.242191 -1.366925 0.529067 -0.283597 -1.868769 -0.114049 0.564305 -1.868704 -0.114213 0.564538 -2.203904 -0.061421 2.912614 -2.190266 1.137027 -2.421535 0.782868 0.267549 -3.777901 2.025252 0.997436 -3.313677 -0.855770 -0.569668 0.073179 -0.853205 -0.421771 0.005514
0.000000 0.000000 0.000000 0.000000 0.000000 0.000000 -0.645115 -0.566782 0.255896 -0.545265 1.141980 0.177088 -0.764126 0.072901 -0.125723 -0.445967 -0.028598 0.257141 -0.445967 -0.028598 0.257141 -0.659354 -0.795937 -0.036168 -0.490418 -1.417916 0.122968 -0.323134 -1.884873 0.592162 -0.323134 -1.884873 0.592162 -0.854255 -0.305727 -0.037486 -1.164151 0.078721 -0.238970 -1.278846 0.507319 -0.270439 -1.800419 -0.125180 0.544704 -1.825461 -0.051658 0.447173 -2.180156 0.012066 2.781697 -2.199445 1.213205 -2.443486 0.792225 0.239783 -3.835433 2.305985 1.423010 -2.944882 -0.802481 -0.601441 0.026097 -0.795633 -0.437339 -0.043195
0.000000 0.000000 0.000000 0.000000 0.000000 0.000000 -0.604766 -0.619650 0.248937 -0.577631 1.136490 0.179668 -0.781393 0.078708 -0.115286 -0.464508 -0.012620 0.355950 -0.464508 -0.012620 0.355950 -0.657720 -0.777084 -0.039018 -0.487989 -1.430975 0.134407 -0.308041 -1.869554 0.637815 -0.308041 -1.869554 0.637815 -0.791581 -0.358839 -0.056600 -1.057454 0.041872 -0.238694 -1.142619 0.471994 -0.283277 -1.718507 -0.072821 0.520042 -1.742482 0.001087 0.430533 -2.085973 -0.007120 2.722684 -2.222003 1.379664 -2.346682 0.726476 0.343459 -3.928981 0.428254 2.098481 -4.014956 -0.757243 -0.602644 -0.022217 -0.745571 -0.421883 -0.093137
0.000000 0.000000 0.000000 0.000000 0.000000 0.000000 -0.636668 -0.621057 0.238172 -0.559021 1.130428 0.176713 -0.763318 0.063340 -0.129989 -0.463705 0.023650 0.477697 -0.463705 0.023650 0.477697 -0.672621 -0.779992 -0.039107 -0.458436 -1.433182 0.124576 -0.250709 -1.870632 0.693262 -0.250709 -1.870632 0.693262 -0.744378 -0.354727 -0.050063 -0.994703 0.038690 -0.247694 -1.086672 0.467123 -0.307086 -1.684635 -0.058095 0.485427 -1.704004 0.006093 0.410812 -2.076946 -0.038195 2.680429 -2.205726 1.388995 -2.310592 0.821461 0.362854 -3.907062 0.052887 1.664493 -4.193361 -0.810681 -0.630505 -0.061329 -0.792779 -0.436941 -0.142597
0.000000 0.000000 0.000000 0.000000 0.000000 0.000000 -0.597913 -0.648294 0.228232 -0.538656 1.138927 0.173586 -0.731223 0.059159 -0.147248 -0.439927 0.026504 0.490693 -0.439927 0.026504 0.490693 -0.655670 -0.773627 -0.041184 -0.448064 -1.443555 0.123386 -0.238360 -1.875508 0.710369 -0.238360 -1.875508 0.710369 -0.741632 -0.372687 -0.052749 -0.962750 0.020659 -0.245011 -1.013522 0.444224 -0.298621 -1.636822 -0.051326 0.457152 -1.654105 0.010560 0.388914 -2.055258 -0.097740 2.645218 -2.177313 1.481395 -2.254124 0.880929 0.437991 -3.934204 0.120688 1.225042 -4.483572 -0.703333 -0.630310 -0.050653 -0.686151 -0.412452 -0.128792
0.000000 0.000000 0.000000 0.000000 0.000000 0.000000 -0.509248 -0.675502 0.233851 -0.582847 1.132000 0.167452 -0.743713 0.075888 -0.119098 -0.455205 0.034368 0.525175 -0.455205 0.034368 0.525175 -0.614246 -0.757191 -0.016477 -0.416671 -1.461176 0.140488 -0.185181 -1.829965 0.718345 -0.185181 -1.829965 0.718345 -0.715808 -0.402117 -0.073963 -0.915624 0.001990 -0.265908 -0.966684 0.431433 -0.323252 -1.613358 -0.040073 0.425671 -1.624024 0.000432 0.382296 -2.053155 -0.132761 2.617610 -2.090473 1.758039 -2.069461 0.791047 0.789418 -4.040637 0.259026 1.694241 -4.442780 -0.719743 -0.659054 -0.061211 -0.697232 -0.407882 -0.153092
0.000000 0.000000 0.000000 0.000000 0.000000 0.000000 -0.479578 -0.697010 0.201539 -0.565525 1.142571 0.157435 -0.698565 0.072799 -0.121859 -0.415248 0.009254 0.526987 -0.415248 0.009254 0.526987 -0.609663 -0.754880 -0.015847 -0.393561 -1.463164 0.149210 -0.142050 -1.812250 0.764411 -0.142050 -1.812250 0.764411 -0.726792 -0.391833 -0.079091 -0.884047 -0.000539 -0.287253 -0.888729 0.413174 -0.343616 -1.572993 0.008615 0.411412 -1.577395 0.025234 0.394412 -2.000865 -0.200675 2.621696 -2.024664 1.972481 -1.911224 0.547388 1.150998 -4.097627 -0.512618 2.353173 -4.190423 -0.596894 -0.654721 -0.002841 -0.583056 -0.376435 -0.087015
0.000000 0.000000 0.000000 0.000000 0.000000 0.000000 -0.527504 -0.694002 0.206370 -0.587591 1.147295 0.167844 -0.715647 0.034815 -0.115239 -0.445867 0.035338 0.521659 -0.445867 0.035338 0.521659 -0.621511 -0.750271 -0.019772 -0.377884 -1.479936 0.115913 -0.153783 -1.800348 0.771669 -0.153783 -1.800348 0.771669 -0.720850 -0.396762 -0.087121 -0.866224 -0.006414 -0.297846 -0.851789 0.399348 -0.373329 -1.554017 -0.015397 0.369348 -1.556189 -0.006056 0.360005 -2.053820 -0.284840 2.583940 -1.981483 2.042135 -1.753154 0.463736 1.384972 -4.065009 -0.488683 2.648773 -4.043857 -0.606853 -0.668384 -0.034507 -0.584923 -0.352040 -0.130783
0.000000 0.000000 0.000000 0.000000 0.000000 0.000000 -0.508525 -0.712927 0.182016 -0.567029 1.163206 0.181532 -0.691533 0.034181 -0.131203 -0.430879 0.027852 0.503871 -0.430879 0.027852 0.503871 -0.622972 -0.732522 0.000365 -0.361975 -1.485162 0.124894 -0.138715 -1.788420 0.814067 -0.138715 -1.788420 0.814067 -0.660713 -0.426321 -0.111534 -0.798528 -0.052526 -0.336635 -0.828738 0.350749 -0.417810 -1.551398 -0.086059 0.341541 -1.564992 -0.013326 0.268793 -2.182849 -0.311418 2.478812 -1.917515 2.112623 -1.636138 0.522145 1.543727 -4.055681 -1.244512 2.539854 -3.816487 -0.564749 -0.691272 0.011015 -0.544871 -0.277835 -0.106374
0.000000 0.000000 0.000000 0.000000 0.000000 0.000000 -0.476910 -0.725492 0.195433 -0.585904 1.134006 0.179951 -0.689636 0.038392 -0.119215 -0.451073 0.031485 0.528019 -0.451073 0.031485 0.528019 -0.581407 -0.725881 0.007072 -0.330337 -1.491835 0.110573 -0.147148 -1.777531 0.824399 -0.147148 -1.777531 0.824399 -0.607350 -0.442870 -0.114514 -0.738271 -0.051226 -0.340987 -0.775932 0.357150 -0.454082 -1.520423 -0.056857 0.330242 -1.531744 0.003994 0.271383 -2.188741 -0.361679 2.434837 -1.889866 2.176156 -1.480764 0.410038 1.734957 -4.036110 -0.759693 2.722082 -3.873324 -0.463076 -0.644536 0.067864 -0.461099 -0.287239 -0.016804
0.000000 0.000000 0.000000 0.000000 0.000000 0.000000 -0.384381 -0.781334 0.185837 -0.585885 1.114851 0.158373 -0.669593 0.072330 -0.120573 -0.428787 0.012410 0.540640 -0.428787 0.012410 0.540640 -0.522630 -0.698810 0.001696 -0.317057 -1.499116 0.123976 -0.168541 -1.791611 0.877218 -0.168541 -1.791611 0.877218 -0.535285 -0.464934 -0.071366 -0.649586 -0.089134 -0.312251 -0.690078 0.313148 -0.444634 -1.483656 -0.036624 0.311483 -1.494171 0.023088 0.255949 -2.178220 -0.404667 2.396377 -1.834337 2.246234 -1.340110 0.269651 1.978385 -3.976740 -0.626085 2.901185 -3.687584 -0.413210 -0.710236 0.023656 -0.400564 -0.265514 -0.068078
0.000000 0.000000 0.000000 0.000000 0.000000 0.000000 -0.046715 -0.925776 0.126716 -0.532929 1.067928 0.150237 -0.629764 0.224495 -0.096199 -0.431003 0.008997 0.463523 -0.431003 0.008997 0.463523 -0.367471 -0.684420 0.078888 -0.282192 -1.487968 0.153462 -0.176159 -1.797089 0.900574 -0.176159 -1.797089 0.900574 -0.373250 -0.569419 -0.071423 -0.558498 -0.181176 -0.299607 -0.620369 0.222858 -0.422761 -1.486189 -0.051030 0.308106 -1.501073 0.039004 0.224048 -2.165574 -0.387653 2.409696 -1.821285 2.325578 -1.329552 0.111613 2.084896 -3.958434 -0.432615 3.042212 -3.586298 -0.346561 -0.793774 0.051444 -0.337857 -0.203930 -0.051246
0.000000 0.000000 0.000000 0.000000 0.000000 0.000000 0.035879 -0.978949 0.117630 -0.523127 1.062062 0.139194 -0.589708 0.256692 -0.078390 -0.417706 -0.031802 0.344198 -0.417706 -0.031802 0.344198 -0.333062 -0.663962 0.094083 -0.259806 -1.501977 0.147285 -0.146176 -1.780612 0.920421 -0.146176 -1.780612 0.920421 -0.288525 -0.613984 -0.068309 -0.435821 -0.225994 -0.280233 -0.486201 0.173469 -0.409475 -1.460679 0.028896 0.291788 -1.471041 0.088765 0.237562 -2.192974 -0.420629 2.326228 -1.740779 2.304671 -1.202134 0.118872 2.295875 -3.830145 -0.383722 3.426601 -3.214632 -0.444818 -0.848559 -0.044448 -0.395912 -0.211013 -0.178527
0.000000 0.000000 0.000000 0.000000 0.000000 0.000000 0.076584 -1.009864 0.125312 -0.532046 1.053452 0.140017 -0.573620 0.249736 -0.066364 -0.396123 -0.041736 0.281289 -0.396123 -0.041736 0.281289 -0.301228 -0.649645 0.096102 -0.246284 -1.511833 0.134119 -0.103717 -1.814962 0.894454 -0.103717 -1.814962 0.894454 -0.240606 -0.647795 -0.071806 -0.341617 -0.263276 -0.281504 -0.412595 0.138960 -0.419499 -1.436591 0.034035 0.257955 -1.441411 0.064662 0.230982 -2.128752 -0.350279 2.319888 -1.749594 2.343843 -1.106124 -0.135219 2.429107 -3.744246 -1.136206 3.302498 -3.209604 -0.501302 -0.869133 -0.075907 -0.437862 -0.236280 -0.224324
0.000000 0.000000 0.000000 0.000000 0.000000 0.000000 -0.007909 -0.993765 0.107918 -0.537066 1.072585 0.141439 -0.591585 0.216612 -0.077476 -0.412827 -0.039076 0.227088 -0.412827 -0.039076 0.227088 -0.331553 -0.632460 0.078336 -0.267499 -1.529215 0.090158 -0.137962 -1.847934 0.861949 -0.137962 -1.847934 0.861949 -0.254847 -0.633307 -0.065493 -0.288018 -0.269618 -0.281938 -0.333502 0.118290 -0.439128 -1.433040 0.079507 0.251832 -1.438774 0.115507 0.220281 -2.088493 -0.328226 2.334485 -1.717335 2.382020 -0.965980 -0.448296 2.668431 -3.516087 -1.210323 2.747346 -3.769577 -0.516977 -0.871022 -0.099948 -0.444537 -0.237231 -0.251683
0.000000 0.000000 0.000000 0.000000 0.000000 0.000000 -0.006995 -0.996710 0.076749 -0.549284 1.090540 0.131923 -0.608473 0.185655 -0.065420 -0.416397 -0.017046 0.243614 -0.416397 -0.017046 0.243614 -0.302513 -0.624660 0.082158 -0.240527 -1.519330 0.079580 -0.102980 -1.872737 0.867690 -0.102980 -1.872737 0.867690 -0.207291 -0.638169 -0.041912 -0.200432 -0.293281 -0.271892 -0.241474 0.089365 -0.444909 -1.419605 0.080463 0.265439 -1.428388 0.134058 0.219028 -2.034939 -0.246456 2.326081 -1.685795 2.415650 -0.834456 -0.724370 2.862468 -3.263513 -1.058218 2.740207 -3.649719 -0.461659 -0.889664 -0.113361 -0.388779 -0.250321 -0.247239
0.000000 0.000000 0.000000 0.000000 0.000000 0.000000 0.033419 -0.991689 0.087020 -0.569092 1.061153 0.164682 -0.632285 0.188949 -0.075505 -0.425566 -0.003718 0.298692 -0.425566 -0.003718 0.298692 -0.278532 -0.611910 0.097319 -0.218481 -1.526578 0.079700 -0.070832 -1.901426 0.869751 -0.070832 -1.901426 0.869751 -0.172139 -0.639386 -0.023645 -0.134141 -0.305200 -0.258597 -0.159591 0.064841 -0.453409 -1.430283 0.102098 0.276867 -1.436302 0.135797 0.247396 -2.023928 -0.140465 2.297994 -1.661147 2.463780 -0.791160 -0.861693 2.969223 -3.111720 -0.404738 3.461800 -3.068064 -0.427426 -0.907231 -0.161144 -0.342261 -0.267329 -0.280178
0.000000 0.000000 0.000000 0.000000 0.000000 0.000000 0.051670 -1.000956 0.072776 -0.570984 1.058118 0.165954 -0.624140 0.209669 -0.067413 -0.418591 -0.021207 0.271545 -0.418591 -0.021207 0.271545 -0.242795 -0.588226 0.107200 -0.208428 -1.538929 0.055111 -0.053224 -1.947987 0.821129 -0.053224 -1.947987 0.821129 -0.189459 -0.645603 -0.032673 -0.159785 -0.312830 -0.266705 -0.095932 0.039295 -0.453989 -1.389461 0.132048 0.288751 -1.398387 0.180217 0.248316 -1.984644 -0.080899 2.241498 -1.580844 2.438766 -0.661060 -0.973943 3.130798 -2.806783 -1.195796 3.217257 -2.846576 -0.394305 -0.936159 -0.167463 -0.309387 -0.294589 -0.275342
0.000000 0.000000 0.000000 0.000000 0.000000 0.000000 0.039902 -1.015742 0.085691 -0.575960 1.037079 0.194000 -0.630291 0.215709 -0.090151 -0.421767 -0.020627 0.280338 -0.421767 -0.020627 0.280338 -0.242007 -0.572412 0.094209 -0.213144 -1.545560 0.053900 -0.049246 -1.985853 0.790049 -0.049246 -1.985853 0.790049 -0.164872 -0.661092 -0.044799 -0.135429 -0.312570 -0.262800 -0.056472 0.042166 -0.447318 -1.417052 0.096734 0.295425 -1.434504 0.195720 0.209586 -1.936114 0.034957 2.260564 -1.507093 2.372936 -0.560772 -1.002745 3.216584 -2.568792 -0.890622 3.550830 -2.234581 -0.341355 -0.943886 -0.220585 -0.244235 -0.300567 -0.307595
0.000000 0.000000 0.000000 0.000000 0.000000 0.000000 0.073334 -0.998754 0.066702 -0.552735 1.037932 0.214524 -0.630080 0.200874 -0.113218 -0.415106 0.001248 0.290059 -0.415106 0.001248 0.290059 -0.205989 -0.568412 0.112890 -0.177930 -1.553372 0.033384 -0.054336 -1.971717 0.791142 -0.054336 -1.971717 0.791142 -0.159500 -0.642775 -0.040572 -0.104501 -0.297710 -0.246458 0.009948 0.034563 -0.445792 -1.312813 0.103019 0.307531 -1.336810 0.241155 0.199578 -1.843975 0.027516 2.192582 -1.459355 2.327399 -0.479478 -1.044847 3.264037 -2.390276 -1.019512 3.488768 -1.922807 -0.350997 -0.954005 -0.265894 -0.239040 -0.313013 -0.351749
0.000000 0.000000 0.000000 0.000000 0.000000 0.000000 0.018738 -1.010178 0.066433 -0.573720 1.018721 0.205403 -0.642088 0.218689 -0.117630 -0.413564 -0.006738 0.364648 -0.413564 -0.006738 0.364648 -0.236689 -0.537397 0.085430 -0.201993 -1.554828 0.013847 -0.078200 -2.009228 0.743073 -0.078200 -2.009228 0.743073 -0.162223 -0.656025 -0.009984 -0.085668 -0.321331 -0.214506 0.075589 -0.016749 -0.428002 -1.181879 0.062211 0.307325 -1.219438 0.313851 0.134806 -1.717492 0.054128 2.088424 -1.434938 2.248046 -0.444484 -1.103606 3.220739 -2.149401 -1.144447 3.093382 -2.064390 -0.273130 -1.016364 -0.297657 -0.157677 -0.375043 -0.355453
0.000000 0.000000 0.000000 0.000000 0.000000 0.000000 0.074683 -1.006437 0.060568 -0.581976 1.011127 0.227599 -0.648688 0.221022 -0.117260 -0.427192 0.006959 0.384144 -0.427192 0.006959 0.384144 -0.209961 -0.526189 0.097799 -0.184654 -1.562100 0.011810 -0.045478 -1.998255 0.701207 -0.045478 -1.998255 0.701207 -0.161248 -0.658758 0.019481 -0.084233 -0.336491 -0.197721 0.110770 -0.030385 -0.401425 -1.116495 -0.023497 0.332398 -1.165119 0.317298 0.112867 -1.606018 0.151314 2.025030 -1.356244 2.187410 -0.410209 -1.086668 3.212099 -1.898337 -1.099569 2.973338 -2.074526 -0.202848 -1.042342 -0.334957 -0.081780 -0.399400 -0.367386
0.000000 0.000000 0.000000 0.000000 0.000000 0.000000 0.085514 -1.023644 0.084561 -0.599191 1.005349 0.233542 -0.637065 0.211831 -0.124258 -0.390837 0.009055 0.409471 -0.390837 0.009055 0.409471 -0.177088 -0.514355 0.107597 -0.160042 -1.577100 -0.041662 -0.090293 -2.053872 0.659324 -0.090293 -2.053872 0.659324 -0.172837 -0.681881 0.033808 -0.088666 -0.351195 -0.173473 0.141434 -0.038561 -0.370356 -0.987937 -0.074295 0.333632 -1.042816 0.336020 0.104203 -1.530413 0.156664 1.921309 -1.297366 2.195020 -0.444673 -1.064197 3.173723 -1.703318 -0.621504 3.434964 -1.153499 -0.195352 -1.046892 -0.381107 -0.060160 -0.402698 -0.407028
0.000000 0.000000 0.000000 0.000000 0.000000 0.000000 0.125362 -1.054811 0.092489 -0.587680 0.990554 0.273305 -0.610174 0.219375 -0.142252 -0.395711 -0.015359 0.378478 -0.395711 -0.015359 0.378478 -0.153835 -0.507356 0.118029 -0.171373 -1.584407 -0.058702 -0.118729 -2.039346 0.646627 -0.118729 -2.039346 0.646627 -0.149367 -0.711833 0.011868 -0.071256 -0.373871 -0.182253 0.180193 -0.063690 -0.366622 -0.912810 -0.110694 0.325761 -0.972496 0.382766 0.072748 -1.396281 0.205824 1.882276 -1.265959 2.148746 -0.487995 -1.055106 3.045829 -1.536719 -0.982102 3.195952 -1.255811 -0.167880 -1.049991 -0.372386 -0.038127 -0.406313 -0.390555
0.000000 0.000000 0.000000 0.000000 0.000000 0.000000 0.081937 -1.064990 0.049472 -0.549249 1.005918 0.280140 -0.604823 0.198360 -0.171664 -0.424586 -0.003852 0.329311 -0.424586 -0.003852 0.329311 -0.147695 -0.485219 0.120863 -0.135328 -1.571249 -0.060977 -0.057895 -2.046206 0.659930 -0.057895 -2.046206 0.659930 -0.136327 -0.716848 0.003244 -0.094963 -0.365585 -0.183775 0.193058 -0.042928 -0.347158 -0.877436 -0.160173 0.326450 -0.939802 0.387046 0.057044 -1.331644 0.253940 1.846233 -1.198452 2.030007 -0.589622 -0.973223 2.814031 -1.391094 -0.707623 2.841606 -1.627079 -0.066305 -1.050850 -0.362100 0.051349 -0.404332 -0.349885
0.000000 0.000000 0.000000 0.000000 0.000000 0.000000 -0.064165 -1.026369 0.045591 -0.448375 1.049282 0.257537 -0.541010 0.130184 -0.193919 -0.417332 -0.006678 0.262998 -0.417332 -0.006678 0.262998 -0.212001 -0.463833 0.109094 -0.142191 -1.580355 -0.086840 -0.072512 -2.042126 0.608535 -0.072512 -2.042126 0.608535 -0.076682 -0.725347 0.001888 -0.075482 -0.384036 -0.197400 0.185021 -0.062604 -0.341636 -0.804393 -0.222621 0.327207 -0.871504 0.400523 0.046744 -1.288298 0.284799 1.784532 -1.124322 2.002067 -0.640858 -0.934072 2.661709 -1.243980 -0.926287 2.830358 -1.498230 0.013696 -1.065544 -0.313627 0.109052 -0.417444 -0.280927
0.000000 0.000000 0.000000 0.000000 0.000000 0.000000 -0.071733 -1.041158 0.071933 -0.425732 1.028898 0.264922 -0.501989 0.136248 -0.206463 -0.414949 -0.020227 0.202435 -0.414949 -0.020227 0.202435 -0.213493 -0.459904 0.096744 -0.127928 -1.572314 -0.083325 -0.044338 -2.080797 0.562175 -0.044338 -2.080797 0.562175 -0.036370 -0.751095 0.003746 -0.045293 -0.418882 -0.216077 0.236741 -0.115423 -0.374026 -0.665340 -0.236046 0.319898 -0.740564 0.456752 0.063192 -1.108651 0.319068 1.758578 -1.042553 1.892518 -0.807235 -0.862549 2.367134 -1.204863 -0.900392 2.358509 -1.727532 -0.189836 -1.044360 -0.429544 -0.040693 -0.404277 -0.449414
0.000000 0.000000 0.000000 0.000000 0.000000 0.000000 -0.150624 -1.013922 0.018354 -0.354938 1.067389 0.246062 -0.459841 0.094387 -0.229466 -0.414152 -0.025041 0.142915 -0.414152 -0.025041 0.142915 -0.247711 -0.427512 0.080189 -0.135320 -1.586577 -0.103386 -0.085833 -2.094783 0.472945 -0.085833 -2.094783 0.472945 -0.060319 -0.772971 0.014701 -0.105637 -0.440841 -0.223519 0.192939 -0.126720 -0.356000 -0.392388 -0.348892 0.264762 -0.470051 0.504236 0.075323 -0.941035 0.378974 1.641654 -0.924378 1.914406 -0.884394 -0.799327 2.227640 -1.119168 -0.749865 2.333242 -1.409628 -0.126105 -1.068459 -0.393421 0.006421 -0.424664 -0.396416
0.000000 0.000000 0.000000 0.000000 0.000000 0.000000 -0.007178 -1.021375 0.027415 -0.330078 1.026048 0.259026 -0.428418 0.155392 -0.219528 -0.418976 0.001001 0.145612 -0.418976 0.001001 0.145612 -0.172338 -0.416389 0.119340 -0.093900 -1.590919 -0.073849 -0.017309 -2.083575 0.439727 -0.017309 -2.083575 0.439727 -0.031508 -0.816868 -0.026189 -0.129518 -0.472522 -0.263672 0.174028 -0.156666 -0.363198 -0.250977 -0.357593 0.213291 -0.321142 0.538623 0.082759 -0.791437 0.504293 1.613803 -0.758792 1.837957 -0.989095 -0.676338 2.015406 -1.102503 -0.328972 2.317737 -1.121794 -0.080108 -1.066290 -0.357882 0.037188 -0.421253 -0.350050
0.000000 0.000000 0.000000 0.000000 0.000000 0.000000 0.160705 -1.017189 -0.031438 -0.298331 1.035153 0.254434 -0.412931 0.155340 -0.217968 -0.431217 -0.002627 0.126587 -0.431217 -0.002627 0.126587 -0.069935 -0.448622 0.140986 -0.041549 -1.581557 -0.049434 0.064988 -2.123546 0.391121 0.064988 -2.123546 0.391121 -0.033799 -0.779356 -0.008435 -0.147108 -0.442112 -0.258460 0.201135 -0.142122 -0.371124 -0.163292 -0.335715 0.184912 -0.229011 0.553281 0.096999 -0.776600 0.632934 1.594949 -0.511456 1.630158 -1.192536 -0.441353 1.740312 -1.247888 -0.157104 1.659980 -1.410401 -0.119378 -1.091322 -0.382838 0.009104 -0.447846 -0.384256
0.000000 0.000000 0.000000 0.000000 0.000000 0.000000 0.218184 -1.002396 -0.040472 -0.296603 1.029324 0.234224 -0.380362 0.155910 -0.192080 -0.431735 -0.026723 0.107764 -0.431735 -0.026723 0.107764 -0.036949 -0.451747 0.120389 -0.057513 -1.592508 -0.029284 0.055101 -2.084002 0.334013 0.055101 -2.084002 0.334013 -0.049101 -0.798617 -0.007481 -0.193097 -0.453423 -0.258020 0.176859 -0.159115 -0.369406 -0.032494 -0.366409 0.154163 -0.096145 0.520275 0.125951 -0.778738 0.730492 1.589044 -0.161460 1.338382 -1.416431 -0.105115 1.404410 -1.435959 0.433192 0.989968 -1.592045 -0.084671 -1.139397 -0.366428 0.035759 -0.493370 -0.357699
0.000000 0.000000 0.000000 0.000000 0.000000 0.000000 0.205660 -0.972060 -0.042792 -0.283076 1.014967 0.221618 -0.338878 0.177292 -0.202566 -0.413497 -0.030197 0.086947 -0.413497 -0.030197 0.086947 -0.031174 -0.435160 0.112777 -0.001197 -1.600416 -0.033801 0.120958 -2.026800 0.325985 0.120958 -2.026800 0.325985 -0.073955 -0.809035 0.014047 -0.232494 -0.486622 -0.278398 0.155175 -0.197385 -0.379468 -0.013328 -0.394806 0.151282 -0.079246 0.519785 0.130408 -0.831869 0.824929 1.579317 0.096561 1.113220 -1.532503 0.141626 1.158830 -1.538025 0.830686 0.444655 -1.489435 -0.075147 -1.153772 -0.349423 0.038732 -0.509390 -0.339198
0.000000 0.000000 0.000000 0.000000 0.000000 0.000000 0.203219 -0.911435 -0.008906 -0.274722 0.993150 0.232728 -0.326992 0.168470 -0.210716 -0.412005 -0.024444 0.083504 -0.412005 -0.024444 0.083504 -0.030769 -0.412913 0.133389 0.058146 -1.596073 -0.060309 0.108408 -1.999761 0.390266 0.108408 -1.999761 0.390266 -0.032900 -0.824576 -0.004132 -0.195304 -0.500246 -0.298527 0.200354 -0.211745 -0.387117 0.074492 -0.410594 0.143336 -0.000612 0.553423 0.162471 -0.876853 0.885315 1.589361 0.363276 0.866584 -1.612018 0.467377 0.960438 -1.602421 1.161672 0.120398 -1.550897 -0.035874 -1.195972 -0.325929 0.066987 -0.550231 -0.305208
0.000000 0.000000 0.000000 0.000000 0.000000 0.000000 0.222153 -0.896529 0.020828 -0.303457 0.976173 0.221357 -0.335950 0.199900 -0.189223 -0.425875 -0.024004 0.127655 -0.425875 -0.024004 0.127655 -0.036802 -0.370578 0.108553 0.029727 -1.631221 -0.086506 0.041611 -1.990175 0.353526 0.041611 -1.990175 0.353526 -0.032947 -0.835125 0.012385 -0.191442 -0.515888 -0.286506 0.198195 -0.240271 -0.399758 0.051367 -0.403780 0.132734 -0.017153 0.573006 0.142286 -0.861262 0.957377 1.593817 0.523430 0.752468 -1.585178 0.717327 0.927661 -1.539860 1.336634 0.105123 -1.385927 -0.054699 -1.237827 -0.326544 0.050077 -0.592071 -0.310759
0.000000 0.000000 0.000000 0.000000 0.000000 0.000000 0.192091 -0.880704 -0.058358 -0.277773 1.001039 0.197735 -0.311385 0.178619 -0.182068 -0.415687 -0.002225 0.116348 -0.415687 -0.002225 0.116348 -0.058025 -0.394029 0.085343 -0.001304 -1.604365 -0.112639 0.000233 -1.985614 0.333808 0.000233 -1.985614 0.333808 -0.038815 -0.820829 0.051381 -0.150884 -0.555567 -0.294453 0.232527 -0.294285 -0.425193 0.084521 -0.466872 0.111753 0.015778 0.602129 0.140083 -0.859507 0.966456 1.588612 0.687522 0.405879 -1.729258 1.119019 0.744808 -1.546658 1.411416 -0.007791 -1.353740 -0.069502 -1.238803 -0.308233 0.030936 -0.594117 -0.298808
0.000000 0.000000 0.000000 0.000000 0.000000 0.000000 0.190872 -0.856936 -0.011803 -0.297956 0.971160 0.193224 -0.297712 0.196434 -0.180675 -0.412720 -0.022508 0.096684 -0.412720 -0.022508 0.096684 -0.070815 -0.363954 0.092953 0.032026 -1.611758 -0.105324 0.102183 -2.018702 0.258388 0.102183 -2.018702 0.258388 -0.068438 -0.842751 0.035954 -0.136020 -0.585632 -0.290215 0.247959 -0.325492 -0.410170 0.057998 -0.486782 0.134707 -0.020166 0.598872 0.146027 -0.966963 0.995579 1.547302 0.818644 0.263829 -1.784307 1.386825 0.686112 -1.467196 1.451599 0.159043 -1.367708 -0.022599 -1.271950 -0.306871 0.072486 -0.628144 -0.282875
0.000000 0.000000 0.000000 0.000000 0.000000 0.000000 0.277810 -0.828517 -0.012507 -0.287161 0.947990 0.204497 -0.269690 0.225356 -0.186219 -0.388190 0.000816 0.119523 -0.388190 0.000816 0.119523 -0.044050 -0.356733 0.087259 0.097692 -1.634881 -0.087260 0.214824 -1.960570 0.284636 0.214824 -1.960570 0.284636 -0.083538 -0.863762 0.031454 -0.177760 -0.633507 -0.323467 0.224489 -0.377516 -0.410792 0.061042 -0.507228 0.144179 -0.022640 0.580801 0.155456 -1.031923 1.115103 1.554371 0.914268 0.230059 -1.782697 1.517795 0.674894 -1.396122 1.214842 0.146910 -1.222298 -0.065669 -1.221271 -0.323243 0.039044 -0.576665 -0.311458
0.000000 0.000000 0.000000 0.000000 0.000000 0.000000 0.297210 -0.824574 0.008776 -0.292452 0.914906 0.197729 -0.275492 0.232967 -0.179631 -0.403289 0.014008 0.121910 -0.403289 0.014008 0.121910 -0.067513 -0.350846 0.079980 0.092739 -1.620824 -0.093858 0.203116 -2.016054 0.204144 0.203116 -2.016054 0.204144 -0.067926 -0.874131 0.033074 -0.169041 -0.627952 -0.315591 0.224567 -0.369133 -0.405658 0.105894 -0.538597 0.139028 0.017952 0.554852 0.173970 -1.089001 1.178479 1.559860 0.964439 0.289264 -1.696685 1.570787 0.771291 -1.274029 0.893511 0.588556 -1.066165 -0.043306 -1.256324 -0.349909 0.066676 -0.615638 -0.328199
0.000000 0.000000 0.000000 0.000000 0.000000 0.000000 0.420432 -0.843677 0.066568 -0.293273 0.824534 0.176751 -0.276171 0.331035 -0.138526 -0.406372 0.006377 0.161260 -0.406372 0.006377 0.161260 -0.016785 -0.350464 0.080682 0.138779 -1.633149 -0.085618 0.229091 -1.957839 0.250556 0.229091 -1.957839 0.250556 0.050770 -0.916441 0.019308 -0.116229 -0.699110 -0.301269 0.231664 -0.462380 -0.422718 0.114392 -0.576536 0.133099 0.023813 0.568160 0.173807 -1.147442 1.214701 1.530365 1.086232 0.221115 -1.709967 1.665322 0.666947 -1.254897 1.010869 0.331516 -0.929448 -0.099698 -1.214236 -0.402103 0.032292 -0.573153 -0.393026
0.000000 0.000000 0.000000 0.000000 0.000000 0.000000 0.454503 -0.857174 0.081572 -0.341049 0.786197 0.154286 -0.312373 0.357570 -0.088230 -0.382193 0.038622 0.221589 -0.382193 0.038622 0.221589 0.015662 -0.343797 0.077992 0.146404 -1.629453 -0.123341 0.144850 -1.974151 0.264819 0.144850 -1.974151 0.264819 0.089949 -0.915289 0.024009 -0.117608 -0.727751 -0.268922 0.210909 -0.513798 -0.399513 0.173981 -0.617873 0.144598 0.068626 0.512494 0.214377 -1.229231 1.216158 1.526764 1.230418 0.231015 -1.666299 1.735196 0.618015 -1.223529 1.167216 0.424646 -0.829711 -0.064623 -1.251172 -0.362007 0.051827 -0.607088 -0.345451
0.000000 0.000000 0.000000 0.000000 0.000000 0.000000 0.288322 -0.795880 0.034993 -0.347398 0.896723 0.187844 -0.331793 0.216010 -0.130694 -0.391378 -0.016259 0.150648 -0.391378 -0.016259 0.150648 -0.056849 -0.356365 0.033354 0.158938 -1.635103 -0.106430 0.194350 -1.978832 0.279460 0.194350 -1.978832 0.279460 -0.067601 -0.903894 0.045506 -0.115958 -0.712766 -0.322972 0.272683 -0.478795 -0.419602 0.207270 -0.648252 0.129438 0.097021 0.550157 0.222964 -1.214587 1.157913 1.514585 1.425938 0.221617 -1.653076 1.851660 0.525251 -1.231971 1.417397 0.592805 -0.753342 -0.020512 -1.256419 -0.363273 0.091803 -0.612693 -0.333124
0.000000 0.000000 0.000000 0.000000 0.000000 0.000000 0.302322 -0.773150 -0.018597 -0.323461 0.878063 0.172083 -0.320597 0.252430 -0.117187 -0.386156 0.008751 0.159692 -0.386156 0.008751 0.159692 -0.053566 -0.336263 0.031213 0.149731 -1.620670 -0.112010 0.182036 -1.996492 0.255289 0.182036 -1.996492 0.255289 -0.063809 -0.927116 0.037582 -0.127449 -0.730621 -0.329570 0.262813 -0.490485 -0.421338 0.181589 -0.640409 0.130306 0.078900 0.525704 0.207772 -1.199450 1.186148 1.524565 1.508099 0.208970 -1.627726 1.899621 0.485355 -1.215460 1.486023 0.465830 -0.693763 -0.050857 -1.307768 -0.296253 0.044338 -0.659628 -0.281144
0.000000 0.000000 0.000000 0.000000 0.000000 0.000000 0.308714 -0.785271 -0.004015 -0.294677 0.786873 0.170710 -0.307313 0.327863 -0.156014 -0.352838 0.060813 0.208694 -0.352838 0.060813 0.208694 -0.049235 -0.340926 0.011474 0.155361 -1.627301 -0.127420 0.141727 -1.941716 0.267663 0.141727 -1.941716 0.267663 -0.046725 -0.893919 0.052058 -0.065334 -0.716393 -0.312570 0.321801 -0.468530 -0.404289 0.240897 -0.758330 0.136380 0.115891 0.467414 0.246830 -1.217349 1.025978 1.481925 1.716071 0.287304 -1.520395 1.969627 0.459611 -1.224963 1.563700 0.502806 -0.650402 -0.063050 -1.370554 -0.291789 0.031041 -0.728749 -0.280043
0.000000 0.000000 0.000000 0.000000 0.000000 0.000000 0.405592 -0.855814 0.039707 -0.339417 0.730939 0.113560 -0.352396 0.392048 -0.042668 -0.420994 0.041296 0.280416 -0.420994 0.041296 0.280416 -0.022676 -0.326790 0.000950 0.153298 -1.606995 -0.084439 0.197549 -1.977014 0.252845 0.197549 -1.977014 0.252845 0.041125 -0.971333 0.023893 -0.044360 -0.714275 -0.322788 0.320027 -0.431621 -0.371604 0.193772 -0.691895 0.121792 0.092927 0.476761 0.206512 -1.154744 1.073732 1.504704 1.727030 0.392829 -1.387692 1.901263 0.525148 -1.180880 1.363654 0.639546 -0.515901 -0.035323 -1.393632 -0.278808 0.051900 -0.751275 -0.259775
0.000000 0.000000 0.000000 0.000000 0.000000 0.000000 0.408160 -0.845641 -0.007400 -0.300661 0.774162 0.146077 -0.342627 0.357430 -0.073740 -0.400171 0.018186 0.215823 -0.400171 0.018186 0.215823 -0.013332 -0.325315 0.002520 0.171327 -1.639633 -0.130678 0.131185 -1.960139 0.269418 0.131185 -1.960139 0.269418 0.049358 -0.970569 0.016745 -0.060156 -0.687232 -0.319746 0.344376 -0.405688 -0.355307 0.148572 -0.653006 0.135395 0.046803 0.533765 0.194259 -1.148303 1.184101 1.546642 1.770238 0.450416 -1.284384 1.895801 0.552601 -1.126980 1.322526 0.772096 -0.429763 0.068050 -1.388897 -0.221460 0.127336 -0.743174 -0.177473
0.000000 0.000000 0.000000 0.000000 0.000000 0.000000 0.379126 -0.841552 0.050072 -0.353553 0.694599 0.108320 -0.367397 0.424407 -0.016075 -0.395511 0.047823 0.302515 -0.395511 0.047823 0.302515 -0.036599 -0.319062 -0.001447 0.194654 -1.603273 -0.104550 0.192035 -2.049057 0.252964 0.192035 -2.049057 0.252964 0.023157 -0.992537 -0.021728 -0.044868 -0.725563 -0.367362 0.368583 -0.440367 -0.352438 0.169775 -0.754700 0.137134 0.057920 0.478051 0.207183 -1.180042 1.104466 1.505378 1.917354 0.485923 -1.236029 1.990400 0.541093 -1.137983 1.434099 0.620736 -0.536398 0.003358 -1.429778 -0.173705 0.054951 -0.784198 -0.153925
0.000000 0.000000 0.000000 0.000000 0.000000 0.000000 0.320888 -0.771141 0.099087 -0.407636 0.669428 0.110919 -0.360981 0.405797 -0.012403 -0.387222 0.027938 0.237884 -0.387222 0.027938 0.237884 -0.068960 -0.310399 -0.010097 0.200060 -1.602580 -0.125168 0.178661 -2.047408 0.237029 0.178661 -2.047408 0.237029 0.030645 -1.032441 -0.062087 -0.023327 -0.746819 -0.395291 0.393035 -0.452109 -0.327431 0.222189 -0.733556 0.117813 0.117039 0.443485 0.218526 -1.137770 1.041097 1.521212 1.943565 0.532558 -1.146285 1.987107 0.567679 -1.084926 1.358148 0.823205 -0.578614 -0.008134 -1.435245 -0.160026 0.040634 -0.788913 -0.145103
0.000000 0.000000 0.000000 0.000000 0.000000 0.000000 0.360104 -0.821958 0.124550 -0.377672 0.625063 0.112535 -0.345296 0.436332 -0.021289 -0.373463 0.007962 0.227338 -0.373463 0.007962 0.227338 -0.082706 -0.339055 -0.018748 0.183474 -1.620795 -0.143039 0.193433 -2.042524 0.163343 0.193433 -2.042524 0.163343 0.060180 -1.013283 -0.113073 -0.012048 -0.727960 -0.455291 0.399797 -0.446711 -0.339210 0.250338 -0.856745 0.091123 0.149714 0.350466 0.212097 -1.118214 0.974754 1.500712 2.076859 0.542992 -1.104504 2.071725 0.539193 -1.112160 1.466943 0.708784 -0.596482 -0.061030 -1.396008 -0.086125 -0.028736 -0.749576 -0.095259
0.000000 0.000000 0.000000 0.000000 0.000000 0.000000 0.422829 -0.814276 0.124928 -0.286768 0.598954 0.138773 -0.276366 0.439745 -0.040715 -0.336112 -0.024918 0.167296 -0.336112 -0.024918 0.167296 -0.075005 -0.363613 0.021027 0.204677 -1.626430 -0.124963 0.189042 -2.026155 0.171844 0.189042 -2.026155 0.171844 0.168949 -1.048178 -0.184143 0.086536 -0.734784 -0.503237 0.438133 -0.469193 -0.303904 0.226022 -0.788394 0.101515 0.124457 0.428622 0.208983 -1.162260 0.994589 1.458493 2.214555 0.541392 -1.114578 2.214183 0.541157 -1.115162 1.594266 0.635926 -0.791697 -0.071271 -1.412581 -0.067163 -0.043631 -0.768406 -0.081265
0.000000 0.000000 0.000000 0.000000 0.000000 0.000000 0.417380 -0.816113 0.101299 -0.288646 0.617286 0.144187 -0.289682 0.418005 -0.036886 -0.350732 0.005872 0.163520 -0.350732 0.005872 0.163520 -0.092651 -0.361004 -0.009299 0.173574 -1.625605 -0.150791 0.142829 -2.065898 0.150073 0.142829 -2.065898 0.150073 0.154006 -1.061462 -0.198967 0.060228 -0.730978 -0.510188 0.453450 -0.463236 -0.319295 0.275849 -0.861347 0.101831 0.161337 0.368534 0.236870 -1.182378 0.970305 1.446806 2.299731 0.541803 -1.062443 2.298901 0.541299 -1.063844 1.610803 0.661026 -0.772623 -0.023824 -1.395020 -0.021170 -0.014978 -0.750107 -0.026049
0.000000 0.000000 0.000000 0.000000 0.000000 0.000000 0.415298 -0.791286 0.093102 -0.306995 0.623954 0.137372 -0.313491 0.412368 -0.011409 -0.384516 -0.009045 0.173173 -0.384516 -0.009045 0.173173 -0.091887 -0.361064 -0.017769 0.154018 -1.638418 -0.183526 0.100366 -2.072137 0.104064 0.100366 -2.072137 0.104064 0.157079 -1.077684 -0.221873 0.074794 -0.741074 -0.528883 0.461282 -0.480563 -0.310111 0.277509 -0.823901 0.109951 0.153619 0.448258 0.248932 -1.223319 1.003452 1.438806 2.303540 0.585404 -0.996178 2.302620 0.584807 -0.997791 1.558190 0.811090 -0.676207 -0.059301 -1.401149 -0.015669 -0.048324 -0.756118 -0.031724
0.000000 0.000000 0.000000 0.000000 0.000000 0.000000 0.353849 -0.802114 0.111389 -0.320415 0.575724 0.123236 -0.307983 0.423104 0.001436 -0.357190 -0.024126 0.155920 -0.357190 -0.024126 0.155920 -0.113738 -0.383769 -0.015649 0.180553 -1.651699 -0.178639 0.135558 -1.989982 0.099645 0.135558 -1.989982 0.099645 0.161100 -1.060129 -0.245812 0.121739 -0.756674 -0.571590 0.496067 -0.505497 -0.330830 0.338154 -0.858651 0.104101 0.205920 0.394553 0.277025 -1.243480 1.080883 1.541144 2.378551 0.610915 -0.928762 2.377631 0.610332 -0.930494 1.563808 0.817770 -0.545472 -0.030062 -1.396882 0.029739 -0.035772 -0.750825 0.017586
0.000000 0.000000 0.000000 0.000000 0.000000 0.000000 0.414806 -0.767009 0.105722 -0.277478 0.601674 0.134058 -0.308934 0.409096 -0.002826 -0.367826 0.007974 0.169131 -0.367826 0.007974 0.169131 -0.099384 -0.374806 -0.027047 0.119494 -1.657649 -0.228607 -0.032947 -2.064602 0.093427 -0.032947 -2.064602 0.093427 0.197387 -1.023797 -0.244561 0.192976 -0.774364 -0.585829 0.551065 -0.542734 -0.317307 0.389437 -0.844258 0.067564 0.264778 0.427917 0.281459 -1.198820 1.073712 1.580438 2.336825 0.661236 -0.837342 2.336464 0.660968 -0.838057 1.420873 0.943819 -0.408318 0.004679 -1.392237 0.121012 -0.032004 -0.747543 0.109610
0.000000 0.000000 0.000000 0.000000 0.000000 0.000000 0.364520 -0.754214 0.102502 -0.308905 0.595296 0.113670 -0.307542 0.412272 0.017593 -0.371957 -0.022897 0.128702 -0.371957 -0.022897 0.128702 -0.106699 -0.373924 -0.049725 0.117370 -1.648340 -0.238904 -0.036769 -2.063416 0.093050 -0.036769 -2.063416 0.093050 0.148477 -1.019421 -0.235625 0.199013 -0.808411 -0.579375 0.573740 -0.564295 -0.320988 0.337011 -0.781611 0.093073 0.205188 0.533264 0.277111 -1.212186 1.137564 1.588214 2.414428 0.664249 -0.794976 2.413910 0.663884 -0.796066 1.591049 1.017895 -0.254339 -0.016014 -1.393568 0.119623 -0.050104 -0.748537 0.102162
0.000000 0.000000 0.000000 0.000000 0.000000 0.000000 0.368633 -0.743417 0.107616 -0.274457 0.585206 0.104421 -0.271906 0.411094 0.021014 -0.356770 -0.026631 0.071850 -0.356770 -0.026631 0.071850 -0.057347 -0.393760 -0.039803 0.210783 -1.700085 -0.217025 0.094216 -2.041343 0.126879 0.094216 -2.041343 0.126879 0.160988 -0.997416 -0.238496 0.262908 -0.834184 -0.578364 0.644750 -0.592267 -0.327892 0.371994 -0.799344 0.090956 0.225663 0.565996 0.302984 -1.189144 1.069782 1.595148 2.457786 0.701122 -0.737763 2.457463 0.700896 -0.738478 1.587932 0.917639 -0.354101 0.011676 -1.382154 0.153464 -0.035516 -0.737261 0.140783
0.000000 0.000000 0.000000 0.000000 0.000000 0.000000 0.399550 -0.759723 0.106166 -0.236128 0.590945 0.102416 -0.259623 0.406909 0.006723 -0.360410 -0.005620 0.054353 -0.360410 -0.005620 0.054353 -0.084034 -0.397783 -0.061203 0.129068 -1.696832 -0.239778 -0.003332 -2.080822 0.009134 -0.003332 -2.080822 0.009134 0.180545 -1.005347 -0.235181 0.293038 -0.844157 -0.568155 0.679848 -0.596597 -0.317595 0.388577 -0.774154 0.097265 0.237723 0.571177 0.316613 -1.233044 1.126474 1.620445 2.428677 0.745213 -0.641087 2.452662 0.765150 -0.582381 1.605250 1.033963 -0.203172 0.045293 -1.368412 0.171492 -0.010988 -0.722266 0.167080
0.000000 0.000000 0.000000 0.000000 0.000000 0.000000 0.369696 -0.781452 0.113208 -0.229549 0.577040 0.101850 -0.280706 0.413003 0.017927 -0.384445 -0.023426 0.075818 -0.384445 -0.023426 0.075818 -0.101341 -0.383845 -0.064550 0.124585 -1.684753 -0.237085 -0.018935 -2.146378 -0.033985 -0.018935 -2.146378 -0.033985 0.193364 -1.015672 -0.248226 0.325349 -0.866734 -0.573650 0.706917 -0.623935 -0.308958 0.384838 -0.842043 0.098965 0.222504 0.566750 0.321313 -1.209845 1.046028 1.589171 2.246141 0.759658 -0.523357 2.297798 0.825354 -0.378487 1.491902 0.995199 0.101904 0.007579 -1.366417 0.172911 -0.045125 -0.720785 0.157056
0.000000 0.000000 0.000000 0.000000 0.000000 0.000000 0.350969 -0.791854 0.083120 -0.203763 0.574996 0.124002 -0.266731 0.409321 0.015875 -0.382178 -0.028178 0.064527 -0.382178 -0.028178 0.064527 -0.097457 -0.407337 -0.048882 0.176203 -1.733979 -0.242468 0.026962 -2.054476 0.018072 0.026962 -2.054476 0.018072 0.214135 -1.012841 -0.281354 0.364059 -0.862555 -0.596352 0.731732 -0.632299 -0.303109 0.386241 -0.819966 0.127453 0.207276 0.578580 0.343161 -1.254397 1.060807 1.595094 2.237883 0.771843 -0.458853 2.298333 0.858536 -0.270151 1.475320 0.939288 0.127100 0.052205 -1.367771 0.184321 -0.008624 -0.722265 0.180647
0.000000 0.000000 0.000000 0.000000 0.000000 0.000000 0.312835 -0.815614 0.079639 -0.168290 0.533538 0.115028 -0.251997 0.391561 0.008563 -0.378206 -0.023846 0.039668 -0.378206 -0.023846 0.039668 -0.128319 -0.403920 -0.087602 0.192342 -1.708630 -0.238810 -0.007268 -2.019769 0.078649 -0.007268 -2.019769 0.078649 0.243735 -1.007626 -0.295565 0.415327 -0.910227 -0.620079 0.795296 -0.681867 -0.327902 0.344303 -0.716374 0.149445 0.174710 0.616445 0.329796 -1.290911 1.197113 1.641938 2.074841 0.707458 -0.333088 2.146903 0.881044 -0.024599 1.446763 0.936985 0.245175 0.115300 -1.360862 0.266905 0.023036 -0.717694 0.273583
0.000000 0.000000 0.000000 0.000000 0.000000 0.000000 0.285490 -0.812833 0.056238 -0.160622 0.551536 0.102339 -0.232572 0.402319 0.030195 -0.347912 -0.028498 0.046113 -0.347912 -0.028498 0.046113 -0.145702 -0.397867 -0.075416 0.211965 -1.741057 -0.247450 -0.007358 -2.049287 0.066587 -0.007358 -2.049287 0.066587 0.249003 -0.983272 -0.301306 0.440032 -0.905497 -0.608383 0.816961 -0.683486 -0.312088 0.337422 -0.706950 0.170856 0.154252 0.637640 0.343686 -1.311113 1.196610 1.645013 2.038647 0.695650 -0.293289 2.114349 0.916978 0.086110 1.453634 0.849244 0.348678 0.137058 -1.354214 0.259628 0.044654 -0.710676 0.273711
0.000000 0.000000 0.000000 0.000000 0.000000 0.000000 0.255556 -0.791877 0.095663 -0.160106 0.509420 0.076103 -0.217781 0.401319 0.039163 -0.327047 -0.031340 0.040583 -0.327047 -0.031340 0.040583 -0.185258 -0.413173 -0.114897 0.212382 -1.747097 -0.245130 -0.001003 -2.094207 0.061259 -0.001003 -2.094207 0.061259 0.271410 -0.919084 -0.287035 0.494746 -0.964144 -0.592694 0.883663 -0.729003 -0.312275 0.363191 -0.717123 0.175664 0.166941 0.648284 0.365507 -1.358362 1.216126 1.654722 1.850995 0.566511 -0.161512 1.895025 0.919938 0.330675 1.359714 0.727544 0.521017 0.110773 -1.362522 0.274574 0.016954 -0.721470 0.279077
0.000000 0.000000 0.000000 0.000000 0.000000 0.000000 0.304377 -0.777247 0.076936 -0.153234 0.543816 0.066461 -0.229983 0.395358 0.050046 -0.352322 -0.030906 0.029831 -0.352322 -0.030906 0.029831 -0.156567 -0.405346 -0.127443 0.218138 -1.785282 -0.298074 -0.020687 -2.077788 0.002828 -0.020687 -2.077788 0.002828 0.260323 -0.920201 -0.278102 0.520848 -0.977730 -0.546027 0.923004 -0.728033 -0.295112 0.326390 -0.646629 0.209745 0.120276 0.707602 0.370299 -1.353123 1.358023 1.719402 1.888904 0.566200 -0.133623 1.924069 0.938807 0.408473 1.504135 0.712164 0.500541 0.156846 -1.348206 0.297596 0.050931 -0.705825 0.313751
0.000000 0.000000 0.000000 0.000000 0.000000 0.000000 0.313982 -0.789493 0.087032 -0.155506 0.528304 0.116443 -0.266977 0.412821 0.057059 -0.395090 -0.021667 0.050280 -0.395090 -0.021667 0.050280 -0.176714 -0.421578 -0.111673 0.205453 -1.831115 -0.259277 -0.028374 -2.084929 0.007019 -0.028374 -2.084929 0.007019 0.312864 -0.883004 -0.296747 0.573301 -0.983761 -0.566638 0.967803 -0.759874 -0.308000 0.384185 -0.705811 0.219171 0.146557 0.700443 0.417168 -1.371219 1.295078 1.722789 1.873183 0.525115 -0.063937 1.881321 0.925884 0.507653 1.483238 0.661814 0.495231 0.145391 -1.352537 0.284100 0.044791 -0.710019 0.298148
0.000000 0.000000 0.000000 0.000000 0.000000 0.000000 0.372481 -0.800289 0.096927 -0.128063 0.521729 0.104436 -0.240904 0.387648 0.065270 -0.377698 -0.048540 0.027491 -0.377698 -0.048540 0.027491 -0.146606 -0.453492 -0.112367 0.204443 -1.842813 -0.295650 -0.051944 -2.070810 -0.047279 -0.051944 -2.070810 -0.047279 0.350056 -0.887046 -0.289931 0.607222 -0.983897 -0.561891 0.999288 -0.763769 -0.306579 0.415790 -0.752466 0.216468 0.157293 0.716441 0.440455 -1.379842 1.255881 1.712655 1.893981 0.483339 -0.008994 1.876755 0.899498 0.596242 1.509803 0.698540 0.526480 0.182837 -1.349739 0.293751 0.075532 -0.708739 0.318076
0.000000 0.000000 0.000000 0.000000 0.000000 0.000000 0.381824 -0.814544 0.098708 -0.123428 0.517979 0.093813 -0.235287 0.389138 0.068926 -0.371736 -0.040079 0.018043 -0.371736 -0.040079 0.018043 -0.144451 -0.477029 -0.126939 0.218531 -1.858640 -0.293190 -0.052635 -2.106768 -0.043913 -0.052635 -2.106768 -0.043913 0.366428 -0.876766 -0.282191 0.630195 -0.984745 -0.547759 1.016215 -0.773569 -0.291410 0.435932 -0.802003 0.201100 0.168752 0.723978 0.446821 -1.367774 1.212866 1.697534 1.898430 0.449833 0.035838 1.859271 0.879875 0.662608 1.540622 0.695273 0.539188 0.200631 -1.352725 0.322381 0.082979 -0.713702 0.348973
0.000000 0.000000 0.000000 0.000000 0.000000 0.000000 0.408176 -0.805625 0.070765 -0.100711 0.537436 0.078583 -0.234216 0.380311 0.066658 -0.362226 -0.061423 0.012479 -0.362226 -0.061423 0.012479 -0.133391 -0.478002 -0.155865 0.222949 -1.875203 -0.312524 -0.048647 -2.124856 -0.059441 -0.048647 -2.124856 -0.059441 0.368807 -0.863529 -0.269509 0.639915 -0.996714 -0.528394 1.030034 -0.794245 -0.294900 0.494343 -0.913434 0.190488 0.196520 0.683092 0.482944 -1.356593 1.132829 1.685861 1.894192 0.425433 0.111467 1.830384 0.847841 0.722108 1.590718 0.673213 0.595981 0.226535 -1.340885 0.352163 0.097317 -0.703536 0.383652
0.000000 0.000000 0.000000 0.000000 0.000000 0.000000 0.421706 -0.803431 0.056860 -0.063783 0.531330 0.082162 -0.229600 0.370347 0.056592 -0.352847 -0.042678 0.021988 -0.352847 -0.042678 0.021988 -0.163714 -0.498740 -0.189436 0.236081 -1.884610 -0.256967 -0.028535 -2.172261 -0.064070 -0.028535 -2.172261 -0.064070 0.398426 -0.834129 -0.291071 0.662850 -0.975551 -0.555997 1.026584 -0.825962 -0.281418 0.514844 -0.910387 0.182334 0.228767 0.631124 0.484807 -1.376479 1.113417 1.771308 2.069237 0.470774 0.095385 2.013357 0.844428 0.757024 2.378229 0.863505 0.539495 0.233713 -1.338740 0.397331 0.090373 -0.704132 0.426288
0.000000 0.000000 0.000000 0.000000 0.000000 0.000000 0.537741 -0.814157 -0.011658 0.055871 0.541630 0.081044 -0.192552 0.368261 0.049402 -0.342081 -0.060580 0.007114 -0.342081 -0.060580 0.007114 -0.101288 -0.512385 -0.257470 0.173493 -1.868840 -0.201565 -0.092151 -2.200876 -0.108984 -0.092151 -2.200876 -0.108984 0.426961 -0.834354 -0.279805 0.703382 -0.989251 -0.533342 1.069075 -0.831970 -0.266422 0.502839 -0.891997 0.208032 0.196455 0.676857 0.498980 -1.415737 1.124304 1.783072 2.009570 0.399725 0.202307 1.920332 0.771871 0.812537 2.289710 0.961022 0.629242 0.340361 -1.327310 0.470924 0.164252 -0.700216 0.524375
0.000000 0.000000 0.000000 0.000000 0.000000 0.000000 0.531719 -0.863477 0.040272 0.049887 0.528602 0.084011 -0.215362 0.360864 0.059734 -0.343885 -0.061620 0.013489 -0.343885 -0.061620 0.013489 -0.064170 -0.542791 -0.202255 0.298476 -1.923697 -0.162685 -0.003132 -2.262384 -0.045944 -0.003132 -2.262384 -0.045944 0.461795 -0.814470 -0.270925 0.750554 -0.983629 -0.513478 1.122073 -0.850455 -0.284627 0.533411 -0.939452 0.226881 0.188761 0.677186 0.536821 -1.447533 1.053580 1.755836 2.017572 0.407721 0.269250 1.917422 0.758094 0.851075 2.476129 1.027739 0.735739 0.376125 -1.325428 0.445695 0.203384 -0.696555 0.512649
0.000000 0.000000 0.000000 0.000000 0.000000 0.000000 0.522634 -0.915004 0.068826 0.058549 0.509106 0.082591 -0.238556 0.351288 0.067095 -0.336934 -0.057395 0.028674 -0.336934 -0.057395 0.028674 -0.048498 -0.548158 -0.239366 0.249153 -1.937884 -0.197054 -0.266516 -2.289077 -0.084124 -0.266516 -2.289077 -0.084124 0.474302 -0.809866 -0.260464 0.763230 -0.978493 -0.500355 1.123269 -0.882845 -0.274776 0.551391 -0.972699 0.239389 0.184688 0.662427 0.558167 -1.457245 1.033760 1.776730 1.916218 0.346921 0.381596 1.792845 0.691936 0.893087 2.453184 1.006758 0.766516 0.484469 -1.276785 0.492603 0.286192 -0.652144 0.589039
0.000000 0.000000 0.000000 0.000000 0.000000 0.000000 0.535245 -0.943463 0.085591 0.078901 0.491807 0.070451 -0.231956 0.356382 0.066381 -0.314884 -0.057865 0.021258 -0.314884 -0.057865 0.021258 -0.012369 -0.564993 -0.253906 0.271178 -1.947454 -0.170614 -0.232870 -2.283813 -0.074634 -0.232870 -2.283813 -0.074634 0.489030 -0.795171 -0.246306 0.787703 -0.971794 -0.480140 1.151736 -0.903596 -0.291784 0.560258 -0.962887 0.248145 0.188383 0.655909 0.569202 -1.454514 1.038744 1.810140 1.950932 0.290516 0.455385 1.800460 0.628774 0.976834 2.514934 1.013891 0.706798 0.450579 -1.268853 0.494825 0.255409 -0.643291 0.581027
0.000000 0.000000 0.000000 0.000000 0.000000 0.000000 0.553459 -0.992703 0.077148 0.120451 0.480770 0.058084 -0.233159 0.354827 0.080531 -0.319403 -0.054987 -0.000037 -0.319403 -0.054987 -0.000037 0.010858 -0.595262 -0.253526 0.269564 -1.965047 -0.157924 -0.244962 -2.281924 -0.064810 -0.244962 -2.281924 -0.064810 0.513041 -0.779655 -0.242279 0.814446 -0.968948 -0.473360 1.177781 -0.948898 -0.312899 0.587786 -0.960821 0.260578 0.215176 0.592941 0.588942 -1.451960 1.050302 1.889976 1.988695 0.274796 0.481186 1.815246 0.624291 1.043985 2.630534 1.027896 0.838659 0.486078 -1.258598 0.500759 0.285617 -0.634958 0.597405
0.000000 0.000000 0.000000 0.000000 0.000000 0.000000 0.525792 -1.005210 0.079158 0.155441 0.481380 0.060781 -0.228592 0.344077 0.073895 -0.306392 -0.060422 0.009733 -0.306392 -0.060422 0.009733 0.021224 -0.617750 -0.253108 0.292035 -1.974522 -0.175991 -0.346999 -2.343065 -0.085630 -0.346999 -2.343065 -0.085630 0.547493 -0.754520 -0.221396 0.875376 -0.993223 -0.413224 1.249253 -1.009749 -0.356986 0.674459 -1.086236 0.268567 0.238670 0.529610 0.655395 -1.509978 0.870732 1.792159 1.993987 0.177273 0.572895 1.761621 0.549880 1.174521 2.502164 1.026407 0.580265 0.525238 -1.218930 0.495409 0.323154 -0.597111 0.605765
0.000000 0.000000 0.000000 0.000000 0.000000 0.000000 0.547811 -1.019919 0.079515 0.186005 0.478591 0.046255 -0.234793 0.345758 0.080199 -0.306121 -0.069778 0.025489 -0.306121 -0.069778 0.025489 0.050792 -0.625720 -0.279133 0.259152 -2.004048 -0.173292 -0.395793 -2.304238 -0.117252 -0.395793 -2.304238 -0.117252 0.558351 -0.743783 -0.190328 0.887140 -0.989362 -0.377079 1.249959 -1.064986 -0.350252 0.652723 -1.043605 0.309730 0.185586 0.604421 0.674537 -1.604142 0.925732 1.773505 2.024031 0.230738 0.613222 1.822471 0.547012 1.151062 2.561255 1.059105 0.811854 0.555239 -1.241591 0.486655 0.352261 -0.620686 0.606204
0.000000 0.000000 0.000000 0.000000 0.000000 0.000000 0.471032 -0.917096 0.166184 0.165834 0.442352 0.034809 -0.257416 0.336937 0.083306 -0.312432 -0.074419 0.036145 -0.312432 -0.074419 0.036145 0.009182 -0.606884 -0.298044 0.257122 -2.012970 -0.194239 -0.374150 -2.339354 -0.188576 -0.374150 -2.339354 -0.188576 0.623055 -0.817849 -0.156747 0.954543 -1.027974 -0.367365 1.311301 -1.147593 -0.396404 0.555845 -1.038173 0.304240 0.157424 0.530354 0.591303 -1.418714 0.967005 1.852367 2.136651 0.175919 0.652765 1.878102 0.501916 1.287279 2.588698 1.099015 0.786474 0.636902 -1.185289 0.538132 0.411623 -0.573141 0.679074
0.000000 0.000000 0.000000 0.000000 0.000000 0.000000 0.496898 -0.911279 0.165917 0.250377 0.420906 0.051589 -0.267054 0.349015 0.076569 -0.348293 -0.068176 0.036719 -0.348293 -0.068176 0.036719 0.025822 -0.623184 -0.304290 0.275613 -2.021307 -0.183045 -0.366148 -2.375888 -0.218343 -0.366148 -2.375888 -0.218343 0.684600 -0.846152 -0.147491 1.006433 -1.008820 -0.377259 1.348747 -1.180558 -0.368815 0.632388 -1.114604 0.313110 0.185069 0.487400 0.649042 -1.422096 0.796305 1.817415 2.136900 0.209162 0.746124 1.910335 0.475668 1.280973 2.869358 0.841254 1.239567 0.653333 -1.174916 0.551152 0.422635 -0.564442 0.696208
0.000000 0.000000 0.000000 0.000000 0.000000 0.000000 0.502439 -0.964416 0.162576 0.361461 0.446726 0.001494 -0.227708 0.331532 0.077775 -0.309226 -0.072461 0.039408 -0.309226 -0.072461 0.039408 0.051005 -0.650742 -0.319860 0.303530 -2.072504 -0.159585 -0.321355 -2.368422 -0.160391 -0.321355 -2.368422 -0.160391 0.684613 -0.799592 -0.114570 1.019376 -1.030243 -0.300119 1.376280 -1.218562 -0.362766 0.697894 -1.151414 0.352794 0.170967 0.508704 0.725554 -1.547055 0.761407 1.800997 2.118053 0.226385 0.829475 1.901600 0.464113 1.308132 2.852875 0.933217 1.219003 0.798663 -1.153865 0.563087 0.550462 -0.554989 0.751740
0.000000 0.000000 0.000000 0.000000 0.000000 0.000000 0.502975 -0.992420 0.133412 0.417519 0.442757 -0.031521 -0.216153 0.326095 0.096991 -0.322142 -0.069641 0.022854 -0.322142 -0.069641 0.022854 0.050372 -0.673894 -0.343302 0.290313 -2.082104 -0.171439 -0.321963 -2.349733 -0.194637 -0.321963 -2.349733 -0.194637 0.691423 -0.778776 -0.107105 1.039573 -0.997148 -0.296128 1.388667 -1.254807 -0.386794 0.687560 -1.144897 0.357269 0.169774 0.494403 0.718900 -1.472515 0.770746 1.882724 1.996709 0.059470 0.843573 1.743669 0.342916 1.320768 2.304692 0.773466 1.146046 0.667160 -1.165452 0.508964 0.448386 -0.554063 0.662607
0.000000 0.000000 0.000000 0.000000 0.000000 0.000000 0.522734 -0.960877 0.167400 0.458850 0.442346 -0.039669 -0.169868 0.317387 0.104421 -0.316676 -0.060033 0.001703 -0.316676 -0.060033 0.001703 0.105871 -0.674278 -0.334589 0.325552 -2.115227 -0.146281 -0.295495 -2.386374 -0.154510 -0.295495 -2.386374 -0.154510 0.725708 -0.796721 -0.100669 1.066078 -1.004270 -0.308488 1.405751 -1.300582 -0.391596 0.732598 -1.190523 0.348776 0.186939 0.482004 0.746079 -1.512836 0.764588 1.893714 2.145172 0.179197 0.925353 1.916664 0.392963 1.382636 2.688913 0.991697 1.238255 0.715121 -1.167478 0.522315 0.488332 -0.562392 0.688570
0.000000 0.000000 0.000000 0.000000 0.000000 0.000000 0.551196 -0.966501 0.164011 0.480306 0.448892 -0.030905 -0.154291 0.324065 0.088513 -0.314568 -0.079213 0.003615 -0.314568 -0.079213 0.003615 0.126098 -0.693049 -0.339486 0.318917 -2.141994 -0.131754 -0.301018 -2.428433 -0.177332 -0.301018 -2.428433 -0.177332 0.732749 -0.767985 -0.088784 1.066329 -0.981178 -0.290307 1.401081 -1.320077 -0.396939 0.730214 -1.169914 0.382510 0.162281 0.496980 0.766582 -1.560402 0.803338 1.925229 2.193291 0.196960 0.924368 1.953157 0.410226 1.413352 2.724917 1.028974 1.227485 0.714213 -1.166859 0.513860 0.490350 -0.561888 0.680546
0.000000 0.000000 0.000000 0.000000 0.000000 0.000000 0.578111 -0.977814 0.117157 0.505769 0.453291 -0.038746 -0.124600 0.311765 0.096264 -0.313653 -0.069983 0.006209 -0.313653 -0.069983 0.006209 0.166498 -0.710249 -0.326454 0.376789 -2.159339 -0.103745 -0.209926 -2.470099 -0.169820 -0.209926 -2.470099 -0.169820 0.770253 -0.737186 -0.096446 1.087148 -0.964946 -0.302027 1.411842 -1.324323 -0.393802 0.758100 -1.159154 0.401366 0.171322 0.485953 0.797479 -1.654325 0.806894 1.905884 2.247613 0.187279 0.942742 1.979825 0.401622 1.477366 2.695656 0.929085 1.190534 0.723970 -1.191635 0.524420 0.494797 -0.586810 0.692290
0.000000 0.000000 0.000000 0.000000 0.000000 0.000000 0.536691 -0.939766 0.102853 0.510608 0.427443 -0.050192 -0.116048 0.301107 0.099422 -0.298464 -0.031645 0.026754 -0.298464 -0.031645 0.026754 0.154560 -0.724795 -0.331720 0.351405 -2.145826 -0.213592 -0.295692 -2.453573 -0.316049 -0.295692 -2.453573 -0.316049 0.801386 -0.763431 -0.103491 1.133703 -1.035267 -0.268239 1.439139 -1.373324 -0.353383 0.817522 -1.222217 0.361926 0.241820 0.396574 0.805500 -1.586469 0.715101 1.919033 2.097871 0.026159 1.063217 1.852101 0.222160 1.467123 2.451186 0.305049 1.474298 0.745853 -1.144407 0.540202 0.509876 -0.539272 0.715695
0.000000 0.000000 0.000000 0.000000 0.000000 0.000000 0.581298 -0.971679 0.095087 0.539694 0.442235 -0.027616 -0.094968 0.303929 0.086101 -0.299045 -0.076226 -0.006002 -0.299045 -0.076226 -0.006002 0.183645 -0.740503 -0.346695 0.354993 -2.160713 -0.146826 -0.255950 -2.545283 -0.277835 -0.255950 -2.545283 -0.277835 0.816911 -0.739770 -0.114929 1.153579 -1.009936 -0.278586 1.429870 -1.385035 -0.368528 0.795900 -1.237381 0.401546 0.194901 0.393866 0.814070 -1.618733 0.747449 1.938606 2.091542 0.009527 1.066462 1.822653 0.221303 1.496953 2.274452 0.283705 1.624974 0.717961 -1.159628 0.506530 0.495422 -0.552633 0.675773
0.000000 0.000000 0.000000 0.000000 0.000000 0.000000 0.599597 -0.998482 0.076928 0.559282 0.427391 -0.005492 -0.079900 0.310994 0.080528 -0.284683 -0.074280 -0.010196 -0.284683 -0.074280 -0.010196 0.201551 -0.745894 -0.327122 0.364771 -2.157269 -0.102330 -0.265400 -2.624980 -0.263538 -0.265400 -2.624980 -0.263538 0.847592 -0.760984 -0.119042 1.195620 -1.011719 -0.293130 1.462923 -1.383710 -0.378401 0.799774 -1.251070 0.424688 0.172974 0.393664 0.831002 -1.674999 0.748918 1.918706 2.111395 0.006487 1.109250 1.838599 0.206525 1.534859 2.310800 0.153541 1.698060 0.741586 -1.155567 0.490472 0.521652 -0.549297 0.668612
0.000000 0.000000 0.000000 0.000000 0.000000 0.000000 0.597307 -1.027784 0.065722 0.562414 0.432305 -0.021882 -0.071498 0.306196 0.093604 -0.308854 -0.067239 -0.017965 -0.308854 -0.067239 -0.017965 0.217816 -0.764510 -0.351696 0.340257 -2.179805 -0.193302 -0.363142 -2.569381 -0.418883 -0.363142 -2.569381 -0.418883 0.865210 -0.767721 -0.084467 1.221206 -0.995009 -0.278223 1.515561 -1.374781 -0.359841 0.831510 -1.265209 0.475841 0.152978 0.370011 0.882040 -1.730083 0.692432 1.917277 2.132269 -0.000395 1.196354 1.882208 0.162736 1.571165 2.365078 -0.092395 1.649885 0.735054 -1.180502 0.480419 0.519195 -0.576126 0.655924
0.000000 0.000000 0.000000 0.000000 0.000000 0.000000 0.621476 -1.054748 0.072690 0.563958 0.429741 -0.010216 -0.073976 0.309608 0.083368 -0.326995 -0.081442 -0.008744 -0.326995 -0.081442 -0.008744 0.272615 -0.770128 -0.343609 0.400458 -2.213384 -0.145156 -0.304515 -2.649207 -0.333399 -0.304515 -2.649207 -0.333399 0.895815 -0.786696 -0.067976 1.246677 -0.963187 -0.292895 1.536154 -1.345073 -0.382078 0.784911 -1.245088 0.466974 0.140868 0.381529 0.844588 -1.667246 0.753001 1.958537 2.233803 0.055841 1.152507 1.933228 0.237415 1.630785 2.489295 -0.033592 1.739074 0.859125 -1.159850 0.543434 0.630708 -0.610643 0.738477
0.000000 0.000000 0.000000 0.000000 0.000000 0.000000 0.610555 -1.068941 0.032574 0.597113 0.421636 -0.008951 -0.041033 0.305239 0.081152 -0.294127 -0.061360 -0.038814 -0.294127 -0.061360 -0.038814 0.267795 -0.778600 -0.345994 0.390136 -2.208606 -0.159177 -0.372628 -2.682271 -0.368455 -0.372628 -2.682271 -0.368455 0.922549 -0.784239 -0.054539 1.267879 -0.927072 -0.297232 1.551034 -1.329387 -0.370921 0.835877 -1.265652 0.485417 0.158740 0.345997 0.888281 -1.735626 0.717703 1.955998 2.372973 0.171185 1.174059 2.044391 0.329069 1.730544 2.622682 0.169139 1.873407 0.903856 -1.147161 0.579758 0.662139 -0.605183 0.784189
0.000000 0.000000 0.000000 0.000000 0.000000 0.000000 0.617144 -1.079898 0.017163 0.613844 0.421317 -0.022105 -0.021742 0.308705 0.083748 -0.276640 -0.066915 -0.043219 -0.276640 -0.066915 -0.043219 0.292324 -0.772589 -0.358065 0.408450 -2.232602 -0.154663 -0.342127 -2.695575 -0.344496 -0.342127 -2.695575 -0.344496 0.941270 -0.804094 -0.049707 1.298571 -0.956957 -0.279768 1.615086 -1.324623 -0.343436 0.867374 -1.294946 0.481938 0.162670 0.344981 0.908240 -1.768008 0.648769 1.890400 2.414858 0.128924 1.268689 2.068446 0.260999 1.815565 2.638661 0.129904 1.823387 0.925815 -1.153899 0.590162 0.665340 -0.586285 0.808694
0.000000 0.000000 0.000000 0.000000 0.000000 0.000000 0.610295 -1.080598 0.046626 0.626407 0.405266 -0.024972 -0.007681 0.306934 0.090430 -0.316062 -0.092644 -0.084292 -0.316062 -0.092644 -0.084292 0.315393 -0.791145 -0.377419 0.422190 -2.245874 -0.199867 -0.329291 -2.712520 -0.461461 -0.329291 -2.712520 -0.461461 0.918169 -0.817138 -0.072832 1.282861 -1.008609 -0.281908 1.627241 -1.267635 -0.325026 0.839640 -1.301181 0.500111 0.151304 0.304944 0.894498 -1.755999 0.650219 1.883139 2.506169 0.193803 1.283353 2.106136 0.310942 1.924523 2.629359 -0.155780 1.894352 0.900458 -1.127062 0.583856 0.638346 -0.542051 0.801323
0.000000 0.000000 0.000000 0.000000 0.000000 0.000000 0.624829 -1.075439 0.033858 0.667672 0.408775 -0.015980 0.032237 0.300138 0.087574 -0.275354 -0.052713 -0.099224 -0.275354 -0.052713 -0.099224 0.327225 -0.805396 -0.364062 0.426230 -2.263358 -0.197877 -0.337990 -2.745187 -0.492293 -0.337990 -2.745187 -0.492293 0.924256 -0.804111 -0.078057 1.280225 -1.000154 -0.294739 1.619787 -1.239529 -0.346590 0.852536 -1.337031 0.512871 0.131835 0.300824 0.909601 -1.785378 0.623292 1.855709 2.605519 0.370930 1.248577 2.147431 0.468285 2.045889 2.828582 0.359071 1.708323 0.941828 -1.132496 0.606260 0.708286 -0.633333 0.806721
0.000000 0.000000 0.000000 0.000000 0.000000 0.000000 0.633074 -1.071223 0.029163 0.673289 0.409895 -0.012777 0.035088 0.306500 0.078108 -0.292349 -0.072498 -0.063402 -0.292349 -0.072498 -0.063402 0.372182 -0.830110 -0.364074 0.431010 -2.274789 -0.193718 -0.361272 -2.705602 -0.418729 -0.361272 -2.705602 -0.418729 0.946680 -0.814038 -0.080449 1.313720 -1.022044 -0.285777 1.674285 -1.202411 -0.338654 0.859424 -1.337976 0.562309 0.085731 0.320027 0.944794 -1.858924 0.610123 1.835942 2.721897 0.486438 1.360135 2.318293 0.507212 2.099622 2.687683 -0.025238 1.777680 0.969570 -1.166515 0.612843 0.709290 -0.627582 0.833532
0.000000 0.000000 0.000000 0.000000 0.000000 0.000000 0.585535 -1.040660 0.032528 0.692084 0.392950 -0.023845 0.057480 0.302877 0.087916 -0.288601 -0.068927 -0.065786 -0.288601 -0.068927 -0.065786 0.387383 -0.826490 -0.354450 0.472898 -2.297834 -0.155327 -0.336307 -2.785479 -0.393578 -0.336307 -2.785479 -0.393578 0.903528 -0.831331 -0.081179 1.253650 -0.993758 -0.303963 1.537704 -1.175088 -0.380517 0.820759 -1.365591 0.529123 0.073373 0.335923 0.897045 -1.775204 0.775998 1.891852 2.681338 0.709380 1.038887 2.216014 0.804142 2.098526 2.777793 -0.197933 2.047293 0.948894 -1.116218 0.617116 0.757369 -0.709293 0.786615
0.000000 0.000000 0.000000 0.000000 0.000000 0.000000 0.606866 -1.040941 0.024510 0.715054 0.404050 -0.025965 0.078135 0.299069 0.072744 -0.262510 -0.067020 -0.059833 -0.262510 -0.067020 -0.059833 0.417912 -0.833619 -0.364025 0.475427 -2.306809 -0.188838 -0.352717 -2.770859 -0.441135 -0.352717 -2.770859 -0.441135 0.926985 -0.846795 -0.092720 1.282482 -1.017046 -0.315346 1.609834 -1.198805 -0.346868 0.850341 -1.383996 0.555178 0.057200 0.333933 0.931318 -1.833206 0.818657 1.821491 2.787334 0.733259 1.214516 2.310114 0.733441 2.228043 2.792552 -0.053345 2.157028 0.948214 -1.116949 0.619813 0.743204 -0.683854 0.798547
0.000000 0.000000 0.000000 0.000000 0.000000 0.000000 0.613127 -1.041274 0.021444 0.705609 0.390226 -0.020183 0.068077 0.308556 0.077609 -0.272538 -0.076217 -0.034383 -0.272538 -0.076217 -0.034383 0.434875 -0.839351 -0.367219 0.492274 -2.316724 -0.182097 -0.311751 -2.773011 -0.424205 -0.311751 -2.773011 -0.424205 0.929298 -0.855995 -0.108032 1.284877 -1.033444 -0.321695 1.640944 -1.202157 -0.336271 0.884786 -1.393392 0.565783 0.062911 0.324668 0.960808 -1.860841 0.820221 1.798086 2.824191 0.792347 1.264648 2.327864 0.754456 2.311911 2.861974 0.068352 2.187085 1.021819 -1.099804 0.623287 0.791226 -0.633445 0.834983
0.000000 0.000000 0.000000 0.000000 0.000000 0.000000 0.609186 -1.032931 0.017193 0.700851 0.371187 0.003631 0.058079 0.315971 0.067921 -0.280726 -0.073740 0.006535 -0.280726 -0.073740 0.006535 0.465885 -0.864754 -0.351128 0.501654 -2.313910 -0.233413 -0.356369 -2.792521 -0.431930 -0.356369 -2.792521 -0.431930 0.919603 -0.843617 -0.118802 1.268336 -1.019316 -0.337026 1.615514 -1.203253 -0.374122 0.895390 -1.399281 0.574373 0.061530 0.316217 0.972091 -1.965314 0.869815 1.737348 2.856302 0.835916 1.259319 2.346506 0.773150 2.356477 2.839481 0.261949 2.084567 1.043277 -1.119708 0.590541 0.764035 -0.547429 0.851455
0.000000 0.000000 0.000000 0.000000 0.000000 0.000000 0.613319 -1.002511 0.010429 0.741165 0.369250 -0.004280 0.098725 0.304904 0.060093 -0.253359 -0.073205 0.022727 -0.253359 -0.073205 0.022727 0.495834 -0.866413 -0.343796 0.498372 -2.297856 -0.294578 -0.399743 -2.792368 -0.497277 -0.399743 -2.792368 -0.497277 0.935504 -0.860711 -0.124719 1.288897 -1.032583 -0.332662 1.627697 -1.179211 -0.384382 0.933859 -1.416779 0.555238 0.085718 0.311724 0.988158 -1.856449 0.906173 1.695481 2.918185 1.020519 1.201236 2.398505 0.894309 2.456016 3.007308 0.203167 2.173398 1.095337 -1.102364 0.654336 0.793829 -0.543472 0.924304
0.000000 0.000000 0.000000 0.000000 0.000000 0.000000 0.616496 -0.993922 -0.001969 0.752302 0.372180 -0.008125 0.109664 0.302490 0.053120 -0.255079 -0.058563 0.018372 -0.255079 -0.058563 0.018372 0.507610 -0.885195 -0.356748 0.502189 -2.299490 -0.300506 -0.382087 -2.791499 -0.505858 -0.382087 -2.791499 -0.505858 0.939684 -0.828596 -0.120476 1.293808 -1.026064 -0.335235 1.650657 -1.208525 -0.376022 0.940949 -1.436015 0.561929 0.073986 0.308960 0.994891 -1.873587 0.912773 1.641332 2.918208 1.030810 1.330577 2.399796 0.882007 2.507267 2.839476 0.451989 2.361116 1.079229 -1.096282 0.655641 0.778698 -0.534743 0.921337
0.000000 0.000000 0.000000 0.000000 0.000000 0.000000 0.606633 -0.961112 -0.013129 0.753960 0.365873 -0.013423 0.112877 0.306816 0.063112 -0.274143 -0.068533 0.033858 -0.274143 -0.068533 0.033858 0.527273 -0.876205 -0.370126 0.526467 -2.311475 -0.263115 -0.345361 -2.819422 -0.386608 -0.345361 -2.819422 -0.386608 0.938831 -0.854239 -0.121208 1.282661 -1.056600 -0.323283 1.645117 -1.209734 -0.381494 0.981236 -1.470423 0.571413 0.076624 0.282029 1.024079 -1.932734 0.854357 1.598036 2.897669 0.979427 1.396473 2.359684 0.836326 2.531188 2.796809 0.307761 2.347986 1.079667 -1.094589 0.646528 0.781958 -0.532464 0.913325
0.000000 0.000000 0.000000 0.000000 0.000000 0.000000 0.607105 -0.949659 -0.003045 0.776233 0.357230 -0.020523 0.136225 0.297642 0.062755 -0.268496 -0.056104 0.058996 -0.268496 -0.056104 0.058996 0.552608 -0.877558 -0.373432 0.516021 -2.299770 -0.305969 -0.346162 -2.791936 -0.517507 -0.346162 -2.791936 -0.517507 0.950078 -0.866542 -0.106901 1.260857 -1.050200 -0.332870 1.611728 -1.221719 -0.348965 0.992932 -1.486442 0.547902 0.102397 0.262370 1.017681 -1.906813 0.840685 1.602471 2.851072 0.950227 1.411968 2.295031 0.832959 2.533972 2.792209 0.261388 2.263079 1.091879 -1.090281 0.644765 0.793985 -0.529981 0.915407
0.000000 0.000000 0.000000 0.000000 0.000000 0.000000 0.610782 -0.940890 0.008736 0.818254 0.345476 -0.027967 0.177439 0.294910 0.049766 -0.235741 -0.058601 0.088214 -0.235741 -0.058601 0.088214 0.592582 -0.903532 -0.386266 0.570742 -2.292856 -0.279216 -0.266794 -2.823584 -0.456593 -0.266794 -2.823584 -0.456593 0.963817 -0.897511 -0.091265 1.295220 -1.073104 -0.308196 1.640079 -1.203463 -0.350274 1.024899 -1.497353 0.591131 0.090963 0.227601 1.059320 -1.885472 0.809452 1.624118 2.870268 0.889231 1.482686 2.308752 0.755574 2.554094 2.595663 0.375714 2.368549 1.134844 -1.086162 0.660218 0.828427 -0.532578 0.942242
0.000000 0.000000 0.000000 0.000000 0.000000 0.000000 0.653656 -0.979615 0.024560 0.828405 0.338153 -0.026327 0.187042 0.299219 0.049436 -0.243499 -0.055779 0.091272 -0.243499 -0.055779 0.091272 0.630363 -0.922693 -0.376440 0.593460 -2.313460 -0.276873 -0.225202 -2.828645 -0.469870 -0.225202 -2.828645 -0.469870 0.973915 -0.868202 -0.067288 1.271166 -1.054940 -0.293865 1.625523 -1.174360 -0.344485 1.027381 -1.543024 0.571198 0.083775 0.224739 1.045952 -1.853351 0.788999 1.589272 2.909457 1.009452 1.371429 2.292444 0.833622 2.641030 2.625450 0.570071 2.590222 1.126685 -1.098409 0.657974 0.821476 -0.544131 0.936910
0.000000 0.000000 0.000000 0.000000 0.000000 0.000000 0.645174 -0.946224 -0.003397 0.864189 0.351846 -0.032963 0.224468 0.276677 0.046771 -0.217678 -0.043528 0.082716 -0.217678 -0.043528 0.082716 0.625883 -0.908202 -0.390021 0.586667 -2.301518 -0.315544 -0.197662 -2.779142 -0.556215 -0.197662 -2.779142 -0.556215 1.005162 -0.887155 -0.057500 1.306500 -1.065051 -0.289453 1.673136 -1.209462 -0.397456 1.073599 -1.574079 0.551055 0.099988 0.219262 1.066320 -1.849510 0.727314 1.595570 2.903008 0.949714 1.396904 2.208038 0.764351 2.712613 2.663383 0.706337 2.737652 1.083359 -1.104281 0.646235 0.833668 -0.629748 0.877808
0.000000 0.000000 0.000000 0.000000 0.000000 0.000000 0.646893 -0.905622 -0.051093 0.890571 0.376622 -0.043066 0.252834 0.274244 0.047312 -0.203281 -0.048401 0.068116 -0.203281 -0.048401 0.068116 0.612258 -0.908488 -0.407859 0.549572 -2.288155 -0.457901 -0.259638 -2.644806 -0.741571 -0.259638 -2.644806 -0.741571 1.009701 -0.861144 -0.066645 1.317773 -1.050089 -0.292772 1.663950 -1.235781 -0.401740 1.119162 -1.604954 0.550606 0.097244 0.214242 1.095743 -1.824370 0.714129 1.576845 2.836735 0.756215 1.441586 2.091305 0.635667 2.675836 2.359542 0.231185 2.665033 1.066160 -1.088450 0.601777 0.841497 -0.631586 0.823746
0.000000 0.000000 0.000000 0.000000 0.000000 0.000000 0.645660 -0.873358 -0.033915 0.867852 0.363530 -0.028550 0.227062 0.275680 0.043458 -0.216611 -0.073417 0.106458 -0.216611 -0.073417 0.106458 0.630359 -0.908381 -0.396249 0.609616 -2.289522 -0.436571 -0.102937 -2.707105 -0.708070 -0.102937 -2.707105 -0.708070 1.013431 -0.888409 -0.084022 1.322121 -1.073097 -0.248533 1.636745 -1.259717 -0.455748 1.116830 -1.617883 0.565903 0.091222 0.188877 1.097445 -1.775877 0.828988 1.501993 2.935565 0.818076 1.240807 2.050520 0.627611 2.798811 2.394134 0.227845 2.819608 1.012810 -1.115725 0.521295 0.757751 -0.535426 0.780160
0.000000 0.000000 0.000000 0.000000 0.000000 0.000000 0.656419 -0.853919 -0.047315 0.884874 0.368570 -0.042983 0.245663 0.281808 0.042357 -0.205113 -0.072464 0.107548 -0.205113 -0.072464 0.107548 0.645529 -0.904163 -0.430957 0.610771 -2.284365 -0.414979 -0.100861 -2.737932 -0.680262 -0.100861 -2.737932 -0.680262 1.025693 -0.855733 -0.069375 1.362063 -1.057534 -0.247936 1.671870 -1.305766 -0.440553 1.130653 -1.627152 0.542347 0.110825 0.186119 1.095592 -1.755799 0.854008 1.492880 2.824680 0.635668 1.472246 2.010801 0.525295 2.701500 2.386334 0.015973 2.540488 1.027159 -1.104230 0.515344 0.773978 -0.527242 0.778819
0.000000 0.000000 0.000000 0.000000 0.000000 0.000000 0.645064 -0.845438 0.002407 0.897292 0.342105 -0.033307 0.257303 0.275215 0.046158 -0.202670 -0.068681 0.092102 -0.202670 -0.068681 0.092102 0.678489 -0.913812 -0.428521 0.567898 -2.232434 -0.571531 -0.230748 -2.589955 -0.879680 -0.230748 -2.589955 -0.879680 1.011710 -0.903680 -0.098455 1.383694 -1.067397 -0.200271 1.678585 -1.249767 -0.401071 1.113104 -1.637996 0.579361 0.097896 0.137617 1.094761 -1.722060 0.881822 1.467648 2.823316 0.586646 1.478534 1.966844 0.477689 2.722198 2.311896 -0.295462 2.305113 1.060218 -1.086139 0.535992 0.799571 -0.516661 0.807181
0.000000 0.000000 0.000000 0.000000 0.000000 0.000000 0.696061 -0.798514 -0.043898 0.935092 0.363464 -0.052461 0.298525 0.274499 0.045190 -0.187355 -0.084216 0.074756 -0.187355 -0.084216 0.074756 0.721498 -0.917493 -0.430380 0.613187 -2.213945 -0.610728 -0.254999 -2.632981 -0.875640 -0.254999 -2.632981 -0.875640 1.062011 -0.924086 -0.109599 1.429008 -1.081333 -0.154471 1.691172 -1.248620 -0.372433 1.117633 -1.641670 0.555274 0.120902 0.131366 1.085903 -1.688805 0.934118 1.510596 2.855404 0.532840 1.486906 1.899644 0.393780 2.796908 2.128432 -0.319357 2.424527 1.139843 -1.065356 0.541346 0.870277 -0.504639 0.837282
0.000000 0.000000 0.000000 0.000000 0.000000 0.000000 0.653934 -0.770008 -0.032750 0.898511 0.354306 -0.053698 0.262383 0.275337 0.047675 -0.212936 -0.082881 0.095074 -0.212936 -0.082881 0.095074 0.702202 -0.924521 -0.459966 0.580767 -2.165655 -0.678843 -0.293328 -2.535203 -0.917639 -0.293328 -2.535203 -0.917639 1.029199 -0.933271 -0.118188 1.400805 -1.070048 -0.154149 1.701551 -1.224763 -0.356654 1.144190 -1.662590 0.545836 0.141602 0.101001 1.095810 -1.665582 0.923345 1.497607 2.855232 0.529334 1.506735 1.883727 0.382443 2.816897 2.163698 -0.353882 2.394970 1.201064 -1.073971 0.621577 0.900765 -0.526538 0.927536
0.000000 0.000000 0.000000 0.000000 0.000000 0.000000 0.657560 -0.775188 0.036383 0.925018 0.324949 -0.058526 0.289340 0.271376 0.049152 -0.162626 -0.076552 0.098978 -0.162626 -0.076552 0.098978 0.775764 -0.956484 -0.443043 0.676866 -2.197491 -0.621017 -0.152626 -2.579305 -0.871404 -0.152626 -2.579305 -0.871404 1.019178 -0.937750 -0.147961 1.382487 -1.052295 -0.165873 1.673710 -1.167559 -0.321490 1.135104 -1.672669 0.531914 0.173345 0.052981 1.077045 -1.624010 0.880939 1.488598 2.947445 0.719175 1.362230 1.899679 0.478113 2.935992 2.666976 0.230039 2.755940 1.217731 -1.104652 0.610295 0.917479 -0.558339 0.920793
0.000000 0.000000 0.000000 0.000000 0.000000 0.000000 0.653932 -0.735686 0.019003 0.913915 0.345492 -0.058411 0.278746 0.272466 0.049628 -0.177742 -0.079172 0.103339 -0.177742 -0.079172 0.103339 0.781992 -0.938944 -0.447904 0.664759 -2.191522 -0.661690 -0.162125 -2.544709 -0.941172 -0.162125 -2.544709 -0.941172 1.020759 -0.918440 -0.151224 1.389180 -1.042262 -0.181783 1.693590 -1.196102 -0.314883 1.168019 -1.677686 0.554482 0.143866 0.080521 1.113550 -1.678926 0.900916 1.465644 2.851036 0.589031 1.479652 1.863585 0.438292 2.842414 2.649322 0.123088 2.640118 1.107742 -1.120477 0.629597 0.836694 -0.605858 0.885977
0.000000 0.000000 0.000000 0.000000 0.000000 0.000000 0.613737 -0.670406 -0.031543 0.923092 0.356779 -0.085276 0.296946 0.251013 0.056000 -0.151405 -0.047763 0.089893 -0.151405 -0.047763 0.089893 0.784854 -0.917650 -0.498456 0.627074 -2.129749 -0.714251 -0.280010 -2.480871 -0.980518 -0.280010 -2.480871 -0.980518 0.985519 -0.870614 -0.125992 1.356962 -1.022577 -0.235755 1.707226 -1.254754 -0.443342 1.185912 -1.709593 0.500223 0.171687 0.083240 1.098566 -1.617382 0.931570 1.432837 2.884835 0.418708 1.455497 1.794931 0.271778 2.844106 2.503294 0.103376 2.437364 0.979420 -1.151042 0.477251 0.745047 -0.576981 0.724308
0.000000 0.000000 0.000000 0.000000 0.000000 0.000000 0.569577 -0.682273 0.018848 0.894651 0.316445 -0.073308 0.265897 0.264417 0.067170 -0.178774 -0.080081 0.060547 -0.178774 -0.080081 0.060547 0.814925 -0.924710 -0.504069 0.668461 -2.143342 -0.658097 -0.148913 -2.462484 -0.961392 -0.148913 -2.462484 -0.961392 0.940723 -0.918957 -0.171620 1.310295 -1.030072 -0.261232 1.678501 -1.216167 -0.384207 1.206962 -1.753704 0.464259 0.234552 -0.008760 1.082804 -1.524873 0.872273 1.355666 2.858670 0.455389 1.490593 1.800873 0.313645 2.844446 2.520739 -0.061703 2.347279 1.056041 -1.103170 0.511087 0.802075 -0.530657 0.783085
0.000000 0.000000 0.000000 0.000000 0.000000 0.000000 0.591606 -0.700447 0.004886 0.923815 0.312894 -0.073047 0.291793 0.264342 0.053464 -0.145476 -0.098849 0.060664 -0.145476 -0.098849 0.060664 0.843570 -0.909086 -0.499245 0.667701 -2.101230 -0.714584 -0.243516 -2.397886 -1.046242 -0.243516 -2.397886 -1.046242 0.960861 -0.927426 -0.166425 1.331436 -1.043152 -0.272213 1.697568 -1.226125 -0.392430 1.205014 -1.738750 0.455912 0.226025 0.031099 1.083673 -1.548283 0.905128 1.357789 2.833364 0.333399 1.526565 1.782449 0.223470 2.797132 2.599561 -0.209486 2.040340 1.022385 -1.100609 0.547362 0.760674 -0.526232 0.805998
0.000000 0.000000 0.000000 0.000000 0.000000 0.000000 0.590109 -0.679252 -0.026510 0.939137 0.324701 -0.070711 0.308452 0.253191 0.056382 -0.131954 -0.089020 0.064703 -0.131954 -0.089020 0.064703 0.859802 -0.894448 -0.492653 0.711839 -2.122950 -0.672845 -0.196646 -2.436396 -0.976544 -0.196646 -2.436396 -0.976544 0.958695 -0.922794 -0.176578 1.328224 -1.034108 -0.282025 1.695175 -1.206652 -0.401276 1.175271 -1.733100 0.489863 0.188711 0.040936 1.079422 -1.577831 0.933408 1.326608 2.880284 0.310200 1.452949 1.776363 0.188909 2.804560 2.498168 -0.257868 2.136299 1.008297 -1.105768 0.548144 0.778685 -0.594675 0.777429
0.000000 0.000000 0.000000 0.000000 0.000000 0.000000 0.652575 -0.612444 -0.017321 0.975897 0.331460 -0.067359 0.343419 0.263133 0.052517 -0.097819 -0.080915 0.060874 -0.097819 -0.080915 0.060874 0.880457 -0.910459 -0.506419 0.726663 -2.115981 -0.650524 -0.126726 -2.383658 -0.981833 -0.126726 -2.383658 -0.981833 1.020023 -0.909161 -0.134775 1.374554 -1.036966 -0.352843 1.671726 -1.253882 -0.447035 1.209828 -1.815176 0.449027 0.203832 0.000382 1.074324 -1.600068 0.889380 1.214201 2.832886 0.230502 1.428900 1.652852 0.163901 2.797219 2.421709 -0.361793 2.163834 0.868195 -1.136762 0.415180 0.659871 -0.538769 0.639121
0.000000 0.000000 0.000000 0.000000 0.000000 0.000000 0.592443 -0.626385 -0.060595 0.971557 0.325257 -0.073226 0.340024 0.242776 0.047454 -0.111848 -0.082469 0.095762 -0.111848 -0.082469 0.095762 0.862521 -0.892536 -0.527539 0.733883 -2.067662 -0.707630 -0.135881 -2.281161 -1.071639 -0.135881 -2.281161 -1.071639 0.959214 -0.938762 -0.162405 1.322054 -1.020365 -0.281678 1.667969 -1.215956 -0.374800 1.262025 -1.780949 0.487736 0.207969 -0.004318 1.131567 -1.612812 0.876089 1.150869 2.877711 0.352508 1.433163 1.706537 0.223508 2.859327 2.461458 -0.170119 2.160714 0.900008 -1.119013 0.452658 0.677958 -0.526077 0.683143
0.000000 0.000000 0.000000 0.000000 0.000000 0.000000 0.540564 -0.644192 -0.045292 0.947981 0.300788 -0.080410 0.329972 0.244586 0.051542 -0.094548 -0.079616 0.104787 -0.094548 -0.079616 0.104787 0.872917 -0.877549 -0.535390 0.759637 -2.054677 -0.709305 -0.148876 -2.279908 -1.087734 -0.148876 -2.279908 -1.087734 0.908076 -0.937147 -0.159191 1.268565 -1.028789 -0.302631 1.632528 -1.179781 -0.430340 1.199862 -1.807765 0.483290 0.183195 -0.007496 1.082044 -1.604497 0.914397 1.132643 2.956371 0.410612 1.286312 1.735058 0.242261 2.886943 2.486815 -0.140939 2.178930 0.982872 -1.048815 0.493049 0.743420 -0.466496 0.747493
0.000000 0.000000 0.000000 0.000000 0.000000 0.000000 0.597259 -0.678513 -0.000396 0.950086 0.283744 -0.076318 0.315051 0.256825 0.044159 -0.085304 -0.087115 0.120629 -0.085304 -0.087115 0.120629 0.907831 -0.908760 -0.553924 0.806521 -2.054882 -0.658810 -0.085157 -2.303350 -1.095519 -0.085157 -2.303350 -1.095519 0.956444 -0.901249 -0.180196 1.312500 -0.990551 -0.322943 1.636582 -1.239355 -0.421248 1.228192 -1.801507 0.393486 0.267683 -0.011233 1.062409 -1.529455 0.905550 1.129164 2.885870 0.200212 1.271370 1.567865 0.145500 2.823355 2.346564 -0.450294 2.271647 1.043331 -1.006190 0.549772 0.782470 -0.433367 0.819285
0.000000 0.000000 0.000000 0.000000 0.000000 0.000000 0.610799 -0.689528 -0.079616 0.961151 0.292560 -0.070258 0.330811 0.229431 0.057683 -0.090373 -0.049402 0.106742 -0.090373 -0.049402 0.106742 0.910860 -0.885863 -0.560164 0.838879 -2.047133 -0.620344 -0.029881 -2.303673 -1.064227 -0.029881 -2.303673 -1.064227 0.971002 -0.924723 -0.210939 1.330679 -0.954140 -0.310888 1.612597 -1.174754 -0.361676 1.257621 -1.804064 0.412752 0.256929 -0.010823 1.092448 -1.571105 0.882677 1.113372 2.884618 0.166637 1.157854 1.518743 0.160737 2.798042 2.075814 -0.332293 2.460718 0.899102 -1.111402 0.564391 0.643965 -0.525824 0.783801
0.000000 0.000000 0.000000 0.000000 0.000000 0.000000 0.623493 -0.720587 -0.069551 0.978842 0.277106 -0.067493 0.345380 0.244515 0.052629 -0.100280 -0.050623 0.060863 -0.100280 -0.050623 0.060863 0.907548 -0.887959 -0.573809 0.852002 -2.020451 -0.624353 -0.018845 -2.231686 -1.090076 -0.018845 -2.231686 -1.090076 0.968496 -0.872782 -0.255388 1.327717 -0.960027 -0.313429 1.585226 -1.161151 -0.326236 1.162109 -1.779657 0.448477 0.223651 -0.015888 1.040551 -1.596347 0.909117 1.111879 2.876857 0.157319 1.164118 1.534548 0.159165 2.779414 2.164731 -0.462390 2.380001 0.817502 -1.145387 0.531328 0.579083 -0.550207 0.728053
